term,category,title,summary,content,source,url,pubDate
수요,국내,"KB국민은행, 중진공 손잡고 생산적금융 6조원 지원…중소기업 자금 부담...","KB국민은행은 중진공과의 협력을 기반으로 지역 단위 금융 수요에도 대응할 계획이다. 지역 중소기업에 대한 자금 공급을 확대해 균형 발전에 기여한다는 방침이지만, 지역별 수요 편차와 지원 접근성 문제가 변수로...","2026.04.12 (일) [서울타임즈뉴스 = 최남주 기자] KB금융그룹 양종희號(호)가 중소기업 자금 지원에 나선다. KB국민은행(회장 양종희)이 중소벤처기업진흥공단과 함께 13일부터 6조원 규모의 ‘중진공 정책자금 이용기업 우대 프로그램’을 운영한다. 이번 프로그램은 중소기업의 자금 조달 부담을 완화하고 생산적금융 공급을 확대하기 위한 것으로, 양 기관이 체결한 업무협약에 따른 후속 조치다. 지원 대상은 중진공 정책자금을 이용하는 기업으로, KB국민은행은 해당 기업에 대해 금리 우대 혜택을 제공한다. 아울러 협약보증 대상 기업에는 보증비율 100% 적용과 보증료 감면이 이뤄지며, 일부 기업에는 최대 2%포인트 수준의 보증료 지원이 제공된다. 금융권에서는 이러한 금리·보증 연계 지원이 중소기업의 초기 자금 부담을 낮추는 데 일정 부분 기여할 수 있을 것으로 보고 있다. 이번 프로그램은 중동 지역 정세 불안 등 대외 변수로 물류비 상승과 계약 지연을 겪는 기업의 유동성 부담을 완화하기 위한 대응 성격도 포함하고 있다. 다만 실제 지원 효과는 대상 기업 범위와 자금 집행 속도에 따라 달라질 수 있어 정책 체감도는 향후 운영 과정에서 가늠될 것으로 보인다. KB국민은행은 중진공과의 협력을 기반으로 지역 단위 금융 수요에도 대응할 계획이다. 지역 중소기업에 대한 자금 공급을 확대해 균형 발전에 기여한다는 방침이지만, 지역별 수요 편차와 지원 접근성 문제가 변수로 작용할 수 있다는 지적도 나온다. 한편 KB금융그룹은 금융 지원과 함께 산업안전 분야 지원도 병행하고 있다. 양 기관은 ‘중소기업 산업안전 구축 지원사업’을 통해 안전기술을 보유한 공급기업 50개사를 선정하고 총 33억원을 지원한다. 선정 기업은 화재, 충돌, 추락 등 주요 산업재해 예방 기술을 기반으로 작업환경 개선과 안전 교육, 컨설팅 등을 수행하게 된다. 이번 사업에는 성과 기반 지원 방식이 적용된다. 안전 개선 효과와 현장 적용 성과를 기준으로 후속 지원이 이뤄지는 구조로, 실질적인 사고 예방 성과를 유도하는 데 목적이 있다. 다만 중소기업 현장의 안전 투자 여력이 제한적인 점을 고려할 때, 단기 지원에 그치지 않고 지속적인 관리와 후속 지원 체계가 필요하다는 의견도 제기된다. 금융권에서는 생산적금융과 산업안전 지원을 결합한 이번 모델이 중소기업 지원 방식의 확장 사례로 볼 수 있다고 평가하면서도, 정책 효과가 현장 전반으로 확산될 수 있을지는 추가적인 운영 성과를 통해 확인될 필요가 있다는 분석을 내놓고 있다. Copyright @서울타임즈뉴스 Corp. All rights reserved. (주)퍼스트경제 / 이메일 box@seoultimes.news / 제호 : 서울타임즈뉴스 / 서울 아53129 등록일 : 2020-6-16 / 발행·편집인 서연옥 / 편집국장 최남주 주소 : 서울시 강동구 고덕로 266 1407호 (고덕역 대명밸리온) 대표전화 : (02) 428-3393 / 팩스번호 : (02) 428-3394. Copyright @서울타임즈뉴스 Corp. All rights reserved. UPDATE: 2026년 04월 12일 13시 18분",seoultimes.news,https://www.seoultimes.news/news/article.html?no=2000095062,"Sun, 12 Apr 2026 13:18:00 +0900"
수요,국내,"KB국민은행, 중진공과 '중동發 피해기업'에 6조 생산적금융 지원","뿐만 아니라, 지역 중소벤처기업의 추가 금융 수요 발생 시, 양 기관의 지역 단위 협업을 통해 지역 균형 발전에 기여할 예정이다. KB국민은행 관계자는 ""이번 생산적금융 우대 프로그램이 중동 사태로 인해 피해를 입은...",AP경제 전체 금융 Markets IT·전자 Autos·Battery Aerospace·Defense 건설·부동산 게임·엔터 제약·바이오 유통·생활경제 에너지 산업·재계 정책·거버넌스 ESG경영 AP광고평론 전체 AP Award 일반기업 광고평론 금융·증권 광고평론 공기업·기타 광고평론 AD·PR·MEDIA 전체 스타마케팅 AD동향 PR동향 미디어동향 OTT미디어 해외광고 엔터 & 문화 전체 K-culture AP스페셜 전체 Opinion Audience Insight MZ세대의 눈 전체 MZ경제의 눈 전체기사 닫기,apnews.kr,https://www.apnews.kr/news/articleView.html?idxno=3047745,"Sun, 12 Apr 2026 13:16:00 +0900"
공급,국내,"한국은행 ""반도체 호황 적어도 내년 상반기까지 지속""","한은은 AI 산업 기대가 높은 현 단계에서는 이란 전쟁이 반도체 경기에 미치는 영향에 제한적일 것이라며, 유가 상승, 금리 상승 등에도 데이터센터 건설 계획을 미룬다든가 메모리 공급을 늦추는 움직임은 포착되지 않고...","세계적인 반도체 경기 확장세가 적어도 내년 상반기까지 계속될 것이라고 한국은행이 전망했습니다. 한은은 오늘(12일) 발표한 보고서에서 과거 반도체 확장기보다 수급 불균형이 더 크고 지속 기간도 더 길어지는 모습이라며 이같이 내다봤습니다. 한은은 다만, 인공지능 인프라 투자 확대에 힘입은 전례 없는 확장세의 지속 기간이 매우 유동적일 것이라고도 분석했습니다. 반도체 경기 하락 전환 시점에 영향을 줄 변수로는 AI 투자의 수익성, 빅테크의 지속적인 자금 확보 여부, AI 모델의 기술 효율성 진전 양상, 메모리 생산업체의 증설 속도 등을 꼽았습니다. 한은은 시장 관심이 실제 수익화 가능성으로 점차 옮겨갈 것으로 예상되는 내년 이후로는 AI 인프라 투자를 작년과 올해 같은 속도로 확대하기는 어려울 것으로 예상했습니다. 한은은 AI 산업 기대가 높은 현 단계에서는 이란 전쟁이 반도체 경기에 미치는 영향에 제한적일 것이라며, 유가 상승, 금리 상승 등에도 데이터센터 건설 계획을 미룬다든가 메모리 공급을 늦추는 움직임은 포착되지 않고 있다고 언급했습니다. ※ '당신의 제보가 뉴스가 됩니다' [카카오톡] YTN 검색해 채널 추가 [전화] 02-398-8585 [메일] social@ytn.co.kr",n.news.naver.com,https://n.news.naver.com/mnews/article/052/0002339642?sid=101,"Sun, 12 Apr 2026 13:26:00 +0900"
공급,국내,"[에너지전환2050] 서부발전, 석탄 걷어내고 재생에너지로 가속",이 단지는 공기업이 생산한 풍력 전력을 기업에 직접 공급하는 RE100 전력거래(PPA) 모델이 구현됐다는 점에서도 의미가 크다. 재생에너지 공급을 단순 판매가 아니라 수출기업의 탄소 대응 수요와 연결한 것이다....,"이전 기사보기 다음 기사보기 [에너지전환2050] 서부발전, 석탄 걷어내고 재생에너지로 가속 바로가기 복사하기 본문 글씨 줄이기 본문 글씨 키우기 스크롤 이동 상태바 기획연재 [에너지전환2050] 서부발전, 석탄 걷어내고 재생에너지로 가속 기자명 노태하 기자 입력 2026.04.12 13:23 댓글 0 다른 공유 찾기 바로가기 본문 글씨 키우기 본문 글씨 줄이기 이 기사를 공유합니다 페이스북(으)로 기사보내기 트위터(으)로 기사보내기 카카오스토리(으)로 기사보내기 카카오톡(으)로 기사보내기 네이버밴드(으)로 기사보내기 네이버블로그(으)로 기사보내기 핀터레스트(으)로 기사보내기 URL복사(으)로 기사보내기 닫기 풍력·태양광 확대·지역 상생 결합···태안 중심 구조 개편 추진 RE100·산단 자립·AI 접목···수익 기반·운영 경쟁력 동시 강화 한국서부발전 충남 태안 본사 전경. [사진=한국서부발전] [이뉴스투데이 노태하 기자] 한국서부발전이 재생에너지 확대를 축으로 사업 구조 전환에 본격 나서고 있다. 단순히 발전원을 바꾸는 데 그치지 않고 지역 상생, 산업단지 에너지 자립, 인공지능(AI) 기반 운영 고도화까지 아우르는 방식으로 보폭을 넓히는 모습이다. 정부의 탈석탄·탄소중립 기조가 강화되면서 기존 화석연료 기반 성장 모델에서 벗어나 풍력과 태양광, 해상풍력 중심의 중장기 성장 전략을 구체화하고 있는 것이다. 12일 업계에 따르면 서부발전은 2040년까지 전체 발전량의 40% 이상을 신재생에너지로 채우겠다는 ‘RE4040’ 전략을 추진 중이다. 2030년 재생에너지 설비용량 3.9GW, 2040년 13.5GW 확보 목표도 세웠다. 이는 석탄화력이 중심이던 사업 포트폴리오를 재생에너지 중심으로 재편하겠다는 선언에 가깝다. 특히 서부발전 발전량의 58%를 담당하는 석탄발전소가 충남 태안에 집중돼 있다는 점에서 구조 전환은 단순한 경영 전략이 아니라 지역 경제와 고용, 주민 수용성 문제까지 함께 풀어야 하는 과제로 받아들여진다. 서부발전은 이같은 구조 개편의 해법으로 태안권역 중심의 지역 상생형 재생에너지 사업을 확대하고 있다. 대표 사례가 풍력과 태양광이다. 지난해 12월 준공한 대구 군위군 풍백 육상풍력 발전단지는 75MW 규모로, 5MW급 터빈 15기가 들어섰다. 서부발전은 지분 투자와 운영·유지관리 기술자문을 맡아 사업 완성도를 높였다. 이 단지는 공기업이 생산한 풍력 전력을 기업에 직접 공급하는 RE100 전력거래(PPA) 모델이 구현됐다는 점에서도 의미가 크다. 재생에너지 공급을 단순 판매가 아니라 수출기업의 탄소 대응 수요와 연결한 것이다. 태양광 사업에서도 서부발전은 차별화된 모델을 내놓고 있다. 지난해 9월 충남 태안 원북면에 준공한 ‘햇들원 태양광 발전소’는 총사업비 897억원을 투입해 염해농지 약 21만평 부지에 60MW 규모로 조성됐다. 염도가 높아 농업 생산성이 떨어지는 토지를 발전 부지로 전환해 국토 이용 효율을 높였고, 연간 8만1468MWh의 전력을 생산할 수 있다. 약 3만8000톤의 이산화탄소 감축 효과도 기대된다. 해상풍력 확대도 서부발전 구조 전환의 핵심 축이다. 서부발전은 태안 해상풍력, 서해 해상풍력, 가의 해상풍력 등 1.4GW 규모 사업을 추진 중이며, 태양광과 육상풍력을 포함해 총 2.2GW 규모의 신규 사업이 진행되고 있다. 최근 태안권 해상풍력 발전사업이 집적화단지로 지정된 것도 사업 추진의 분수령으로 꼽힌다. 서부발전은 태안군과 협력해 주민 의견 수렴, 민관협의회 운영, 지역 상생 방안 마련에 나서고 있으며, 기존 발전 인프라와 항만 연계를 활용해 사업 효율을 높인다는 전략이다. 석탄발전 폐지에 따른 충격을 재생에너지 대단지 조성과 지역 환원으로 흡수하겠다는 구상이다. 산업단지를 겨냥한 에너지 자립 모델도 추진 중이다. 서부발전은 김포시와 협력해 산업단지 에너지 효율화·통합 플랫폼 구축 사업에 착수했다. 산단 내 건물 지붕을 활용한 태양광 설비를 설치하고 공장에너지관리시스템(FEMS)과 생산관리시스템(MES), AI 분석을 연계해 전력 사용을 최적화하는 방식이다. 업계 관계자는 “공공주도 풍력사업, 이익공유형 태양광, RE100 직접 PPA, 산업단지 자립 모델까지 이어지는 일련의 시도는 서부발전이 발전공기업의 역할을 ‘전력 생산’에서 ‘에너지 생태계 구축’으로 확장하고 있음을 보여준다”고 말했다. 노태하 기자 nth@enewstoday.co.kr 다른기사 보기 ※ 여러분의 제보가 뉴스가 됩니다. 각종 비리와 부당대우, 사건사고와 미담, 소비자 고발 등 모든 얘깃거리를 알려주세요 이메일 : webmaster@enewstoday.co.kr 카카오톡 : @이뉴스투데이 저작권자 ? 이뉴스투데이 무단전재 및 재배포 금지 공유 이메일 기사저장 이 시각 추천뉴스 현대차그룹 정의선의 ‘신의 한수’···땅값 4배 뛴 GBC 베팅 ‘진짜 승자’ 됐다 삼성 이어 SK까지···美 ITC ‘반도체 선전포고’, K반도체 셧다운 위기 “500km 명함도 못 낸다”···獨 800km 맹폭에 ‘구형’ 전락한 현대차 E-GMP 고흥군수 출마자, 3억 정치자금 의혹 수사···지역정가 '발칵' AI 전쟁, ‘연결’이 승부처···엔비디아, 마벨 끌어안고 생태계 울타리 구축 시민단체, '고흥군 100억대 수의계약 논란' 경찰에 고발 발사체보다 '데이터'···우주산업의 돈줄이 바뀐다 현대차그룹 정의선의 ‘신의 한수’···땅값 4배 뛴 GBC 베팅 ‘진짜 승자’ 됐다 개의 댓글 작성자 비밀번호 댓글 내용입력 0 / 400 등록 댓글 정렬 최신순 추천순 답글순 BEST댓글 BEST 댓글 답글과 추천수를 합산하여 자동으로 노출됩니다. 닫기 더보기 댓글삭제 삭제한 댓글은 다시 복구할 수 없습니다. 그래도 삭제하시겠습니까? 비밀번호 삭제 닫기 댓글수정 댓글 수정은 작성 후 1분내에만 가능합니다. 본문 / 400 비밀번호 수정 닫기 내 댓글 모음 닫기 주요기사 [에너지전환2050] 서부발전, 석탄 걷어내고 재생에너지로 가속 괴산 첫 여성 부군수 이수현, 취임 100일···‘발품·섬세’ 행정 빛났다 ‘왕사남’ 열풍 타고…단종·정순왕후 ‘꽃’으로 이은 500년의 그리움 증평군, 매니페스토 공약이행 평가 ‘최고 등급 SA’ 획득···8관왕 달성 정선군, 2억 들여 고한·사북공영터미널 택시승강장 정비 한-방글라데시 CEPA 3차 협상 개시",enewstoday.co.kr,http://www.enewstoday.co.kr/news/articleView.html?idxno=2417714,"Sun, 12 Apr 2026 13:23:00 +0900"
균형가격,국내,“1년 만에 89만원 올랐다”…노트북·스마트폰 ‘가격 쇼크’에 소비자...,낸드플래시 등 저장장치 가격도 공급 부족으로 80%나 올랐다. 인공지능(AI) 서버 수요가 급증하면서 반도체 제조사들이 고대역폭메모리(HBM)와 고용량 메모리 생산에 집중한 영향이다. 이로 인해 범용 메모리 공급이...,"메모리 반도체 가격 급등 영향에 LG·삼성, 노트북·태블릿 가격 인상 2027년까지 수급 불안 지속 전망도 중동 전쟁 여파로 국제유가가 급등하면서 공업제품 물가가 2년 5개월 만에 최대 상승폭을 기록한 가운데 6일 오후 서울 용산구 선인상가 컴퓨터 매장에 노트북이 진열돼 있다. 뉴시스 국내 주요 제조사들이 노트북과 스마트폰 가격 인상에 나서면서 ‘칩플레이션(Chipflation)’ 우려가 현실화되고 있다. 메모리 반도체 수급 불균형으로 부품 가격이 급등하자 그 여파가 소비자 가격 인상으로 전이되는 모습이다. 12일 업계에 따르면, LG전자와 삼성전자는 최근 주요 노트북과 태블릿 PC 제품군의 가격을 잇달아 상향 조정했다. LG전자는 지난 1일부터 노트북 그램의 일부 모델 가격을 약 40만원 인상했다. 앞서 지난 1월 신제품 출시 당시에도 전년 모델 대비 30~50만원의 가격 상승이 있었던 점을 감안하면 불과 3개월 사이 두 차례나 가격이 뛴 셈이다. 2026년형 그램 16인치는 1월 출시 당시 314만원이었지만, 이달 들어 354만원으로 13% 올랐다. 지난해 유사 사양 모델이 265만원이었던 것과 비교하면 1년 만에 실구매가가 89만원이나 폭등했다. 삼성전자는 지난 7일부터 갤럭시북6 시리즈 가격을 사양에 따라 최소 17만원에서 최대 90만원까지 인상했다. 고성능 모델인 갤럭시북6 울트라는 최대 90만원, 보급형 라인인 갤럭시북6와 갤럭시북6 프로역시 각각 최대 88만원, 68만원씩 가격이 올랐다. 태블릿 PC인 갤럭시탭 S11 울트라 등도 최대 15만원가량 상승했다. 스마트폰 가격도 비슷한 흐름을 보이고 있다. 삼성전자는 차기 플래그십 모델인 갤럭시S26 시리즈의 출고가를 전작 대비 최대 29만5900원 인상했다. 특히 최고 사양인 울트라 16GB·1TB 모델의 가격은 254만5400원으로 책정됐다. 기존 구형 모델의 고용량 라인업인 갤럭시 S25 엣지와 갤럭시 Z 폴드7·플립7 가격은 10~20만원가량 올랐다. 중동 전쟁 여파로 국제유가가 급등하면서 공업제품 물가가 2년 5개월 만에 최대 상승폭을 기록한 가운데 6일 오후 서울 용산구 선인상가 컴퓨터 매장이 한산한 모습을 보이고 있다. 뉴시스 이 같은 IT 기기 가격 인상 흐름은 메모리 반도체 가격 급등 때문이라는 분석이 나온다. 시장조사업체 트렌드포스에 따르면 올해 1분기 D램 가격은 2025년 4분기 대비 최대 90% 이상 상승했다. 낸드플래시 등 저장장치 가격도 공급 부족으로 80%나 올랐다. 인공지능(AI) 서버 수요가 급증하면서 반도체 제조사들이 고대역폭메모리(HBM)와 고용량 메모리 생산에 집중한 영향이다. 이로 인해 범용 메모리 공급이 상대적으로 줄며 부품 가격 상승으로 이어졌다. 전문가들은 칩플레이션 현상이 단기간에 해소되기는 어려울 것으로 보고 있다. 카운터포인트리서치는 “급격한 부품 인플레이션으로 인해 2027년까지 시장 침체가 이어질 수 있다”며 “신규 생산 설비가 안정화되는 2027년 말에나 수급 정상화가 가능할 것”이라고 전망했다. 가격 상승은 결국 수요 감소로 이어질 가능성이 크다. 중장기적으로 IT 기기 시장 전반이 위축될 우려도 제기된다. 기기 가격이 천정부지로 치솟자 정부는 지난 9일 ‘민생물가 특별관리 관계장관 TF’ 회의를 열고 디지털 양극화 해소 방안을 논의했다. 정부는 공공기관에서 사용기한이 지난 불용 PC 중 상태가 양호한 제품을 선별해 취약계층 지원에 활용할 계획이다. 아울러 저소득층 학생 대상 PC·노트북 구매 지원도 확대해 가격 상승에 따른 디지털 접근 격차를 완화한다는 방침이다.",n.news.naver.com,https://n.news.naver.com/mnews/article/022/0004120134?sid=105,"Sun, 12 Apr 2026 12:41:00 +0900"
균형가격,주식,"SK하이닉스, 영업익 40조원 근접 전망? | 1분기 실적 기대치 급상승…이...","여기에 북미 클라우드 업체들의 AI 서버 투자가 확대되면서 기업용 SSD 수요가 증가했고, 낸드플래시... 가격 결정권이 공급자 쪽으로 넘어갔다는 신호로 해석된다. 이 같은 이익률은 파운드리 1위인 TSMC를 웃도는...","12일 업계에 따르면 SK하이닉스가 오는 23일 2026년 1분기 실적을 공개한다.

 

삼성전자가 1분기 57조원 영업이익을 기록하면서 SK하이닉스 실적 전망도 빠르게 상향 중이다. 시장은 1분기 영업이익이 40조원 안팎에 이를 가능성을 제기한다. 수익성 역시 크게 개선될 전망이다. 영업이익률은 60% 후반에서 최대 70% 수준까지 거론된다.

 

금융정보업체 와이즈리포트가 지난 10일 집계한 추정치에 따르면 SK하이닉스의 1분기 영업이익은 34조5381억원이다. 직전 분기 19조1696억원과 비교하면 두 배에 가까운 수준이다. 지난해 하반기부터 이어진 메모리 상승 사이클이 본격화됐다는 평가가 나온다.



증권가에서는 추가 상향 가능성도 열어두고 있다. 영업이익이 40조원에 근접하거나 이를 넘어설 수 있다는 전망도 나온다.



실적 개선을 이끈 요인은 복합적이다. 우선 범용 D램 가격이 급등했다. 시장조사업체 트렌드포스에 따르면 올해 1분기 범용 D램 계약가격은 전 분기 대비 최대 90% 이상 오른 것으로 추정된다. 



고대역폭메모리(HBM) 판매도 꾸준히 늘었다. 여기에 북미 클라우드 업체들의 AI 서버 투자가 확대되면서 기업용 SSD 수요가 증가했고, 낸드플래시 가격도 덩달아 뛰었다.



이번 실적의 특징은 HBM 외 범용 D램의 기여도가 대폭 늘었다는 점이다. 이달 초 사상 최대인 57조원의 영업이익을 기록한 삼성전자도 메모리 가격 호조를 최대 수혜 요인으로 꼽았다.



영업이익률 전망도 주목된다. 업계에서는 1분기 영업이익률이 60% 후반에서 최대 70%를 넘길 수 있다고 본다. 제조업에서는 이례적인 수준이다. 가격 결정권이 공급자 쪽으로 넘어갔다는 신호로 해석된다.



이 같은 이익률은 파운드리 1위인 TSMC를 웃도는 수치다. SK하이닉스는 지난해 4분기에도 이미 TSMC를 앞섰는데, 1분기에는 그 격차가 더 벌어질 수 있다는 관측이 나온다.



연간 전망도 밝다. 일부에서는 연간 영업이익이 250조원에 달할 것이라는 분석도 제기된다. 글로벌 빅테크 기업과 견줄 수 있는 수준이다.",monthly.chosun.com,http://monthly.chosun.com/client/mdaily/daily_view.asp?idx=24130&Newsnumb=20260424130,"Sun, 12 Apr 2026 12:16:00 +0900"
시장,국내,지역상권 소비촉진 '동행축제' 한달 일정 돌입…200개 유통업체 참여,com 한성숙 중소벤처기업부 장관(앞줄 오른쪽)이 '동행축제' 개막 첫날인 11일 전북 전주시 전주남부시장에서 청년몰을 둘러보고 있다. [사진=중기부] 지역·골목상권에 활력을 불어넣기 위한 올해 첫 '동행축제'가 한...,"국내 대표 소비촉진 행사…내달 10일까지 열려 네이버·컬리·공영홈쇼핑·한살림생협 등 참여 지역축제 연계 행사도…""가치있는 소비 촉진"" 한성숙 중소벤처기업부 장관(앞줄 오른쪽)이 '동행축제' 개막 첫날인 11일 전북 전주시 전주남부시장에서 청년몰을 둘러보고 있다. [사진=중기부] 지역·골목상권에 활력을 불어넣기 위한 올해 첫 '동행축제'가 한 달간의 일정에 돌입했다. 4월 동행축제에는 200개 온오프라인 유통 업체와 3만곳이 넘는 중소기업·소상공인이 참여한다. 12일 중소벤처기업부는 전날 전북 전주실내체육관에서 4월 동행축제의 시작을 알리는 개막식을 열었다고 밝혔다. 이번 행사는 다음 달 10일까지 30일간 전국에서 동시에 열린다. 동행축제는 중기부가 내수 활성화와 소상공인 매출 증진을 위해 2020년 시작한 국내 대표 소비촉진 캠페인이다. 매년 봄(4∼5월)과 가을(9∼10월), 12월에 열린다. 이번 동행축제는 중동전쟁에 따른 소비심리 하락에 선제 대응하고, 민생경제 회복을 뒷받침하기 위해 마련했다. 200개 온오프라인 유통 채널과 중소기업·소상공인 3만3000여곳이 참여한다. 네이버·카카오·지마켓·컬리 등 93개 온라인 플랫폼에서는 소상공인 제품 할인전을 연다. 할인 품목은 K-뷰티·패션·식품 등 1만8000여개다. 네이버는 3대 1의 경쟁 끝에 선정된 동행축제 대표 300개 제품을 소개하는 '동행 300 기획전'을 운영하며, 최대 70% 할인 혜택을 제공한다. 관련기사 ""김민석 총리, '동행축제' 개막 선언""…소비 회복 기대감 강조 9월 동행축제 역대 최대 규모로 열려...내수 회복 노린다 공영홈쇼핑·홈앤쇼핑도 동행축제에 참여한다. 7년째 동행축제에 동참하는 공영홈쇼핑은 1000여개 중소기업?소상공인의 판로 지원 행사를 연다. 중동전쟁에 따른 고유가 피해기업 지원 특별전도 진행한다. 지역과 연계한 오프라인 행사도 풍성하다. 내외국인의 지역 방문·소비 촉진을 위해 대전 유성온천문화축제·대구 수제버거페스티벌·전남 청산도슬로걷기축제 등 전국 50개 지역축제와 연계해 우수 소상공인 판매전 등을 연다. 중기부는 의류환경협의체와 손잡고 4만7000여개 의류 제품을 최대 90% 할인하는 대규모 할인전도 마련했다. 두 차례에 걸쳐 경기 이천도자기축제와 한국중소벤처기업유통원이 운영하는 행복한백화점에서 열리며, 행사 수익금은 취약계층 일자리 자립에 쓰인다. 한살림생협이 운영하는 전국 230개 지점에서도 다양한 할인 행사를 진행한다. 한성숙 중기부 장관은 ""중동전쟁에 따른 고유가와 물가 상승 압력 등 경영 어려움을 겪는 소상공인들에게 이번 동행축제가 큰 힘이 되길 바란다""며 ""대중교통으로 가까운 지역축제와 동네상권을 찾아 '가치 있는 소비'를 하는 데 국민 모두가 동참해 주시 바란다""고 말했다. [그래픽=중소벤처기업부] #공영홈쇼핑 #네이버 #중기부 #동행축제 #컬리 좋아요 0 나빠요 0 조현미 기자 hmcho@ajunews.com [조현미의 잇템] 향으로 편안한 하루 마무리…셀바티코 '퍼퓸 핸드&바디워시' 중기부, 전쟁추경 1조6903억 확정…수출중기에 4622억 지원 기자의 다른기사 ?'5개국어 글로벌 경제신문' 아주경제. 무단전재·재배포 금지",ajunews.com,https://www.ajunews.com/view/20260411181013746,"Sun, 12 Apr 2026 13:28:00 +0900"
시장,국내,"신상진 성남시장 ""시민의 생명과 안전 어떤 정책보다 우선돼야""","com [사진=신상진 성남시장] 신상진 경기 성남시장이 12일 “시민의 생명과 안전은 어떤 정책보다 우선돼야 한다""고 거듭 강조했다. 이날 신 시장은 ""노후 교량의 잠재적 위험요인을 사전에 차단하고 시민 안전을 강화하기...","노후 캔틸레버 교량 구조 전면 개선 본격 착수 단순 보수 넘어 구조 개선 중심 근본 대책 추진 단계별 교량 정비로 안전관리 체계 강화 [사진=신상진 성남시장] 신상진 경기 성남시장이 12일 “시민의 생명과 안전은 어떤 정책보다 우선돼야 한다""고 거듭 강조했다. 이날 신 시장은 ""노후 교량의 잠재적 위험요인을 사전에 차단하고 시민 안전을 강화하기 위해 캔틸레버 형식 교량 6개소에 대한 구조 전면 개선에 착수한다""면서 이 같은 입장을 내비쳤다. 사고 이후 대응을 넘어 위험을 선제적으로 제거하는 예방 중심 안전 정책의 일환으로 보여진다. 관련기사 신상진 성남시장 ""공공예식장 확대로 결혼 부담 낮추고 의미 더할 것"" 이번 결정은 2023년 정자교 사고 이후 실시된 전수조사에서 이상이 없던 수내동 탄천 황새울보도교에서 최근 중대 결함이 추가로 확인됨에 따라 내려졌다. 신 시장은 즉각 보행로 일부를 통제한 후 잭서포트 설치 등 긴급 조치를 시행했고, 정밀안전진단을 거쳐 교량 통행을 전면 금지하고 보수 작업에 돌입했다. [사진=성남시] 특히, 신 시장은 단순 보수 수준을 넘어 구조적 한계를 개선하는 근본 대책에 초점을 맞췄다. 캔틸레버 구조 자체를 개선해 장기적인 안전성을 확보하겠다는 것이다. 황새울보도교는 돌출부 일부를 절단하는 방식으로, 나머지 교량은 교각 지지 보강을 통해 구조를 개선할 예정이다. 신 시장은 이미 정자교 사고 이후 캔틸레버 교량 전반에 대한 정비를 지속해 왔으며, 현재까지 대부분 교량의 구조 개선을 마친 상태다. 따라서 이번 사업은 남은 교량까지 포함해 안전 관리 사각지대를 해소하는 마무리 단계로 추진될 예정이다. [사진=성남시] 이와 함께 기존 안전진단 과정의 적정성 여부를 재점검하고, 문제가 확인될 경우 책임 있는 조치도 병행할 방침이다. 한편 신상진 시장은 ""이번 교량 구조 개선은 단순한 보수가 아닌, 위험요인을 원천적으로 제거하기 위한 선제적 투자""라며, ""앞으로도 작은 징후도 놓치지 않는 철저한 점검과 과감한 개선을 통해 시민이안심할 수 있는 안전 도시 성남을 만들겠다""고 덧붙였다. #구조 개선 #노후 교량 #캔틸레버 좋아요 0 나빠요 0 ?'5개국어 글로벌 경제신문' 아주경제. 무단전재·재배포 금지",ajunews.com,https://www.ajunews.com/view/20260412130349937,"Sun, 12 Apr 2026 13:28:00 +0900"
기회비용,국제,"전쟁발 금리 충격 속 '나홀로 안정'…중국 국채, 피난처인가 착시인가",여기에 달러 강세까지 더해지면서 금 보유의 기회비용도 높아졌다. 반면 같은 기간 중국 10년 만기 국채 수익률은 1.81~1.84% 범위에서 제한적인 움직임을 보이며 대조적인 흐름을 보였다. 금과 미국 국채마저 약세를...,"[선데이 모닝 인사이트] [편집자주] 트럼프 2기 출범, AI의 발달, 기후변화 등 글로벌 사회의 불확실성이 커졌습니다. 는 매주 일요일 오전, 깊이 있는 시각과 예리한 분석으로 불확실성 커진 세상을 헤쳐나갈 지혜를 전달합니다. (페어퍼드 로이터=뉴스1) 이정환 기자 = 이란 전쟁의 2주간 휴전이 발표된 후인 8일(현지시간) 영국 글로스터셔주 페어퍼드 공군기지에 주기된 B-1B 랜서 군용기 뒤로 태양이 떠오르고 있다. 2026.04.08. ⓒ 로이터=뉴스1 Copyright (C) 뉴스1. All rights reserved. 무단 전재 및 재배포, AI학습 이용 금지. /사진=(페어퍼드 로이터=뉴스1) 이정환 기자 미국의 이란 공습이 촉발한 고유가 충격이 각국의 인플레이션 우려로 번지며 금융시장을 흔들고 있지만, 중국 국채 금리는 주요국 대비 상대적으로 안정적인 흐름을 보이고 있다. 글로벌 채권시장이 전쟁과 유가 급등을 반영해 가격을 재조정하는 동안 중국 국채 수익률은 비교적 평온한 움직임을 이어가자, 일각에서는 중국 국채가 자산시장의 새로운 안전자산이 될 수 있다는 분석도 나온다. 글로벌 경제지표 플랫폼인 트레이딩 이코노믹스에 따르면 미국의 이란 공습이 시작된 2025년 2월 28일부터 4월 2일 사이 미국 10년 만기 국채 수익률은 3.96%에서 4.34%로 38bp(1bp=0.01%포인트) 올랐다. 같은 기간 일본 국채는 2.06%에서 2.39%로 33bp 올랐고, 영국 국채는 4.18%에서 4.88%로 70bp 급등했다. 국채 수익률 급등은 채권 가격의 큰 폭 하락을 의미한다. 시장이 더 높은 위험 프리미엄을 요구하고, 시중 금리 상승으로 이어져 기업과 가계의 이자 부담을 가중시킬 수 있다는 신호다. 안전자산으로 꼽히는 금값마저 하락한 점은 이번 충격의 성격을 보여주는 대목이다. 공습 이후 금 가격은 온스당 2750달러에서 2365달러로 약 14% 하락했다. 일각에서는 금값이 과매수 상태였고, 전 세계 금리 인상에 따라 조정 국면에 들어섰다는 분석도 나온다. 시장은 미국-이란 전쟁을 단순한 지정학적 리스크보다 인플레이션과 금리 리스크로 더 강하게 해석한 것으로 풀이된다. 유가가 오르면 중앙은행은 높은 금리 기조를 더 오래 유지할 수 있고, 실질금리 상승은 금의 매력을 떨어뜨린다. 여기에 달러 강세까지 더해지면서 금 보유의 기회비용도 높아졌다. 반면 같은 기간 중국 10년 만기 국채 수익률은 1.81~1.84% 범위에서 제한적인 움직임을 보이며 대조적인 흐름을 보였다. 금과 미국 국채마저 약세를 보이는 동안 중국 국채가 상대적 대안으로 부상했다는 평가가 나오는 이유다. 다만 중국 국채의 안정성은 정부 주도의 정책 관리에 기반한 측면이 큰 만큼, 글로벌 안전자산으로서의 검증은 아직 충분하지 않다는 지적도 함께 제기된다. 는 중국 국채가 재평가받는 배경과 그 원인, 그리고 남아 있는 리스크를 짚어봤다. ━ 이란 전쟁 한 달...왜 중국 국채만 움직이지 않았나 ━ 영국 파이낸셜타임스(FT)는 중국의 에너지 구조를 핵심 배경 중 하나로 꼽는다. 이번 전쟁이 금융시장을 흔든 가장 직접적인 경로는 유가였다. 국제유가 급등이 주요국의 물가와 금리 전망을 자극했고, 이는 미국 등 선진국 채권시장 전반의 매도세로 이어졌다. 중국인민은행 반면 중국은 석탄·가스·수력·원자력·신재생을 함께 사용하는 다변화된 에너지 구조 덕분에 유가 급등의 충격을 일부 완충할 수 있다는 평가를 받는다. 세계적인 에너지 소비국임에도 경제 전체가 석유 단일 연료에 과도하게 의존하는 구조는 아니라는 것이다. 중국 국가통계국이 지난 2월 발표한 '2025년 국가 경제 및 사회 발전 통계'에 따르면 1차 에너지 소비 비중은 석탄 51.4%, 천연가스·수력·원자력·풍력·태양광 30.4%, 석유 등 기타 18.2%로 집계됐다. 석탄 중심 구조가 여전히 유지되고 있지만, 신재생 비중이 확대되면서 유가 급등의 충격을 일부 흡수할 수 있는 체질을 갖춰가고 있다는 의미다. 전략적 비축유도 일종의 완충 장치로 거론된다. 로이터통신에 따르면 중국의 육상 비축유는 올해 1월 기준 12억 600만 배럴로, 2025년 기준 순원유 수입량으로 환산하면 약 104일치에 해당한다. 여기에 이란산·베네수엘라산 원유 약 2억 배럴이 유조선과 해상 저장시설에 추가로 머물고 있을 가능성도 전문가들은 보고 있다. 바클레이즈의 아시아 외환전략 책임자인 미툴 코테차는 이런 점을 들어 ""중국은 에너지 충격의 영향을 상대적으로 덜 받으며, 경제의 출발점 자체가 다르다""고 평가했다. (로이터=뉴스1) = 호르무즈 해협이 봉쇄된 가운데, 12일(현지시간) 오만 무스카트의 술탄 카부스 항에 칼리스토 유조선이 닻을 내리고 정박해 있다. ⓒ로이터=뉴스1 Copyright (C) 뉴스1. All rights reserved. 무단 전재 및 재배포, AI학습 이용 금지. /사진=(로이터=뉴스1) 중국의 원유 조달선 다변화도 같은 맥락에서 주목된다. 중국 해관총서(GAC)가 공개한 2025년 원유 수입 구조를 보면 러시아 18%, 사우디아라비아 14%, 말레이시아 11%, 이라크 11%, 브라질 8%, 아랍에미리트 7% 순이다. 이란은 공식 통계에서 빠져 있는데, GAC가 2022년 이후 이란산 원유 수입을 별도로 집계하지 않고 있기 때문이다. 콜럼비아대 글로벌에너지정책연구소는 유조선 추적 자료를 분석해 상당량의 이란산 원유가 말레이시아산으로 우회 수출됐을 가능성을 제기했다. 말레이시아의 원유 생산량이 하루 53만 배럴 수준인 데 반해, 중국의 말레이시아산 원유 수입량은 하루 130만 배럴에 이르기 때문이다. 말레이시아 해역은 선박 간 원유 환적이 활발한 지역으로 알려져 있다. 여기에 중국은 러시아산 원유와 천연가스를 상대적으로 낮은 가격에 조달해왔다. 러시아는 우크라이나 전쟁 이후 제재가 강화되면서 중국에 원유를 최대 8%가량 할인해 판매해온 것으로 전해진다. 러시아 가이다르 경제정책연구소가 지난 3월 발표한 '러시아 경제 전망 모니터링' 보고서에 따르면 러시아가 중국에 원유를 할인 판매하며 감수한 손실은 22억 달러에 달한다. 시장에서는 이러한 저가 에너지 공급이 중국의 물가 상승 압력을 상대적으로 낮추고, 결과적으로 중국 국채 금리의 안정성으로 이어지고 있다고 분석한다. ━ 낮은 물가와 완화 기대도 금리 안정의 배경 ━ (로이터=뉴스1) 정은지 특파원 = 시진핑 중국 국가주석을 비롯한 중국 지도부가 5일 베이징 인민대회당에서 열린 전국인민대표대회 개막식에 참석했다. ⓒ 로이터=뉴스1 Copyright (C) 뉴스1. All rights reserved. 무단 전재 및 재배포, AI학습 이용 금지. /사진=(로이터=뉴스1) 정은지 특파원 중국 국채의 안정적 흐름을 설명하는 두 번째 배경은 낮은 물가다. 중국의 저가 에너지 조달 구조는 2025년 2월 소비자물가지수(CPI) 상승률을 낮은 수준으로 유지하는 데 일정 부분 기여한 것으로 평가된다. 이는 중국 정부의 물가 목표치인 2%를 밑도는 수준으로, 서구권과 달리 완화적 통화정책을 이어갈 수 있는 여지를 제공한다. 미국과 유럽이 고유가를 계기로 물가 재상승과 긴축 장기화를 우려하는 동안, 중국은 완화 여지가 남아 있는 경제로 인식됐다. 주요국 중앙은행이 금리 인하를 미루거나 긴축 기조를 더 오래 유지할 것으로 시장이 예상하는 와중에도, 중국 인민은행은 상대적으로 완화적 정책을 유지할 수 있다는 것이다. 결국 같은 전쟁이 미국 국채에는 악재로, 중국 국채에는 중립적 혹은 완만한 호재로 작용한 셈이다. 중국 당국이 꾸준히 시장 안정 신호를 보내고 있다는 점도 영향을 미쳤다. 인민은행은 2025년 5월 정책금리를 1.40%로 인하했고, 2026년에도 추가 인하 가능성을 시사하며 완화 기조를 이어가고 있다. 또한 한동안 중단했던 국채 매입을 2025년 10월부터 재개하고, 5~10년 만기 국채를 중심으로 유동성을 관리해 왔다. 시장에서는 이를 장기금리 급등을 용인하지 않겠다는 정책 신호로 해석하고 있다. ━ 폐쇄적 시장 구조도 중국 국채를 떠받친다 ━ 세 번째 배경은 중국 특유의 시장 구조다. 중국 채권시장의 주요 매수 주체가 대부분 국내 투자자라는 점은 국채 가격의 안정적 흐름에 적지 않은 영향을 미쳤다. 자본 통제로 인해 가계와 기관이 해외로 자금을 자유롭게 이동시키기 어렵고, 부동산 침체와 증시 부진이 장기화하면서 대체 투자처도 마땅치 않은 상황이 이어졌기 때문이다. 결국 갈 곳을 잃은 국내 자금이 국채시장에 머물며 가격을 지지하는 구조가 형성됐다는 해석이 나온다. T. 로 프라이스의 채권 포트폴리오 매니저 빈센트 정은 ""중국 국채시장은 수요 기반이 갇힌 자본이기 때문에 외부 충격을 더 잘 흡수할 수 있다""고 말했다. 자본 통제가 중국 국채시장을 다른 채권시장과 상대적으로 분리된 구조로 만들고 있다는 것이다. 다만 이 같은 안정성을 다른 각도에서 보면, 중국 국채의 강점이 펀더멘털의 우월성이라기보다 외국인 참여 제한과 폐쇄적 거래 구조에서 비롯된 결과일 가능성도 있다. 가격이 안정적인 것이 아니라, 가격 조정 속도가 상대적으로 느린 것일 수 있다는 지적이다. 반면 이를 또 다른 형태의 안정성으로 보는 시각도 있다. BNP파리바의 웨이 리 중국 멀티애셋 투자 총괄은 ""인민은행은 중앙정부가 금리를 내리라고 하면 내린다. 반면 미국 연방준비제도(Fed·연준) 정책에는 불확실성이 많다. 새 연준 의장이 취임하면 정책이 계속될지 알 수 없다. 국채에 투자할 때 투자자들은 이런 불확실성을 좋아하지 않는다. 안정성을 원한다""고 말했다. ━ ""새로운 안전자산"" 판단은 아직 이르다 ━ (서울=뉴스1) 민경석 기자 = 도널드 트럼프 미국 대통령의 관세 정책 여파로 미국 주식과 국채, 달러가 동시에 투매되는 '셀 아메리카(Sell America)' 현상이 일어나며 기축통화인 달러에 대한 신뢰도가 떨어지고 있다. 25일 서울 중구 하나은행 위변조대응센터에서 직원이 100달러 지폐를 살펴보고 있다. 2025.4.25/뉴스1 Copyright (C) 뉴스1. All rights reserved. 무단 전재 및 재배포, AI학습 이용 금지. /사진=(서울=뉴스1) 민경석 기자 중국 국채가 미국 국채를 대체할 글로벌 안전자산으로 자리 잡았다고 보기는 아직 어렵다. 전문가들은 중국 국채가 전쟁이라는 특수한 지정학적 환경, 중국의 에너지 완충력, 폐쇄적 자본시장 구조가 맞물리며 일시적 안전자산으로 부각됐다고 보고 있다. 지금의 안정성이 구조적 강점이 아닌 특수한 조건의 산물인 만큼, 향후 내수 회복과 유가 상승의 전이 효과가 본격화할 경우 글로벌 투자자들은 중국 국채를 다시 평가해야 할 수 있다. 미국 국채는 개방성과 유동성, 기축통화 지위, 제도적 신뢰를 기반으로 안전자산으로 평가받아 왔다. 반면 중국 국채는 낮은 상관관계, 에너지 충격 완충력, 정책 개입, 국내 자금의 구조적 수요를 바탕으로 상대적 안정성을 보인다. 전 세계 자금이 몰리는 미국 국채가 '보편적 안전자산'이라면, 글로벌 자금 흐름과 일정 부분 분리돼 있는 중국 국채는 특수한 상황에서만 상대적 안전성을 발휘하는 자산에 가깝다. 외국인 자금 흐름은 이런 한계를 보여준다. 블룸버그에 따르면 2021년 말 약 4조위안에 달했던 외국인의 중국 채권 보유 잔액은 2022년 미·중 금리 역전 이후 6100억위안이 빠져나가며 감소세로 돌아섰다. 이후에도 부동산 위기, 경기 둔화 우려, 금리 차 축소 등의 영향으로 외국인 보유는 고점 대비 낮은 수준을 이어갔다. 중국 인민은행 자료에 따르면 올해 2월 기준 외국인의 중국 국채 보유량은 약 3조3000억위안으로, 고점 대비 약 17.5% 줄어든 수준이다. ━ 리플레이션·환율·정책 왜곡 가능성은 남는 변수 ━ 현재 주목받는 중국 국채의 강점은 동시에 미래 리스크가 될 수도 있다. 가장 큰 변수는 리플레이션이다. 2024년 양회가 개막된 가운데 베이징 인민대회당 내 대회의장 전경. 지금까지 중국 채권 강세의 배경에는 디플레이션 압력과 낮은 물가가 있었다. 그러나 최근에는 생산자물가가 바닥을 통과하고 있다는 관측도 나온다. 골드만삭스는 중국 수출물가 인플레이션이 0.7% 반등할 것으로 전망했는데, 이는 중국 국채의 매력을 약화시킬 수 있는 요인이다. ING의 수석 이코노미스트 린 송은 ""향후 10년간 약 4% 성장이 예상되는 경제에서 10년물 국채 수익률이 2% 미만인 것은 정상적이지 않다""며 ""디플레이션 거래는 이미 변곡점에 도달했을 가능성이 크다""고 진단했다. 고유가의 영향이 수요 부진을 압도하며 물가 상승으로 이어질 경우, 중국 채권시장이 기대해온 완화적 정책 환경도 흔들릴 수 있다. 환율 리스크도 무시할 수 없다. 중국 국채 금리가 안정적이더라도 위안화 가치가 크게 흔들리면 해외 투자자의 총수익률은 악화될 수 있다. 특히 미·중 금리 역전이 심화할 경우 환차손 부담은 더 커질 수 있다. 중국 인민은행의 제도적 성격도 변수다. 인민은행은 미국 연방준비제도(Fed)처럼 운영상 독립성이 강하게 제도화된 중앙은행과는 다소 다른 구조를 갖고 있다. 법적으로 일정한 독자성을 갖지만, 국무원 지도 아래 주요 통화정책을 집행하는 체제이기 때문이다. 이 경우 정책 신호가 시장금리에 더 직접적으로 반영될 수 있다. 그 결과 시장은 비교적 안정적으로 관리될 수 있지만, 반대로 금리가 펀더멘털보다 정책 의도를 더 많이 반영할 경우 가격발견 기능이 약해지고 위험 프리미엄이 과소평가될 가능성도 있다. IMF는 지난 2월 발표한 '중국과의 2025년 제4조 협의 보고서'에서 중국이 자본흐름 변동성 확대에 대응한 자본흐름관리조치(CFMs)를 여전히 유지하고 있다고 지적하며, 이를 점진적으로 축소해 나갈 필요가 있다고 조언했다. 결국 시장은 이란 전쟁 이후에도 중국 국채의 상대적 안정성이 이어질지, 그리고 그것이 펀더멘털의 힘인지 아니면 정책과 시장 구조가 만든 착시인지를 향후 중국의 경기 흐름과 금리 기조를 통해 검증하게 될 것이다.",n.news.naver.com,https://n.news.naver.com/mnews/article/008/0005342894?sid=104,"Sun, 12 Apr 2026 06:00:00 +0900"
기회비용,국제,[오늘의 금시세] 4월 10일 환율 상승·이란 변수 속 국내↑ 국제 혼조,"실제로 미국 10년물 국채 수익률은 4.279%로 전일 대비 0.012%p 하락해 금의 기회비용 부담을 완화했다. 다만 상승 탄력은 제한적인 모습이다. 트레이딩 이코노믹스에 따르면 금은 온스당 4,750달러 수준에서 소폭...",정치 사회 경제 국제 스포츠 로그인 2026-04-12 13:32 (일) 인터넷신문위원회 윤리강령을 준수합니다 가요 방송 영화 셀럽 HD포토 HD동영상 이슈 리부트 이슈종합 검색 기사검색 검색 전체메뉴 버튼 엔터테인먼트 가요 방송 영화 셀럽 문화/예술 HD포토 HD동영상 출근길 쇼케이스 시상식 인터뷰 현장리포트 이슈 단독 기획 무비포커스 리부트 이슈종합 TOP리뷰 TOP초점 TOP이슈 TOP주간이슈 씨네T 스타포커스 My Starot F레터 전체기사 여론조사 영웅신문 BTS News 1위 순위 차트 정치 경제 사회 국제 스포츠 라이프 콘텐츠 구매 문의 기사제보 정정·반론 모음 페이스북 트위터 네이버포스트 유튜브 네이버TV 인스타그램 마이크로소프트 모바일웹,topstarnews.net,https://www.topstarnews.net/news/articleView.html?idxno=16030696,"Fri, 10 Apr 2026 09:26:00 +0900"
국내총생산,국내,국가채무 1304조5000억원 역대 최대…GDP 대비 비율 49%로 급등,국내총생산(GDP) 대비 국가채무 비율이 가파른 상승세를 나타내고 있다. 중동 전쟁 등 대외 경제 불확실성이 커지는 가운데 성장률 둔화와 재정 부담 확대가 맞물리면서 국가 재정건전성 악화 우려가...,"국내총생산(GDP) 대비 국가채무 비율이 가파른 상승세를 나타내고 있다. 중동 전쟁 등 대외 경제 불확실성이 커지는 가운데 성장률 둔화와 재정 부담 확대가 맞물리면서 국가 재정건전성 악화 우려가 제기된다. 12일 2025 회계연도 국가결산보고서에 따르면, 지난해 국가채무(D1) 잠정치는 1304조5000억원으로 전년 결산보다 129조4000억원 증가했다. 국가데이터처 국가통계포털(KOSIS) 확인 결과, 지난해 국가채무 증가 폭은 현재의 기준으로 공식 집계를 공표하기 시작한 1997년 이후 가장 컸다. 연 단위 국가채무가 감소한 적이 없어 매년 최고치를 경신 중인 가운데 1년 새 100조원 이상 늘어난 해는 2020년(+123.4조원), 2021년(+124.1조원)과 지난해뿐이다. 지난해 채무 증가율은 약 11%로 2021년(14.7%) 이후 4년 만에 최고치를 기록했다. 국가채무는 정부의 직접적 상환 의무가 있는 확정채무로 최종치는 8월 이후 확정된다. 채무 총액 급증에 따라 GDP 대비 국가채무비율도 상승했다. 2024년 46.0%였던 국가채무비율은 지난해 49.0%로 3.0%포인트(p) 높아졌다. 이는 팬데믹 충격이 컸던 2020년(5.7%p) 이후 5년 만에 최대 상승 폭으로 알려졌다. 정부의 '지난해∼2029년 국가재정운용계획'에 따르면 국가채무는 ▲올해 1415조2000억원(51.6%) ▲2027년 1532조5000억원(53.8%) ▲2028년 1664조3000억원(56.2%) ▲2029년 1788조9000억원(58.0%)으로 늘어날 것으로 관측됐다. 향후 5년간 연평균 약 121조원씩 증가하는 것이다. 특히 2024년 당시 50.5%로 예상했던 2028년 채무비율 전망치를 1년 만에 56.2%로 5.7%p 올리는 등 재정 여건은 악화하는 추세이다. 주요 기관은 중동 전쟁 충격 등을 이유로 한국의 성장 전망치를 하향하고 있다. 경제협력개발기구(OECD)는 올해 한국의 성장률이 1.7%가 될 것이라며 기존 전망치를 0.4%p 낮췄다. 한국과 일본의 높은 중동 에너지 의존도가 생산 활동에 부담을 줄 것이라는 분석이다. 한국은행 금융통화위원회 역시 지난 10일 의결문에서 ""성장세가 당초 예상보다 둔화하면서 올해 성장률이 지난 2월 전망치(2.0%)를 밑돌 것으로 예상된다""고 밝혔다. 국제통화기금(IMF)은 한국의 일반정부부채(D2)가 2030년 GDP의 64.3%에 이를 것으로 내다봤다. 지난해 4월 전망(59.2%)보다 6개월 만에 5.1%p 상향한 수치로 분석됐다. 반면 IMF는 같은 기간 일본(231.7%→222.2%)과 독일(74.8%→73.6%)의 비율 전망치는 낮췄고 싱가포르(178.0%→178.7%)는 0.7%p 높였다. Copyright ? 2026 핀포인트뉴스. All rights reserved. 「열린보도원칙」 당 매체는 독자와 취재원 등 뉴스이용자의 권리 보장을 위해 반론이나 정정보도, 추후보도를 요청할 수 있는 창구를 열어두고 있음을 알려드립니다. 고충처리인 : 지선희 02-852-8445 thekpm@thekpm.com",pinpointnews.co.kr,https://www.pinpointnews.co.kr/news/articleView.html?idxno=444760,"Sun, 12 Apr 2026 13:22:00 +0900"
국내총생산,국내,"국가채무 1300조 돌파, 역대 최…GDP 대비 채무비율 49% 급등…재정 경고...",채무 규모 확대와 함께 국내총생산(GDP) 대비 비율도 큰 폭으로 상승하면서 재정 건전성에 대한 우려가 다시 부각되고 있다. 12일 공개된 '2025 회계연도 국가결산보고서'에 따르면 지난해 국가채무(D1)는...,"(ㅍㅍㅅㅅ 정성남 기자)국가채무가 사상 최대 증가폭을 기록하며 1300조 원을 넘어섰다. 채무 규모 확대와 함께 국내총생산(GDP) 대비 비율도 큰 폭으로 상승하면서 재정 건전성에 대한 우려가 다시 부각되고 있다. 12일 공개된 ‘2025 회계연도 국가결산보고서’에 따르면 지난해 국가채무(D1)는 1304조5000억 원(잠정)으로 전년 대비 129조4000억 원 증가했다. 이는 관련 통계가 현재 기준으로 집계되기 시작한 1997년 이후 가장 큰 증가 폭이다. 국가채무는 중앙정부 채무와 지방정부 순채무를 합산한 확정채무로, 정부가 직접 상환 책임을 지는 부채다. 연 단위 기준으로 단 한 차례도 감소한 적 없이 매년 최고치를 경신해왔으며, 지난해 역시 이러한 흐름을 이어갔다. 연간 증가액이 100조 원을 넘은 것은 2020년과 2021년에 이어 세 번째다. 채무비율 49%…5년 만에 최대 상승 채무 증가와 함께 재정 건전성의 핵심 지표인 GDP 대비 국가채무비율도 크게 상승했다. 국가채무비율은 2024년 46.0%에서 2025년 49.0%로 3.0%포인트 상승했다. 이는 코로나19 영향이 컸던 2020년 이후 가장 큰 상승 폭이다. 최근 몇 년간 상승 폭이 점차 줄어드는 흐름을 보였으나 다시 확대된 점이 특징이다. 2021년 2.6%포인트, 2022년 2.2%포인트, 2023년 0.9%포인트로 둔화되다가 2024년에는 소폭 하락한 뒤 지난해 반등했다. 중기 재정 계획에서도 국가채무 증가세는 이어질 것으로 예상된다. 정부가 국회에 제출한 ‘2025~2029년 국가재정운용계획’에 따르면 국가채무는 2026년 1415조2000억 원, 2027년 1532조5000억 원, 2028년 1664조3000억 원, 2029년 1788조9000억 원까지 늘어날 전망이다. 이를 기준으로 하면 향후 5년간 연평균 약 121조 원씩 국가채무가 증가하는 구조다. 이에 따라 국가채무비율도 2026년 51.6%, 2027년 53.8%, 2028년 56.2%, 2029년 58.0%로 상승할 것으로 제시됐다. 재정 지표 전망이 지속적으로 상향 조정되고 있는 점도 부담 요인이다. 정부는 과거 2028년 국가채무비율을 50% 수준으로 제시했으나, 이후 56.2%로 수정했다. 이는 재정 여건 변화에 따라 채무 증가 속도가 예상보다 빠르게 진행되고 있음을 보여준다. 경제 성장 흐름 역시 변수다. 주요 기관들은 최근 성장률 전망을 잇따라 낮추고 있다. 경제협력개발기구(OECD)는 올해 한국 성장률을 1.7%로 제시하며 기존 전망보다 하향 조정했다. 한국은행도 에너지 가격 상승과 공급 차질 영향으로 성장세가 당초 예상보다 둔화될 가능성을 언급했다. IMF “2030년 부채비율 64.3%”…관리 필요성 부각 국제통화기금(IMF)은 한국의 재정 지표가 중장기적으로 더 악화될 가능성을 제기하고 있다. IMF는 재정 점검 보고서를 통해 한국의 일반정부부채(D2)가 2030년 GDP 대비 64.3% 수준에 이를 것으로 전망했다. 이는 기존 전망보다 상향된 수치다. D2는 국가채무(D1)에 공공기관 부채 등을 포함한 지표로, 국제 비교와 국가신용 평가에서 활용된다. 해당 비율이 상승할 경우 국가 재정 신뢰도에 영향을 줄 수 있다는 점에서 관리 필요성이 커지고 있다. 국가채무 증가와 채무비율 상승이 동시에 진행되면서 재정 건전성은 중요한 정책 변수로 부상하고 있다. 채무 증가 속도와 경제 성장 흐름이 맞물리는 구조 속에서 재정 운용의 균형을 어떻게 유지할 것인지가 향후 핵심 과제로 떠오르고 있다. (ㅍㅍㅅㅅ / PPSS ) 정성남 기자 csn8013@naver.com",ppss.kr,https://www.ppss.kr/news/articleView.html?idxno=292507,"Sun, 12 Apr 2026 13:22:00 +0900"
인플레이션,국내,"산업연구원 ""재생에너지 확대 가로막는 다층적 제약 존재""","첫째, 화석연료 가격 상승은 재생에너지의 상대적 매력을 높이지만 동시에 인플레이션과 금리 인상으로 재생 프로젝트의 자본비용을 올려 투자 유인을 약화시킬 수 있다. 둘째, 재생에너지·전기화가 필수적으로...","이전 기사보기 다음 기사보기 산업연구원 ""재생에너지 확대 가로막는 다층적 제약 존재"" 바로가기 복사하기 본문 글씨 줄이기 본문 글씨 키우기 스크롤 이동 상태바 분석 산업연구원 ""재생에너지 확대 가로막는 다층적 제약 존재"" '중동 전쟁은 재생에너지 전환 가속할 것인가"" 보고서 발간 재생에너지 전환 필요성 전 세계적으로 부각시켰으나 단기적 충격만으로는 구조적 제약 해소는 어려워 전환을 실효성 있게 앞당기기 위해 세 가지 대응 방향 제시 기자명 장재진 기자 입력 2026.04.12 13:29 댓글 0 다른 공유 찾기 바로가기 본문 글씨 키우기 본문 글씨 줄이기 이 기사를 공유합니다 페이스북(으)로 기사보내기 트위터(으)로 기사보내기 카카오톡(으)로 기사보내기 네이버블로그(으)로 기사보내기 URL복사(으)로 기사보내기 닫기 [투데이에너지 장재진 기자] 2월 말 중동에서 촉발된 군사적 긴장은 호르무즈 해협 봉쇄 등으로 석유·가스 공급 차질을 유발하며 국제 에너지 시장의 불안을 증폭시켰다. 이에 따라 재생에너지 확대 필요성이 다시 주목받고 있다. 산업연구원(KIET)은 12일 '‘중동 전쟁은 재생에너지 전환을 가속할 것인가’라는 주제의 보고서에서 이번 중동 위기가 곧바로 재생에너지 전환의 가속으로 이어지기는 어렵다고 진단하고 구조적 제약을 분석, 실천 과제를 제시했다. 이 보고서는 중동 전쟁은 전 세계 에너지 시장의 불안정을 재확인시키며 재생에너지 전환의 필요성을 부각시켰다며, 그러나 단기적 충격이 곧바로 재생에너지 전환의 가속으로 이어지기에는 여러 구조적 제약이 존재한다고 분석했다. 지난 2월 28일 이후 일부 중동 지역의 군사 충돌은 주요 생산·수송 경로에 직접적 영향을 끼쳤고, 그 결과 국제 유가와 가스 가격이 급등하면서 각국의 에너지 안보 우려가 커졌다. 산업연구원은 이번 사태가 재생에너지 전환의 필요성을 전 세계적으로 부각시켰다고 평가하면서도, 단기적 충격만으로는 구조적 제약을 해소하기 어렵다고 지적했다. 출처 산업연구원 보고서는 재생에너지 확대를 가로막는 다층적 제약을 다음과 같이 정리했다. 첫째, 화석연료 가격 상승은 재생에너지의 상대적 매력을 높이지만 동시에 인플레이션과 금리 인상으로 재생 프로젝트의 자본비용을 올려 투자 유인을 약화시킬 수 있다. 둘째, 재생에너지·전기화가 필수적으로 요구하는 핵심광물(구리·리튬 등)의 공급병목은 단기간 해소가 어렵다. 신규 광산과 정제시설 확충은 수년에서 수십 년이 소요될 수 있으며, 정제·제련의 지역 집중도는 지정학적 리스크를 심화시킨다. 셋째, 재생에너지는 단순 설비 추가만으로 성과가 나오는 것이 아니라 전력망 확충·저장·백업 등 시스템 통합비용과 규제·인허가 개선 등 제도적 준비가 병행돼야 한다는 점이다. 보고서는 또 한편으로 이번 위기가 화석연료의 단기 대체 수요를 촉발해 석탄·가스 수요가 일시적으로 늘어날 가능성을 경고했다. 즉, 에너지 공급을 우선 확보하려는 움직임은 재생에너지로의 즉각적 전환을 지연시킬 수 있다. 아울러 AI·데이터센터 등 전력 수요 급증 요인도 전환 여건을 복잡하게 만든다. 산업연구원은 전환을 실효성 있게 앞당기기 위해 세 가지 대응 방향을 제시했다. 첫째, 재생에너지 투자의 장기적 안정성을 확보하는 제도적 장치를 마련해야 한다. 구체적으로 차액결제계약(CfD)·장기 고정가격 계약 등 투자 안정화 수단과 정책금융을 통한 리스크 완화가 필요하다고 밝혔다. 둘째, 지금까지의 재생에너지 확대가 주로 수요 증가에 따른 ‘에너지 추가’에 머문 점을 지적하면서, 실질적 전환을 위해선 수요 억제와 화석연료 사용 감축이 전제돼야 한다고 강조했다. 셋째, 핵심광물의 조달·비축을 위한 자원 외교와 국제 공조, 공급망 다각화를 추진하는 한편 전환 과정에서도 화석에너지의 공급 안정성은 관리해야 한다는 제언을 내놓았다. 이번 보고서는 에너지 안보 위기가 재생에너지 전환에 대한 정치적·사회적 관심을 환기시키는 계기가 될 수 있음을 인정하면서도, 실제 전환 성과는 금융·공급망·전력 인프라·수요관리 등 다층적 준비의 수준에 달려 있다고 결론지었다 . 따라서 정부와 산업계는 단기적 시장 충격에 대응하는 한편, 장기적 관점에서 제도 정비와 인프라 투자를 병행해야 한다는 과제를 떠안게 됐다. 에너지·환경 분야 전문가는 “지정학적 위기는 전환 의지를 자극하지만, 정책의 지속성과 국제협력 없이는 기회가 사라질 수 있다”는 점을 지적한다. 보고서가 권고한 차액결제계약 등은 투자 안정화에 기여할 수 있으나, 이를 뒷받침할 재정·금융 여건과 전력망 확충 계획이 동반돼야 실효를 발휘할 것이라는 분석이다. 중동 사태는 재생에너지 전환의 필요성을 분명히 드러냈다. 다만 산업연구원은 이 기회를 실질적 전환으로 연결하려면 재정·금융제도 개편, 핵심광물 공급망의 구조적 대응, 전력 시스템 통합을 위한 인프라 투자와 수요관리 정책이 종합적으로 추진돼야 한다고 강조했다 . ■ 용어 설명 ㆍ에너지 전환(Energy Transition)=재생에너지 비중 확대와 함께 화석연료 의존을 줄여 에너지 시스템의 구조 자체를 바꾸는 과정. ㆍ에너지 추가(Energy Addition)=재생에너지가 기존 에너지 소비를 대체하지 않고 전체 수요 증가를 충당하기 위해 추가되는 현상으로, 진정한 전환과 구분되는 개념이다. ㆍ차액결제계약(Contract for Difference, CfD)=발전사업자의 수익을 안정시키기 위해 시장가격과 사전에 정한 기준가격의 차액을 정산해 주는 제도로, 재생에너지 투자 안정화 수단으로 활용된다. ㆍ장기 고정가격 계약(Long-term fixed-price contract)=발전량 또는 연료 구매에 대해 장기간 고정된 가격을 보장하는 계약으로 투자 리스크를 낮추는 역할을 한다. ㆍ핵심광물(critical minerals) 병목=재생에너지·전기화에 필요한 구리·리튬 등 전략적 광물의 공급 제약으로, 생산·정제 역량과 지정학적 집중도가 부족할 때 발생하는 리스크를 말한다. ㆍ공급망 다각화(Supply-chain diversification)=특정 국가·지역 의존도를 낮추기 위해 조달원·정제·재활용 경로를 분산시키는 전략으로, 에너지 안보 강화 수단으로 제시된다 . ㆍ전력망 통합 비용(system integration cost)=재생에너지를 기존 전력 시스템에 연결하면서 발생하는 송배전망 증설, 저장, 백업, 인허가·규제 개선 등 총체적 비용을 의미한다. ㆍ에너지 안보(energy security)=안정적이고 지속 가능한 에너지 공급을 확보하는 것으로, 지정학적 리스크가 커지면 재생에너지의 전략적 가치가 재평가된다. ㆍForce Majeure(불가항력)=천재지변이나 군사 충돌 등 예측 불가능하고 통제 불가능한 사유로 계약상의 의무를 이행할 수 없을 때 적용되는 법적 근거. 장재진 기자 jjjang@tenews.kr 키워드 #산업연구원(KIET) #중동 전쟁 #재생에너지 전환 #보고서 #재생에너지 전환 ? 보고서 핵심 주제 #정책·투자 논의의 중심 #에너지 안보 #핵심광물 공급 제약 #전력망 인프라 #에너지 추가 vs 에너지 전환 #차액결제계약(CfD)·장기고정가격계약 #금리·투자비용 영향 #가스·LNG 역할(유연성) #공급망 다각화 #전력 수요 급증(AI·데이터센터 영향) 저작권자 ? 투데이에너지 무단전재 및 재배포 금지 좋아요 0 훈훈해요 0 슬퍼요 0 화나요 0 후속기사 원해요 0 공유 이메일 기사저장 이 시각 추천뉴스 산업부 추경 확정...석유·공급망 안정화 중심 1조 980억원 규모 기아 유럽, 소형 전기차 EV2 론칭 캠페인 정부, 26조2천억 ‘전쟁 추경’ 의결…유류비·민생·산업 지원 중점 [인사] 산업통상부 과장급 지질자원연구원, 산사태 토석류 전이 위험 예측 등 기술 개발 엘피가스중앙회 벌크위원회 '2026년 벌크로리 순회 점검' 사전 대비 만전 기아 유럽, 소형 전기차 EV2 론칭 캠페인 개의 댓글 회원로그인 작성자 비밀번호 댓글 내용입력 0 / 400 등록 댓글 정렬 최신순 추천순 답글순 BEST댓글 BEST 댓글 답글과 추천수를 합산하여 자동으로 노출됩니다. 닫기 더보기 댓글삭제 삭제한 댓글은 다시 복구할 수 없습니다. 그래도 삭제하시겠습니까? 비밀번호 삭제 닫기 댓글수정 댓글 수정은 작성 후 1분내에만 가능합니다. 본문 / 400 비밀번호 수정 닫기 내 댓글 모음 닫기 주요기사 지질자원연구원, 산사태 토석류 전이 위험 예측 등 기술 개발 엘피가스중앙회 벌크위원회 '2026년 벌크로리 순회 점검' 사전 대비 만전 [인사] 산업통상부 과장급 산업부 추경 확정...석유·공급망 안정화 중심 1조 980억원 규모 정부, 26조2천억 ‘전쟁 추경’ 의결…유류비·민생·산업 지원 중점 기아 유럽, 소형 전기차 EV2 론칭 캠페인",todayenergy.kr,https://www.todayenergy.kr/news/articleView.html?idxno=296479,"Sun, 12 Apr 2026 13:30:00 +0900"
인플레이션,국내,"금값, 중동 긴장 완화에 반등…유가·금리 변수","이에 인플레이션(물가 상승) 우려가 금리 상승 기대를 자극시켰다. 금리 상승 시 금에 대한 투자 매력도는... 세계금협회(WGC)는 최근 보고서를 통해 금값 하락은 금리, 인플레이션(물가 상승) 등 거시경제 변수보다 현금...","국제 금 가격이 중동 지역 긴장 완화 이후 반등 흐름을 나타내며 앞으로 상승세를 이어갈 수 있을지 관심이 쏠린다. 12일 한국거래소에 따르면, KRX 금시장에서 거래되는 금 가격은 1g당 22만6700원으로 전장 대비 0.62% 올랐다. 앞서 금값은 중동 지역 긴장이 고조되며 안전자산 수요에 힘입어 상승했다. 하지만 도널드 트럼프 미국 대통령이 이란에 대한 강경 대응을 예고한 것을 시작으로 가격 변동성은 확대됐다. 금값 하락은 유가 급등과 달러 강세에 기인한다. 실제 이란의 호르무즈 해협 봉쇄 가능성이 부각되며 국제유가는 급등했다. 이에 인플레이션(물가 상승) 우려가 금리 상승 기대를 자극시켰다. 금리 상승 시 금에 대한 투자 매력도는 떨어진다. 하지만 미국과 이란이 2주간 휴전에 돌입하면서 달러 강세는 진정됐고 금값은 반등세로 돌아섰다. 이 같은 상황에서 전문가들은 금값 상승에 가능성을 열어두고 있다. 황병진 NH투자증권 연구원은 ""전쟁 이후 귀금속 강세 사이클이 이어질 것으로 보인다""며 ""글로벌 긴축 환경에도 유동성 확대 기대가 살아나고 위험자산과 안전자산이 동시에 상승하는 에브리싱 랠 리가 예상된다""고 내다봤다. 반면 최진영 대신증권 연구원은 ""전쟁 종료 이후 스태그플레이션(경기 침체와 물가 상승) 우려가 완화되면 금 수요가 증가할 수 있다""며 ""다만 통화정책 변수에 따라 상승폭은 제약될 수 있다""고 분석했다. 오는 5월 임기가 만료되는 제롬 파월 미국 연방준비제도(Fed·연준) 의장의 후임으로 언급되는 케빈 워시가 금리 인하에는 우호적이지만 양적완화에는 비판적인 입장을 나타낸 만큼 유동성 확대 폭이 제한될 수 있다. 아울러 증거금 제도 변화 등 시장의 구조적 요인도 금값 상승을 제한할 수 있는 요소로 꼽힌다. 세계금협회(WGC)는 최근 보고서를 통해 금값 하락은 금리, 인플레이션(물가 상승) 등 거시경제 변수보다 현금 확보 수요에 따른 것으로 진단했다. 이에 금값은 중기적인 상승 기대는 여전히 유효하지만 단기적으로 유가와 유동성 변수에 따라 변동성이 확대될 가능성이 크다고 내다봤다. [신아일보] 이민섭 기자 minseob2001@shinailbo.co.kr",shinailbo.co.kr,https://www.shinailbo.co.kr/news/articleView.html?idxno=5010314,"Sun, 12 Apr 2026 13:00:00 +0900"
디플레이션,부동산,"신현송 ""현 기준금리, 중립금리 중간 수준""…동결 기조 유지 관측",통상 중립금리는 경제가 잠재 수준에서 가동돼 인플레이션이나 디플레이션 압력을 유발하지 않는 금리 수준을 의미한다. 시장에서는 국제결제은행(BIS) 출신인 신 후보자가 부동산 가격과 가계부채 등을 고려해 한국의...,"급격한 통화정책 변화 가능성 제한적 분석 신현송 한국은행 총재 후보자가 9일 오전 서울시 중구 한화금융플라자에 마련된 청문회 준비 사무실로 출근하고 있다. 뉴스1 신현송 한국은행 총재 후보자는 현재 기준금리(연 2.50%)가 중립금리 추정 범위의 중간 수준이라고 평가했다. 최근 미국·이란 전쟁 여파로 물가 상승 압력이 커지며 금리 인상 전망이 제기되고 있지만, 당분간 기준금리 동결 기조는 유지될 것이라는 관측이 나온다. 신 후보자는 12일 국회에 제출한 서면 질의 답변에서 이같이 밝혔다. 통상 중립금리는 경제가 잠재 수준에서 가동돼 인플레이션이나 디플레이션 압력을 유발하지 않는 금리 수준을 의미한다. 시장에서는 국제결제은행(BIS) 출신인 신 후보자가 부동산 가격과 가계부채 등을 고려해 한국의 중립금리를 상대적으로 높게 평가할 수 있다는 관측이 제기돼 왔다. 그러나 기준금리가 중립금리 추정 범위의 '중간 수준'이라는 평가는 이러한 관측과 다소 거리가 있으며, 통화정책 기조를 급격히 전환할 필요성은 크지 않다는 신호로 해석될 여지가 있다. 그동안 한은 안팎에서는 중립금리 수준을 2~3%로 추정해왔다. 신 후보자 역시 이와 유사한 인식을 공유한다는 점에서, 시장 일각에서 제기됐던 '매파적'(통화 긴축 선호) 성향을 드러내지는 않은 셈이다. 나아가 향후 물가 대응을 위해 기준금리를 인상하더라도, 인상 폭은 최대 0.50~0.75%포인트 수준에 그칠 것이라는 분석이 나온다. 신 후보자는 다만 ""중립금리는 추정 모형과 방법, 대상 시계 등에 분석 결과가 크게 달라지는 등 추정의 불확실성이 크다""고 언급했다. 그러면서 ""통화정책 기조 등을 평가함에 있어서는 중립금리뿐 아니라 전반적인 금융 상황, 정책의 효과 등을 종합적으로 고려해 판단할 필요가 있다""고 강조했다. 이는 기준금리와 중립금리 간 괴리뿐 아니라 부동산·외환시장 흐름 등을 함께 고려해 통화정책을 운용해온 이창용 현 총재의 접근법과 궤를 같이하는 것으로 해석된다.",n.news.naver.com,https://n.news.naver.com/mnews/article/469/0000924916?sid=101,"Sun, 12 Apr 2026 12:16:00 +0900"
디플레이션,국내,"신현송 ""현재 기준금리, 중립금리 추정 범위 중간""","통상 중립금리는 경제 활동이 잠재 수준에서 이뤄져 인플레이션이나 디플레이션 압력을 초래하지 않는 상태의 금리 수준으로 정의됩니다. 신 후보자는 다만 ""중립금리는 추정 모형과 방법, 대상 시계 등에 분석 결과가 크게...","신현송 한국은행 총재 후보자가 ""현재의 기준금리 연 2.50%는 중립금리 추정 범위의 중간 정도 수준""이라고 평가했습니다.

신 후보자는 오늘(12일) 국회 재정경제기획위원회 소속 개혁신당 천하람 의원의 서면 질의에 ""한국의 중립금리와 관련한 한은 안팎의 연구 결과""를 토대로 이같이 회신했습니다.

통상 중립금리는 경제 활동이 잠재 수준에서 이뤄져 인플레이션이나 디플레이션 압력을 초래하지 않는 상태의 금리 수준으로 정의됩니다.

신 후보자는 다만 ""중립금리는 추정 모형과 방법, 대상 시계 등에 분석 결과가 크게 달라지는 등 추정의 불확실성이 크다""고 언급했습니다.

그러면서 ""통화정책 기조 등을 평가함에 있어서는 중립금리뿐 아니라 전반적인 금융 상황과 정책의 효과 등을 종합적으로 고려해 판단할 필요가 있다""고 강조했습니다.

이 역시 기준금리와 중립금리 차이뿐 아니라 부동산 시장이나 외환 시장 흐름을 보면서 통화정책을 수행해온 이창용 현 총재의 방식과 궤를 같이하는 답변으로 읽힌다.

신 후보자는 최근 달러 당 원화값 하락 배경으로 ""중동 지역 긴장 고조에 따른 유가 급등과 글로벌 위험 회피 심리 등 대외 요인""을 꼽았습니다.

이어 ""우리나라는 높은 에너지 수입 의존도로 유가 상승 시 교역 조건이 악화한다""며 ""그간 한국 증시의 상대적 강세 영향 등으로 글로벌 투자자들이 국내 주식 비중을 재조정하는 등 외국인의 국내 주식 순매도가 컸던 점도 환율 상승 압력을 더했다""고 분석했습니다.

국민연금의 환 헤지 확대와 관련해서는 ""외환시장 수급 불균형 완화에 도움이 될 것""이라고 긍정적 입장을 보였습니다.

국민연금이 기금 투자 재원을 외화채권 발행 등으로 다변화하는 방식에도 ""국내 외환시장에서의 외환 수요가 감소해 환율 상승 압력이 완화될 수 있다""고 말했습니다.

[ 김우연 기자 / kim.wooyeon@mktv.co.kr ]

[ⓒ 매일경제TV & mktv.co.kr, 무단전재 및 재배포 금지 ]",mbnmoney.mbn.co.kr,http://mbnmoney.mbn.co.kr/news/view?news_no=MM1005812003,"Sun, 12 Apr 2026 11:48:00 +0900"
금리,국내,[M-커버스토리] 수익성 악화·고신용자 대출 쏠림 우려,"금리 혜택 축소와 한도 축소 등으로 가계대출 문턱이 높아지면 저신용자는 상대적으로 쉽게 배제되고, 신용도가 높은 차주 중심의 대출 구조가 형성될 수 있어서다. 상호금융보다 앞서 가계대출을 먼저 조여온...","상호금융권의 가계대출 축소 기조를 두고 다양한 우려점도 제기된다. 업권의 수익성 악화와 함께 서민금융권의 대출 문턱이 높아지면서, 대출 공급이 우량 신용 차주 위주로 쏠릴 수 있다는 지적이다. ◆ 지난해 상호금융 순손실 1629억원 지난해 상호금융조합(신협·농협·수협·산림)의 당기순이익은 8861억원으로, 전년 대비 1629억원(15.5%) 감소했다. 특히, 신용사업부문의 순이익 감소세가 두드러졌다. 이자이익 감소 등으로 전체 업권 신용사업부문 순이익은 4758억원(10.1%) 줄어 들었다. 조합별로 살펴보면 신협은 작년에도 적자 기조를 이어갔다. 순이익은 2024년 마이너스(-)3503억원에서 2025년 -3277억원으로 개선됐지만, 여전히 순손실 기조를 벗어나지 못했다. 수협 역시 -2707억원에서 -626억원으로 적자 폭이 크게 줄었지만, 흑자 전환에는 실패했다. 농협은 같은 기간 당기순이익이 1조6464억원에서 1조2611억원으로 23.4% 감소했다. 산림조합은 당기순이익 236억원에서 153억원으로 35.2% 줄었다. 새마을금고 사정도 다르지 않다. 새마을금고는 재작년에 이어 작년에도 1조2658억원의 순손실을 냈다. 단, 전년(1조7423억원) 대비 4765억원의 적자 폭을 개선했다. 여수신도 축소됐다. 지난해 총대출은 183조1000억원으로 전년 대비 6000억원 감소했다. 총수신은 255조3000억원으로 같은 기간 3조2000억원 줄었다. 이처럼 상호금융권의 순이익 감소 추세가 지속되는 가운데 가계대출 축소 기조까지 맞물리면, 업권의 수익성 악화가 더 심화될 수 있다는 우려가 제기된다. 특히, 현재 비조합원 중심의 대출이 적지 않은 부분을 차지하고 있는 만큼, 비조합원 중심으로 대출을 축소하면 그 타격은 더 심해질 수 있다. 대표적으로 신협은 이미 비조합원 대출 비중이 절반을 넘어섰다. 지난해 12월 말 기준 비조합원 대출은 55조4176억원으로 집계됐다. 총대출액(107조8411억원)의 51.4%를 차지하는 수준이다. ◆ 고신용자 대출 공급 쏠림 우려 가계대출 취급을 제한할 경우 대출 공급이 우량 차주 중심으로 쏠릴 수 있다는 시각도 제기된다. 금리 혜택 축소와 한도 축소 등으로 가계대출 문턱이 높아지면 저신용자는 상대적으로 쉽게 배제되고, 신용도가 높은 차주 중심의 대출 구조가 형성될 수 있어서다. 상호금융보다 앞서 가계대출을 먼저 조여온 시중은행에서는 이미 이 같은 현상이 나타나고 있다. 은행연합회 공시에 따르면 국내 5대 시중은행(KB국민·신한·하나·우리·NH농협)의 지난 2월 신규 취급 가계대출의 평균 신용점수는 946.8점인 것으로 나타났다. 지난 2023년 이후 가장 높은 수준이다. 시중은행은 금융당국의 가계대출 강화 규제에 따라 금융권에서 가장 먼저 가계대출 취급 잔액을 줄였다. 업계에 따르면 올해 1분기에만 2조원 가까운 가계대출 잔액이 줄어든 것으로 추정된다. ◆ 상호금융, 서민금융에 집중해야 전문가들은 상호금융이 본연의 역할에 부합하도록 서민금융에 집중할 수 있도록 유도해야 한다고 제언한다. 구정환 한국금융연구원 선임연구위원은 ""자산규모가 1조원 이상인 대형 조합(금고)이 195개로 적지 않은 수준에 달하고 있어 이들이 부실화될 경우 금융시장에 큰 영향을 미칠 수 있다""며 ""대형 조합에 적용되는 내부통제 및 위험관리 체계를 마련하는 방안을 우선적으로 고려할 필요가 있다""고 말했다. 그러면서 ""상호금융은 저축은행과 함께 민간서민금융회사로서 서민금융에 집중할 수 있도록 유도할 필요가 있는데, 우선 햇살론 등 정책서민금융상품 취급에 대한 인센티브뿐만 아니라 정책 서민금융 상품 성실 상환자에 대한 자체 신용 대출상품을 공급하는 경우 영업 구역 내 여신비율규제 완화 등 인센티브를 부여하는 방안을 고려할 필요가 있다""고도 말했다. 메트로신문 지면 PDF 보기 Copyright ⓒ Metro. All rights reserved. (주)메트로미디어의 모든 기사 또는 컨텐츠에 대한 무단 전재ㆍ복사ㆍ배포를 금합니다. 주식회사 메트로미디어 · 서울특별시 종로구 자하문로17길 18 ㅣ Tel : 02. 721. 9800 / Fax : 02. 730. 2882 문의메일 : webmaster@metroseoul.co.kr ㅣ 대표이사 · 발행인 · 편집인 : 이장규 ㅣ 신문사업 등록번호 : 서울, 가00206 인터넷신문 등록번호 : 서울, 아02546 ㅣ 등록일 : 2013년 3월 20일 ㅣ 제호 : 메트로신문 사업자등록번호 : 242-88-00131 ISSN : 2635-9219 ㅣ 청소년 보호책임자 및 고충처리인 : 안대성",metroseoul.co.kr,http://www.metroseoul.co.kr/article/20260412500127,"Sun, 12 Apr 2026 13:12:00 +0900"
금리,국내,[브리프] KB국민은행 하나은행 우리은행 NH농협은행 신한금융,"지원 대상은 정책자금 이용기업이며, KB국민은행은 해당 기업을 대상으로 생산적금융 우대 프로그램을 통해 6조원 한도 내에서 특별 금리우대를 제공한다. 특별 금리우대 외에도 '특별출연 협약보증 대상 기업'은 3년간...","■ KB국민은행-중소벤처기업진흥공단, 중동 피해기업 등에 6조원 규모 생산적금융 지원 KB국민은행(은행장 이환주)은 중소벤처기업진흥공단(이사장 강석진)(이하 ‘중진공’)과 함께 오는 13일부터 6조원 규모의 생산적금융 활성화를 위한 ‘중진공 정책자금 이용기업 우대 프로그램’을 운영한다고 밝혔다. 이번 생산적금융 우대 프로그램은 KB금융그룹의 ‘KB국민행복 성장 프로젝트’의 일환으로, 지난해 양 기관이 체결한 ‘중소벤처기업 생산적금융 공급 강화 및 글로벌 경쟁력 제고를 위한 업무협약’에 따라 마련됐다. 지원 대상은 정책자금 이용기업이며, KB국민은행은 해당 기업을 대상으로 생산적금융 우대 프로그램을 통해 6조원 한도 내에서 특별 금리우대를 제공한다. 특별 금리우대 외에도 ‘특별출연 협약보증 대상 기업’은 3년간 보증비율 100%가 적용되고 최대 0.3%p의 보증료 감면 혜택이 제공되며, ‘보증료 지원 협약보증 대상 기업’은 2년간 연 1.0%p씩, 총 2%p의 보증료 지원을 받을 수 있다. 특히 KB국민은행은 중동 사태로 물류비 상승과 계약 지연 등 어려움을 겪는 기업을 대상으로 생산적금융 지원을 확대하고 신속한 금융지원을 통해 기업의 자금 애로 해소를 지원한다. ■ 하나은행, 리디와 손잡고 금융과 콘텐츠 결합한 새로운 손님 경험 선보인다 하나은행(은행장 이호성)은 지난 10일 오후 을지로 본점에서 국내 대표 콘텐츠 플랫폼 기업 리디(RIDI) 주식회사(대표 배기식, 이하 ‘리디’)와 새로운 손님 경험 제공을 위한 업무협약을 체결했다고 밝혔다. 이번 업무협약은 하나은행 대표 모바일 앱 ‘하나원큐’ 금융 서비스와 리디만의 디지털 문화 콘텐츠를 결합한 다양한 협업을 추진하기 위해 마련됐다. 하나은행은 이번 협약을 통해 하나원큐 내 ‘놀이터’ 페이지에 리디의 웹툰·웹소설, 만화, 전자책 등 다양한 콘텐츠를 접목해 손님이 금융과 디지털 문화 콘텐츠를 동시에 경험하는 새로운 디지털 환경을 누릴 수 있을 것으로 기대하고 있다. 또한, ‘하나원큐’ 앱을 기존 전통 금융 중심에서 벗어나 손님의 일상과 취향을 반영한 콘텐츠 경험을 제공함으로써 ‘일상형 플랫폼’으로의 전환을 가속화 한다는 전략이다. 하나은행과 리디의 주요 협약 내용은 ‘하나원큐’ 앱 내 독점적으로 노출되는 △리디콘텐츠를 체험할 수 있는 혜택 제공 △리디 인기 작품 한정판 굿즈 증정 △브랜드 및 서비스 연계 공동 마케팅 추진 등 다양한 사업 기회를 발굴하기로 했다. 우선 오는 5월에 첫 독점 이벤트를 시작으로, 하나은행은 하나원큐 내 ‘놀이터’ 페이지를 통해 참여한 손님 전원에게 하나원큐 캐시(7캐시~500캐시)를 지급하고, 리디 포인트(500포인트~10,000포인트)는 추첨을 통해 증정할 예정이다. 이를 통해 하나은행은 웹툰·웹소설 중심의 디지털 콘텐츠에 익숙한 젊은 세대가 리디 콘텐츠 이용을 통한 ‘하나원큐’ 체류시간 확대와 앱 방문 빈도 증가를 기반으로 금융 서비스와의 연계를 강화할 예정이다. ■ 정진완 우리은행장, ‘청소년 도박근절’ 릴레이 캠페인 동참 우리은행 정진완 은행장이 서울경찰청이 주관하는 ‘청소년 불법도박 근절 릴레이 캠페인’에 참여했다고 12일 밝혔다. 이 캠페인은 청소년 불법도박의 위험성을 알리고 사회적 경각심을 높이기 위해 2024년부터 릴레이 방식으로 이어지고 있다. 정진완 은행장은 이호성 하나은행장의 추천을 받아 이번 캠페인에 동참했으며, 다음 참여자로 진성원 우리카드 사장을 추천했다. 우리은행은 이번 캠페인 참여와 더불어 금융사기 피해 예방을 위해 청소년 전용 서비스인 ‘틴틴’ 거래를 분석해 불법도박 의심 계좌에 대해 경고 알림 및 입금 차단 등 선제적 대응 시스템을 가동 중이다. 또한 청소년 금융교육을 확대하는 등 실질적인 예방 활동을 병행하며 건전한 금융문화 확산에 힘쓰고 있다. ■ NH농협은행, K-푸드 및 생산적금융 지원 확대를 위한 2026 ‘농식품기업여신 GD’ 발대식 개최 NH농협은행(은행장 강태영)은 지난 4월 10일 서울 중구 본사 신관에서 K-푸드 관련기업 지원 확대와 생산적 금융 추진을 선도할 직원들의 실무 역량 강화를 위해 '농식품기업여신 GD' 발대식을 개최했다고 밝혔다. GD는 ‘Green Director’ 의 약자로, 생산적 금융을 추진하기 위해 선발된 농식품금융 특화 전문가를 의미한다. 전국 영업점의 핵심 인력 66명으로 구성된 이들은, 단순한 여신 지원을 넘어 현장 우수 사례를 공유하고 농식품 기업의 성장을 지원하는 ‘농식품금융 리더’ 역할을 수행하게 된다. 이날 행사에는 농업·공공금융부문 이영우 부행장과 전국 각지에서 선발된 GD들이 참석했으며, 실질적인 생산적 금융 지원 역량 강화를 위해 △농식품기업 심사기법 △농식품기업 외국환거래 △농식품기업 세무컨설팅 △농식품기업 투자지원 사례 등 심도 있는 통합 실무 교육이 진행되었다. ■ 신한금융, ‘한국 주식시장 구조 전환을 위한 조건’ 보고서 발간 신한금융그룹이 국내 증시의 고질적인 저평가 현상을 해소하고 자본시장의 질적 성장을 도모하기 위한 한국 주식시장 구조 전환을 위한 조건 보고서를 발간했다. 이번 보고서는 한국 증시가 직면한 구조적 문제점을 진단하고 이를 해결하기 위한 정책적 제언과 기업 차원의 노력을 입축적으로 담아냈다. 신한금융은 기업 거버넌스 개선과 주주 환원 확대가 한국 시장의 매력도를 높이는 핵심 열쇠임을 강조하며 이를 실천하기 위한 구체적인 로드맵을 제시했다. 보고서에 따르면 한국 증시의 재평가를 위해서는 상장 기업들의 자본 효율성 제고와 투명한 의사 결정 체계 확립이 무엇보다 시급한 과제로 꼽혔다. 신한금융은 정부가 추진 중인 기업 가치 제고 프로그램에 발맞춰 기업들이 스스로 수익성을 개선하고 성장의 과실을 주주들과 공정하게 나누는 문화를 정착시켜야 한다고 분석했다. 특히 단순한 배당 확대를 넘어 자사주 소각과 같은 적극적인 주주 친화 정책이 동반되어야 시장의 신뢰를 회복할 수 있다고 진단했다. [S-저널 = 김아현 기자]",s-journal.co.kr,https://www.s-journal.co.kr/news/articleView.html?idxno=40402,"Sun, 12 Apr 2026 13:08:00 +0900"
환율,주식,"미-이란 협상 일단 종료...밴스 ""미국 복귀""","역시 환율도 안전자산 선호현상, 달러 선호현상이 빠지면서 달러 환율도 다소 안정화되는 그런 흐름도 보이고 있고요. 역시 주가도 마찬가지, 국제유가도 마찬가지. 그런 것들이 대부분 정점을 찍었었던, 전쟁에 대한...","뉴스 이용 설정을 할 수 있어요 YTN 언론사 구독되었습니다. 메인 뉴스판에서 주요뉴스를 볼 수 있습니다. 보러가기 닫기 YTN 언론사 구독 해지되었습니다. 닫기 이동 통신망을 이용하여 음성을 재생하면 별도의 데이터 통화료가 부과될 수 있습니다. YTN Copyright ⓒ YTN. All rights reserved. 무단 전재, 재배포 및 AI 데이터 활용 금지. 기사의 섹션 정보는 해당 언론사의 분류를 따르고 있습니다. 언론사는 개별 기사를 2개 이상 섹션으로 중복 분류할 수 있습니다. 구독 YTN 구독하고 메인에서 바로 만나보세요!구독하고 메인에서 만나보세요! 구독중 언론사의 주요 뉴스를 메인에서 바로 만나보세요!주요 뉴스를 메인에서 만나보세요! 기사 추천은 24시간 내 50회까지 참여할 수 있습니다. YTN이 이 기사의 댓글 정책을 결정합니다. 안내 댓글 정책 언론사별 선택제 섹션별로 기사의 댓글 제공여부와 정렬방식을 언론사가 직접 결정합니다. 기사 섹션 정보가 정치/선거를 포함하는 경우 정치/선거섹션 정책이 적용됩니다. 언론사의 결정에 따라 동일한 섹션이라도 기사 단위로 댓글 제공여부와 정렬 방식이 달라질 수 있습니다. 단, 일부 댓글 운영 방식 및 운영규정에 따른 삭제나 이용제한 조치는 네이버가 직접 수행합니다. 레이어 닫기 네이버 AI 뉴스 알고리즘 뉴스 추천 알고리즘이 궁금하다면? 언론사에서 직접 선별한 이슈입니다. 이 기사를 본 이용자들이 함께 많이 본 기사, 해당 기사와 유사한 기사, 관심 기사 등을 자동 추천합니다 프리미엄콘텐츠는 네이버가 인터넷뉴스 서비스사업자로서 제공, 매개하는 기사가 아니고, 해당 콘텐츠 제공자가 프리미엄 회원을 대상으로 별도로 발행·제공하는 콘텐츠입니다. 본문 듣기를 종료하였습니다. 로그인 전체서비스 서비스안내 오류신고 고객센터 기사배열 책임자 : 김수향 청소년 보호 책임자 : 이정규 각 언론사가 직접 콘텐츠를 편집합니다. ⓒ YTN 이 콘텐츠의 저작권은 저작권자 또는 제공처에 있으며, 이를 무단 이용하는 경우 저작권법 등에 따라 법적 책임을 질 수 있습니다. NAVER",n.news.naver.com,https://n.news.naver.com/mnews/article/052/0002339635?sid=104,"Sun, 12 Apr 2026 12:39:00 +0900"
환율,국내,"7연속 금리 동결…이창용식 통화정책, 신현송에 바통","중동 전쟁으로 고물가와 고환율이 교차하는 복합 위기 상황에서 어떤 해법을 내놓을지 주목된다. 12일... ▷관련기사 :중동·환율·물가에…한은, 연 2.5% 기준금리 7연속 동결(4월10일) 이번 금통위는 지난 2월 말 중동 전쟁...","[경제레이더] 중동 전쟁에 물가·환율 변동 커 ""여파 주시"" 정전 시기, 에너지 인프라 손실이 큰 변수 물가·성장 두 과제 주문…신현송 ""균형 판단"" 한국은행이 기준금리를 7연속 동결했다. 오는 20일 임기가 종료되는 이창용 한은 총재 주재 마지막 금통위 결정이다. 향후 통화정책 방향은 오는 15일 인사청문회를 앞둔 신현송 차기 한은 총재 후보자가 바통을 넘겨받아 키를 잡을 전망이다. 중동 전쟁으로 고물가와 고환율이 교차하는 복합 위기 상황에서 어떤 해법을 내놓을지 주목된다. 12일 금융권에 따르면 한은은 지난 10일 금융통화위원회 통화정책 방향 회의를 열고 기준금리를 현재 수준인 연 2.5%로 동결했다. 지난해 5월 0.25%포인트 인하 후 1년 가까이 연 2.5%를 유지 중이다. ▷관련기사 : 중동·환율·물가에…한은, 연 2.5% 기준금리 7연속 동결(4월10일) 이번 금통위는 지난 2월 말 중동 전쟁 발발 후 첫 기준금리 결정으로 시선을 모았다. 이창용 한은 총재는 ""물가 상승압력과 성장 하방압력이 함께 커지고 금융·외환시장 변동성과 중동사태 불확실성이 커짐에 따라 사태 추이와 파급 영향을 좀 더 점검해 보자는데 따른 판단""이라고 밝혔다. 미국과 이란이 2주간의 휴전 합의를 했으나 이란이 호르무즈 해협 통행을 여전히 제한하고 있는 데다, 이스라엘이 레바논을 공습하는 등 중동 정세가 여전히 예측불허한 상황에 놓였기 때문이다. 특히 완전한 정전까지 시기와 에너지 인프라 손실 여부가 이후 경기 및 금리 예측에 가장 큰 변수가 될 전망이다. 이 총재는 ""충격이 단기적일 경우 금리 대응으로 반응하지 않는 것이 맞다""면서도 ""충격이 장기간 이어져 물가상승 압력 확산과 기대 인플레 불안 시에는 정책적 대응이 필요하다""고 말했다. 이어 ""(이번 동결은) 불확실성이 커졌기 때문에 정책 결정을 유보한 것이 아니라 중동 뉴스에 따라 경제 변수가 너무 급격히 변동해 이를 보며 정책방향을 판단해야 하기 때문""이라며 ""3개월 금리 전망도 인상, 인하에 관한 논의보다는 사태를 지켜보자는데 논지가 모였다""고 덧붙였다. 이재명 대통령 역시 지난 9일 청와대에서 열린 수석·보좌관회의에서 ""휴전 합의에도 결과를 낙관하긴 이르다""면서 ""협상이 순조롭게 이뤄진다고 해도 전쟁 충격이 상당 기간 지속될 가능성이 높다""고 봤다. 아시아개발은행(ADB)이 우리나라 경제성장률 전망치를 1.7%에서 1.9%로 0.2%포인트 상향 조정하는 등 일부 긍정적 분석도 있지만, 이 역시 중동 전쟁이 1개월 내 안정화된다는 시나리오를 기반으로 하고 있다. 결국 휴전 이후 안정화 여부가 향후 금리 방향을 결정할 방침이다. 이 통화정책 바통은 신현송 차기 한은 총재 후보자에게 건네졌다. 신 후보자는 오는 15일 인사청문회가 예정됐다. 신 후보자는 옥스퍼드 경제학 박사, 런던정경대 금융학과 교수와 영란은행 고문을 겸임하고, 청와대 국제경제보좌관을 거쳐 동양인 최초로 국제결제은행(BIS) 경제고문 겸 통화경제국장을 지냈다. 글로벌 전문성과 거시건전성 정책 설계 능력을 갖춘 핵심 인물로 거론된다. 특히 선제적 금리 인상으로 인플레 대응을 강조하는 이른바 '매파'적 성향으로 알려졌다. 다만 이재명 정부가 신 후보자에게 물가안정과 함께 경제성장이라는 두 난제를 주문한 상황이어서 어떤 방향성을 가질지 주목된다. 신 후보자는 지난달 31일 인사청문회 준비 첫 출근 자리에서 ""현재 달러 유동성 지표가 양호해 환율과 금융 불안을 직결시킬 필요는 없는 것 같다""며 ""(향후 기준금리 방향은) 중동 상황의 전개 양태와 주요국 통화정책의 흐름 지켜봐야 한다""고 말했다. 앞서 후보자 지명후 소감을 통해서는 ""물가와 성장, 금융 안정을 감안한 균형 있는 통화정책 운영을 고민할 것""이라고 밝혔다. 한편 오랜 해외 생활을 한 신 후보자의 재산 중 절반 이상이 외화자산이어서 외환정책에 따라 자산가치가 변동될 수 있다는 점에서 일부 이해충돌 논란도 있다. 이 같은 논란을 어떻게 대응할지도 주목된다. 한은은 오는 15일 '3월 수출입물가지수와 무역지수(잠정)'를 발표한다. 중동 전쟁에 따른 고유가·고환율에 따른 수출입 상품의 가격 변동 영향을 살펴볼 수 있을 전망이다. 17일에는 '우리나라 대외부문의 구조적 변화가 환율에 미치는 영향'을 발표한다. 이 총재는 ""중동 전쟁이 없었으면 환율은 상당히 안정될 수 있는 국면이었다""면서 ""중동사태로 환율이 빨리 오른 만큼 사태 안정 시 빠르게 내릴 가능성도 있다""고 말했다.",n.news.naver.com,https://n.news.naver.com/mnews/article/648/0000046174?sid=101,"Sun, 12 Apr 2026 12:30:00 +0900"
독점,국내,"삼천당제약 논란에...금감원, 난해한 제약·바이오 공시 손 본다","실제 삼천당제약은 지난달 31일 미국 파트너사와 경구용 비만·당뇨 치료제 복제약 관련 1억달러 규모의 독점 계약을 했다고 공시했다. 그런데 계약 상대방이 어느 기업인지는 공개하지 않았고, 수익 배분 구조도...","금융감독원./뉴스1 금융감독원이 제약·바이오 기업 공시 내용을 일반 투자자가 이해하기 쉬운 방식으로 개선하는 작업에 착수한다. 최근 코스닥 시가총액 1위 기업이었던 삼천당제약이 계약 공시 이후 실적 의혹 등이 불거지며 주가가 폭락하는 사건이 발생하자, 금융 당국이 대응에 나선 것으로 풀이된다. 12일 금감원은 ‘제약·바이오 공시 종합 개선을 위한 TF’를 10일 출범했다고 밝혔다. TF에는 학계와 국가임상시험지원재단, 주요 금융사 등이 참여한다. 향후 3개월간 의견 수렴을 거쳐 제약·바이오 공시 전반의 개선 과제를 논의한다는 계획이다. 금감원에 따르면, 제약·바이오 산업은 코스닥 시장에서 29.9%를 차지하는 핵심 축으로 자리매김했다. 하지만 공시 내용이 대부분 신약 개발이나 임상시험, 기술이전 계약 등 전문적이고 복잡한 정보들이다 보니, 투자자들이 공시 내용을 이해하고 합리적인 판단을 내리기 어려웠다. 또 현재 실적보다 미래의 불확실한 R&D 성과 등이 주가에 영향을 끼치면서, 연구에 실패했을 때 투자금을 잃을 가능성도 컸다. 실제 삼천당제약은 지난달 31일 미국 파트너사와 경구용 비만·당뇨 치료제 복제약 관련 1억달러 규모의 독점 계약을 했다고 공시했다. 그런데 계약 상대방이 어느 기업인지는 공개하지 않았고, 수익 배분 구조도 이례적으로 회사에 유리했다. 여기에 삼천당제약 기술력에 대한 의혹도 연이어 쏟아지면서 주가가 곤두박질했다. 금감원은 제약·바이오 기업 공시가 ‘깜깜이’로 진행되는 탓에 주가 변동성이 커진다고 보고, 이해하기 쉬운 공시 구조를 마련한다는 방침이다. 우선 기업공개(IPO) 단계부터 기업 가치 산정의 근거가 명확하게 드러나도록 개선하기로 했다. 공모가를 산정할 때 활용하는 추정치의 전제가 되는 상황을 제시하고, 그 전제가 바뀌면 어떤 영향을 미치는지를 명확히 설명하도록 하겠다는 것이다. 상장 이후에는 단순히 임상 단계나 개발 현황 등만 나열하는 게 아니라, 성공 가능성과 주요 리스크, 향후 일정 등 전반적인 흐름을 제시하도록 한다는 계획이다. 또 공시한 내용보다 보도자료에 더 긍정적인 표현을 사용하거나 기대감을 과도하게 강조하는 등 혼선을 줄이도록 개선 방안을 마련하기로 했다.",n.news.naver.com,https://n.news.naver.com/mnews/article/023/0003970331?sid=101,"Sun, 12 Apr 2026 12:33:00 +0900"
독점,주식,"비트코인, 백만장자 주소 10% 급락...""고래들 조용히 지갑 닫는다""","부의 독점이 해소되고 다수의 투자자에게 자산이 고르게 분산되는 과정은 장기적으로 시장의 기초 체력을 강화하는 긍정적인 신호로 해석된다. 비트코인 가격이 6만 8,000달러 지지선을 위협받는 조정 국면이 이어지자...","시작페이지로 l 즐겨찾기 l RSS l 편집 2026.04.12 [13:30] 전체기사 l 로그인 l 회원가입 l KOR 전체기사 Breaking news Headline News Today Crypto & Blockchain Money & Stock English Special ▲ 비트코인 고래 비트코인(Bitcoin, BTC)이 7만 달러 고지에서 등락을 거듭하고 있다. 그와 동시에 비트코인을 100만 달러 이상 보유한 이른바 백만장자 지갑들이 급격히 감소하며 시장의 자산 지형도가 요동치고 있다. 암호화폐 전문 매체 비트코이니스트는 4월 11일(현지시간) 보도에서 온체인 데이터를 분석한 결과 비트코인 백만장자 주소가 최근 몇 주 동안 대거 사라졌다고 전했다. 샌티먼트(Santiment)의 조사에 따르면 100만 달러 이상의 가치를 지닌 주소는 지난달과 비교해 약 10% 감소했다. 시장 전문가들은 대형 투자자들이 수익 실현에 나서며 물량을 쏟아냈거나 보안 강화를 위해 자산을 여러 지갑으로 분산한 것으로 보고 있다. 가격 변동성이 심화되면서 고래들의 자금 흐름에 변화가 감지되는 양상이다. 중앙화 거래소의 비트코인 보유량은 지속적으로 줄어들고 있다. 반면, 개인 투자자들이 운용하는 소규모 지갑의 숫자는 꾸준한 상승 곡선을 그리고 있다. 부의 독점이 해소되고 다수의 투자자에게 자산이 고르게 분산되는 과정은 장기적으로 시장의 기초 체력을 강화하는 긍정적인 신호로 해석된다. 비트코인 가격이 6만 8,000달러 지지선을 위협받는 조정 국면이 이어지자 일부 대형 보유자들은 리스크 관리를 위해 포지션 축소를 선택했다. 특히 1,000BTC 이상을 보유한 주소들이 시장에 물량을 공급하며 일시적인 가격 하락 압력을 높였다. 그러나 블랙록(BlackRock)과 같은 기관 투자자들은 비트코인 현물 ETF를 통해 여전히 강력한 매수세를 유지하며 시장의 급격한 붕괴를 저지하고 있다. 업계는 백만장자 주소의 감소를 시장의 성숙 과정으로 평가하고 있다. 자산의 분산은 특정 소수 세력이 시장 가격을 인위적으로 조작할 가능성을 낮추고 유통 유동성을 풍부하게 만드는 효과가 있기 때문이다. 비트코인이 전 세계적인 결제 수단이자 가치 저장 수단으로 자리 잡으면서 부의 집중도가 낮아지는 현상은 자연스러운 변화의 일환이다. 비트코인은 현재 새로운 상승 동력을 확보하기 위한 에너지 응축 단계에 머물러 있다. 고래들의 이탈과 새로운 개인 투자자들의 진입이 맞물리는 지점에서 시장 주도권의 재편이 이루어지고 있다. 비트코인 가격이 7만 5,000달러 저항선을 확실하게 돌파한다면 분산되었던 유동성이 다시 결집하며 역대급 상승 랠리를 촉발할 것으로 기대된다. *면책 조항: 이 기사는 투자 참고용으로 이를 근거로 한 투자 손실에 대해 책임을 지지 않습니다. 해당 내용은 정보 제공의 목적으로만 해석되어야 합니다.*",coinreaders.com,http://coinreaders.com/230250,"Sun, 12 Apr 2026 12:32:00 +0900"
유동성,주식,"이더리움, 불 플래그 돌파...분석가 ""6개월 안에 8,000달러 도달""",이더리움 현물 ETF는 매주 수억 달러 규모의 자금이 유입되며 시장 유동성을 빠르게 흡수하고 있다. 블랙록(BlackRock) 등 대형 자산 운용사들의 비중 확대는 장기 투자 심리를 강화하는 요인으로 작용한다. 온체인 지표...,"시작페이지로 l 즐겨찾기 l RSS l 편집 2026.04.12 [13:30] 전체기사 l 로그인 l 회원가입 l KOR 전체기사 Breaking news Headline News Today Crypto & Blockchain Money & Stock English Special ▲ 이더리움(ETH)/챗GPT 생성 이미지 이더리움(Ethereum, ETH)이 장기 상승 흐름 재개 신호를 보이며 8,000달러 돌파 기대감이 빠르게 확산되고 있다. 4월 11일(현지시간) 암호화폐 전문 매체 비트코이니스트에 따르면, 이더리움은 주요 기술적 지표가 동시에 강세 신호를 나타내며 과거 상승장 초입과 유사한 흐름을 보이고 있다. 분석가들은 2023년 말 형성된 바닥 구간을 지나 불 플래그 패턴 상단 저항선을 돌파한 점에 주목했다. 거래소 내 공급량이 역대 최저 수준으로 낮아진 점도 가격 상승 압력을 키우는 요인으로 꼽힌다. 분석가 알리 마르티네즈(Ali Martinez)는 고차원 시간 프레임 차트에서 형성된 상승 채널이 8,000달러까지 열려 있다고 진단했다. 마르티네즈는 “현재 지지선이 유지될 경우 이더리움은 단기간 내 사상 최고가를 경신하고 대규모 자금 유입과 함께 강한 상승 흐름을 이어갈 것”이라고 말했다. 상대강도지수와 이동평균 수렴확산 지수 역시 매수세 우위를 뚜렷하게 보여주고 있다. 기관 자금 유입도 상승 기대를 뒷받침한다. 이더리움 현물 ETF는 매주 수억 달러 규모의 자금이 유입되며 시장 유동성을 빠르게 흡수하고 있다. 블랙록(BlackRock) 등 대형 자산 운용사들의 비중 확대는 장기 투자 심리를 강화하는 요인으로 작용한다. 온체인 지표 역시 강세 흐름을 지지한다. 활성 주소 수와 거래량이 증가하며 네트워크 활용도가 높아지고 있다. 실물 자산 토큰화와 탈중앙화 금융 확장은 이더리움 수요를 견인하며 디지털 인프라로서의 역할을 강화하는 흐름이다. 이더리움은 주요 저항선 돌파를 앞두고 매도 압력이 점차 완화되는 모습이다. 대규모 자금 축적 움직임이 이어지며 상승 랠리 진입을 위한 기반이 형성되고 있다는 평가가 나온다. *면책 조항: 이 기사는 투자 참고용으로 이를 근거로 한 투자 손실에 대해 책임을 지지 않습니다. 해당 내용은 정보 제공의 목적으로만 해석되어야 합니다.*",coinreaders.com,http://coinreaders.com/230252,"Sun, 12 Apr 2026 13:32:00 +0900"
유동성,국내,"22만원대' 금값, 다시 뛴다…중동 긴장 완화, 더 오를까","세계금협회(WGC) 역시 최근 금 가격 하락이 금리나 인플레이션보다는 유동성 확보를 위한 현금화 수요 영향이 컸다고 진단했다. 다만 중장기 상승 기대는 유지하면서도 단기적으로는 유가와 달러, 유동성 변수에 따라...","[사진 연합뉴스] [이코노미스트 김기론 기자] 국내 금 가격이 중동 지정학적 긴장 완화 이후 반등 흐름을 이어가며 향후 상승 지속 여부에 시장의 관심이 쏠리고 있다. 최근 급락 이후 회복세를 보이고 있지만, 여전히 고점 대비 낮은 수준에 머물러 추가 상승 여력과 변동성 확대 가능성이 동시에 제기된다. 12일 한국거래소에 따르면 KRX 금시장에서 금 가격(99.99%·1㎏ 기준)은 이날 오전 9시 42분 기준 1g당 22만6700원으로 전 거래일 대비 1390원(0.62%) 상승했다. 장중 시가는 22만5420원에서 출발해 완만한 상승 흐름을 보이고 있으며, 전일 종가는 22만5310원이었다. 금 가격은 지난달 급락 이후 점진적인 회복세를 나타내고 있다. 앞서 지난달 23일 도널드 트럼프 미국 대통령이 이란에 대한 최후통첩을 예고한 직후 금값은 7.87% 급락하며 20만8530원까지 밀렸다. 이는 전쟁 리스크 확대 속에서도 유가 급등과 달러 강세, 금리 상승 압력이 맞물리며 귀금속 투자심리가 위축된 영향으로 분석된다. 일반적으로 금은 대표적인 안전자산으로 분류되지만, 금리가 상승할 경우 이자를 지급하지 않는 자산 특성상 투자 매력이 감소하는 경향이 있다. 당시 호르무즈 해협 봉쇄 우려로 국제 유가가 급등하면서 인플레이션 압력이 커졌고, 이에 따른 긴축 우려가 금값 하락으로 이어졌다. 이후 미국과 이란 간 휴전 합의로 달러 강세가 완화되면서 금값은 다시 반등세를 나타냈다. 국제 금 가격 역시 상승 흐름을 보였다. 시카고상품거래소(CME) 산하 코멕스(COMEX)에서 거래되는 6월물 금 선물 가격은 최근 0.85% 상승하며 온스당 4818달러 수준을 기록했다. 전문가들은 향후 금 가격 방향성에 대해 엇갈린 전망을 내놓고 있다. NH투자증권은 전쟁 이후 귀금속 강세 사이클이 이어질 것으로 보며, 연내 금 가격이 온스당 4400~6000달러 범위에서 움직일 것으로 전망했다. 저가 매수세 유입과 함께 ‘에브리씽 랠리’ 가능성도 제기했다. 반면 대신증권은 전쟁 종료 시 스태그플레이션 우려 완화로 금 수요가 회복될 수 있으나 상승 폭은 제한적일 것으로 내다봤다. 통화정책 환경과 파생상품 시장 구조 변화 등이 상단을 제약할 수 있다는 분석이다. 세계금협회(WGC) 역시 최근 금 가격 하락이 금리나 인플레이션보다는 유동성 확보를 위한 현금화 수요 영향이 컸다고 진단했다. 다만 중장기 상승 기대는 유지하면서도 단기적으로는 유가와 달러, 유동성 변수에 따라 가격 변동성이 확대될 가능성이 크다고 전망했다. 시장에서는 지정학적 리스크 완화 이후에도 거시경제 변수에 따른 영향력이 확대되고 있는 만큼, 금 가격이 추세적 상승으로 이어질지 여부는 금리와 달러 흐름에 달려 있다는 분석이 나온다.",n.news.naver.com,https://n.news.naver.com/mnews/article/243/0000096205?sid=004,"Sun, 12 Apr 2026 13:05:00 +0900"
실업률,주식,[이번주 증시] 중동 뉴스 플로우에 변동성 커질 수 있어,"3월 실업률도 나온다. 미국의 3월 기존주택매매건수도 발표될 예정이다. 14일에는 미국의 3월 NFIB 소기업 지수와 3월 생산자물가지수, 중국의 3월 수출입 지표가 발표된다. 15일에는 미국의 4월 뉴욕 연은 제조업 지수와...","미-이란 합의 주시하며 변동성 키울 듯 지정학적 불안감 완화될 경우 실적으로 시선 옮겨갈 듯 이번주 국내증시는 중동 뉴스 플로우에 따라 변동성이 큰 장세가 이어질 것으로 보인다. 사진=연합뉴스 [오피니언뉴스=김지은 기자] 지난주 국내증시는 미국-이란의 2주간 휴전 합의 소식에 강하게 튀어올랐다. 5400선으로 한 주를 시작한 코스피 지수는 주중 한 때 5900선을 넘어섰으며, 지난 10일 종가 기준으로는 5858.87선으로 거래를 마쳤다. 주간 기준으로 상승률이 8.95%에 달했다. 수급 측면에서는 외국인의 매수세가 살아난 점도 특징적이었다. 외국인 투자자들은 지난 7일부터 10일까지 4거래일간 연일 매수세를 보였다. 이는 전쟁 이전인 2월 9~12일(4거래일) 이후 가장 긴 연속 매수세다. 지난주 총 매수 규모는 5조원에 달한다. 개인 투자자들은 9조3000억원 가량을 순매도했으며, 기관 투자자들은 1조8000억원 매수 우위를 기록했다. 이번주 국내증시는 중동 뉴스 플로우에 따라 변동성이 큰 장세가 이어질 것으로 보인다. 미국과 이란의 휴전이 성립되면서 유가가 하락하고 주식시장이 반등했지만, 여전히 불확실성은 남아있는 상태다. 미국과 이란은 오는 11일(현지시간) 파키스탄 수도인 이슬라마바드에서 전쟁 이후 첫 대면 협상에 나선다. 이란 측 협상 수장인 모하마드 바게르 갈리바프 이란 의회 의장은 엑스를 통해 ""레바논에서의 휴전과 이란의 동결 자산 해제는 협상이 시작되기 전 반드시 이행돼야 한다""며 선행조건을 강조했다. 도널드 트럼프 미 대통령은 이란과의 합의가 불발되면 대대적인 공격에 나설 것이라며 여전히 위협적인 태도를 보였다. 양국의 강경한 태도가 지속되고 있는 가운데 합의 여부나 내용에 따라 변동성이 커질 수 있음을 유의할 필요가 있다. 나정환 NH투자증권 연구원은 ""미국과 이란이 협상 예정이나 이란이 제시한 10개 협상안에 우라늄 농축 허용 등이 포함돼 있어 단기간 내 합의 도출 가능성은 제한적""이라며 ""다만 시장은 점차 전쟁 이슈에서 기업 실적으로 초점이 이동하기 시작할 것으로 예상된다""고 설명했다. 이번주부터 골드만삭스(13일)과 JP모건(14일) 등 금융기업들의 실적 발표를 시작으로 미국 역시 본격적인 어닝 시즌에 들어선다. 나 연구원은 ""S&P500 기업들의 주당순이익(EPS)은 점진적 상향 조정 흐름, 주가수익비율(PER)은 19배 수준에서 형성됐다""며 ""국내 역시 삼성전자 실적 서프라이즈 이후 코스피 2026년 당기순이익 전망치 상향 조정 진행 중이며 12개월 선행 PER은 8.8배로 낮은 수준 유지 중""이라고 분석했다. 이에 따라 ""전쟁 변수와 무관하게 실적 방향성 개선과 밸류에이션 매력 부각되는 상황으로 전쟁 리스크완화 시 위험자산 선호 회복 속도는 빠를 가능성이 높다""고 내다봤다. 정해창 대신증권 연구원 역시 ""실적 전망은 상향되고 있으나 지정학적 불확실성으로 인해 주가와의 괴리는 확대되고 있다""며 ""매크로와 통화정책 등 대부분의 불확실성들이 지정학적 불확실성에 꼬인 실타래와 같이 얽혀 있는 상황이지만, 반대급부로 지정학적 충돌이 완화될 경우 빠른 반등이 가능한 이유가 될 것""이라고 평가했다. 올해 뿐만 아니라 2027년 이익 전망치도 고려해야 한다는 조언도 나왔다. 조병현 다올투자증권 연구원은 ""2026년 이익만이 아니라 2027년 이익 전망치도 탄력적으로 상향 조정 중""이라며 ""코스피의 2027년 이익 증가율은 2월 +13%에서 현재 +17.5%로 상승했다""고 설명했다. 그는 ""이익에 대한 관심이 제고될 수 있는 구간이라는 점에서 2026년과 2027년 이익 기대감이 모두 개선되고 있는 업종들로는 반도체, IT-HW, 증권, 기계, 2차전지 등이 있다""고 덧붙였다. 이번주에는 케빈 워시 미 차기 연방준비제도(Fed, 연준) 의장 지명자의 인사 청문회 또한 예정돼있다. 정 연구원은 ""현 제롬 파월 미 연준 의장의 법적 기소 논란과 연준 독립성 훼손 이슈도 케빈 워시의 인준 과정에서 노이즈를 키울 수 있는 상황""이라며 ""현재 상원 은행위원회 내 공화당 의원 중 일부의 이탈 조짐으로 인준 과정에서 불확실성이 확대될 가능성이 짙다""고 평가했다. 한편 NH투자증권은 이번주 예상 코스피 밴드로 5400~6200선을 제시했다. 오는 13일에는 한국의 4월 1~10일 수출 지표가 발표된다. 3월 실업률도 나온다. 미국의 3월 기존주택매매건수도 발표될 예정이다. 14일에는 미국의 3월 NFIB 소기업 지수와 3월 생산자물가지수, 중국의 3월 수출입 지표가 발표된다. 15일에는 미국의 4월 뉴욕 연은 제조업 지수와 일본의 2월 핵심기계수주가 발표된다. 16일에는 미국의 3월 산업생산이 발표된다. 중국의 1분기 GDP와 3월 소매판매 및 산업생산, 고정자산투자 등이 발표된다. 김지은 기자 jekim@opinionnews.co.kr 저작권자 ? 오피니언뉴스 무단전재 및 재배포 금지 김지은 기자 다른기사 보기 페이스북 트위터 카카오스토리 카카오톡 기사공유하기",opinionnews.co.kr,http://www.opinionnews.co.kr/news/articleView.html?idxno=136613,"Sun, 12 Apr 2026 09:00:00 +0900"
실업률,주식,전쟁 리스크 완화 국면…실적 방향성 주목[주간증시전망],"◇주요 경제지표 발표 및 이벤트 일정 ▲13일 = 한국 4월 1~10일 수출·3월 실업률, 미국 3월 기존주택매매 ▲14일 = 미국 3월 NFIB 소기업지수·3월 생산자물가지수, 중국 3월 수출·3월 수입 ▲15일 = 미국 4월 뉴욕 연은...","[서울=뉴시스] 김근수 기자 = 코스피는 전 거래일(5778.01)보다 80.86포인트(1.40%) 오른 5858.87에 마감한 10일 오후 서울 중구 하나은행 본점 딜링룸 모니터에 지수가 나오고 있다.코스닥 지수는 전 거래일(1076.00)보다 17.62포인트(1.64%) 상승한 1093.62에 거래를 마쳤다. 외환시장에서 원·달러 환율은 전 거래일(1482.5원)과 동일한 1482.5원에 주간 거래를 마감했다. 2026.04.10. ks@newsis.com [서울=뉴시스] 김경택 기자 = 이번주 우리 증시는 중동 정세를 둘러싼 위험 요인이 완화 국면으로 이어지는 가운데 실적에 집중하는 시장 흐름이 이어질 전망이다. 종전 협상 과정에 따른 노이즈가 있겠지만, 전략적으로 단기 변동성을 활용한 전술적 대응이 권고됐다. 12일 한국거래소에 따르면 지난주 코스피는 전주(5377.30) 대비 481.57포인트(8.96%) 상승한 5858.87에 거래를 마쳤다. 주 초반 중동 리스크가 여전했던 가운데 삼성전자의 역대 최대 실적이 시장을 밀어올리는 흐름이 이어졌다. 이후 지난 8일 미국과 이란이 2주간 휴전에 돌입하기로 했다는 소식이 전해지며 코스피와 코스닥 지수가 각각 6%, 5% 넘게 뛰는 등 급등세가 이어졌다. 지난주 유가증권시장에서는 외국인과 기관이 각각 5조50억원, 3576억원을 순매수했고 개인은 7조7426억원을 순매도했다. 이번주는 전쟁 리스크를 털어내며 시장의 관심이 실적 시즌으로 옮겨갈 것으로 전망되고 있다. 이경민 대신증권 연구원은 ""중동 지역의 물리적 충돌은 2주일간의 휴전 합의를 기점으로 전환점에 진입했다""며 ""미국과 이란 사이의 협상이 본격적으로 재개되는 가운데 협상 전개에 따라 글로벌 증시의 등락이 결정될 전망""이라고 설명했다. 이 연구원은 ""종전으로 나아간다는 방향성은 유효하지만 협상 과정에 따른 노이즈 불가피할 것""이라며 ""통화정책도 변수인데, 오는 16일로 보도되고 있는 케빈 워시 차기 연준의장 지명자의 인사 청문회가 이벤트 리스크로 작용할 전망""이라고 내다봤다. 시장에서는 금리 인하를 지지하는 ‘비둘기파적’ 성향에 대한 기대와 동시에 양적 긴축에 대한 매파적 성향에 대한 우려가 공존하고 있다. 그는 ""글로벌 증시의 매크로 불확실성을 상쇄할 요소는 국내 기업들의 실적 가시성""이라면서 ""현재 코스피는 2008년 금융위기 이후 코스피 선행 PER(주가수익비율) 저점인 7.4~7.6배마저 하회하는 딥 밸류(Deep Value) 구간에 위치한다""고 분석했다. 그러면서 ""실적 전망은 상향되고 있으나 지정학적 불확실성으로 주가와의 괴리는 확대되고 있다""며 ""향후 경기·물가 불안을 반영하더라도 코스피 선행 PER 7배 초반 수준에서는 등락을 활용한 적극 비중 확대가 유효하다. 전략적 관점에서 종전으로 나아가는 방향성에 집중하되 협상 과정에서의 노이즈와 단기 심리변동을 활용하는 전술적 대응을 권고한다""고 조언했다. 나정환 NH투자증권 연구원도 ""시장은 점차 전쟁 이슈에서 기업 실적으로 초점이 이동하기 시작할 것""이라며 ""전쟁 변수와 무관하게 실적 방향성 개선과 밸류에이션 매력 부각되는 상황으로 전쟁 리스크 완화 시 위험자산 선호 회복 속도는 빠를 가능성이 높다""고 내다봤다． ◇주요 경제지표 발표 및 이벤트 일정 ▲13일 = 한국 4월 1~10일 수출·3월 실업률, 미국 3월 기존주택매매 ▲14일 = 미국 3월 NFIB 소기업지수·3월 생산자물가지수, 중국 3월 수출·3월 수입 ▲15일 = 미국 4월 뉴욕 연은 제조업지수, 일본 2월 핵심기계수주 ▲16일 = 미국 3월 산업생산, 중국 1분기 GDP·3월 소매판매·3월 산업생산·3월 고정자산투자",n.news.naver.com,https://n.news.naver.com/mnews/article/003/0013882032?sid=101,"Sun, 12 Apr 2026 09:00:00 +0900"
재정정책,국내,달러 넘치는데 원화만 ‘뚝’… 외환 수급의 역설에 갇힌 韓경제,재정정책만으로는 환율을 안정시키는데 한계가 있다는 지적 속에 신현송 신임 한국은행 총재 후보자의 어깨가 무거워졌다는 평가가 나온다. 물가안정과 경제성장이라는 목표를 동시에 관리해야 하는 중책을 맡게 됐기...,"[신임 한은 총재의 과제]② 수입 의존·서학개미·기업 해외투자…국내 달러 수급 불안 부추겨 시장은 우려…당국은 “외환 유동성 충분” 2일 서울 중구 하나은행 본점 딜링룸에 코스피 등이 표시되고 있다. [사진 연합뉴스] [이코노미스트 이병희 기자] 미국 달러화에 대한 원화 환율(원·달러 환율)이 1500원을 뚫고 치솟으면서 우리 경제가 비명을 지르고 있다. 미국·이스라엘과 이란 전쟁으로 인한 중동의 지정학적 리스크에 전 세계가 신음하고 있지만, 원화 가치가 특히 떨어졌다. 우리 경제는 경상수지는 흑자인데 원화 가치는 떨어지는 이른바 ‘외환 수급의 역설’이 벌어지고 있다. 재정정책만으로는 환율을 안정시키는데 한계가 있다는 지적 속에 신현송 신임 한국은행 총재 후보자의 어깨가 무거워졌다는 평가가 나온다. 물가안정과 경제성장이라는 목표를 동시에 관리해야 하는 중책을 맡게 됐기 때문이다. 17년 만에 1500원 돌파… 주요국 중 ‘하락률 최상위권’ 서울 외환시장에 따르면 지난 3월 31일 원·달러 환율은 장중 1536.9원까지 치솟으며 시장에 충격을 줬다. 이는 글로벌 금융위기 당시인 2009년 3월 10일(1561원) 이후 17년 만에 가장 높은 수준이다. 4월 들어서도 환율은 1500원대 중반에서 등락을 거듭하고 있다. 원·달러 환율이 ‘1500원대’인 시대가 현실화하는 것 아니냐는 우려도 나온다. 원화 가치의 하락 속도는 주요국 통화 중에서도 유독 가파른 모습을 보이고 있다. 지난 3월 한 달간의 데이터를 분석해보면 원화의 고립된 약세가 더욱 뚜렷하게 드러난다. 중동 전쟁 직후인 3월 2일과 같은 달 28일 국제 환율을 비교해보면 달러인덱스(DXY)는 2.6% 상승하며 강달러 현상이 나타났다. 그런데 원화 가치는 4.72% 하락했다. 달러 가치가 오른 것에 비해 원화 가치는 두 배 가까이 떨어졌다는 뜻이다. 해외 주요 통화와 비교하면 차이는 더 명확하다. 같은 기간 중국의 역외 위안화는 0.84% 하락하는 데 그쳤다. ▲영국의 파운드(-1.64%) ▲캐나다의 달러(-1.81%) ▲대만의 달러(-2.11%) 등도 원화보다 안정적인 흐름을 보였다. ▲일본의 엔화(-2.58%) ▲유럽연합(EU)의 유로화(-2.62%)마저도 하락률이 2%대에 머물렀다. 원화보다 하락 폭이 큰 국가는 ▲러시아(-5.08%) ▲칠레(-5.48%) ▲남아프리카공화국(-6.90%) 등 일부 국가에 불과했다. 환율 불안으로 금융당국이 시장안정화 조치를 확대하면서 우리나라 외환보유액도 줄어들고 있다. 한국은행에 따르면 2026년 3월 말 기준 우리나라 외환보유액은 4236억6000만달러로, 전월(4276억2000만달러) 대비 39억7000만달러 감소했다. 한국의 외환보유액 순위도 두 계단 하락한 12위로 집계됐다. 수입 의존·반도체 쏠림… 한국형 경제 체력의 한계 문제는 환율 급등이 단순히 숫자의 변화가 아니라는 점이다. 한국 경제 지표와 서민 경제에 직접적인 타격을 준다. 수입 물가 상승에 따른 인플레이션 압력도 거세지고 있다. 전쟁으로 원유 가격이 높아진 가운데 환율 충격이 더해지면서 도입 단가는 더 높아질 전망이다. 국내 유가와 전기요금 등 공공요금 인상 압박이 커지고, 이는 결국 취약계층의 생계비 부담으로 직결된다. 원화 가치가 유독 힘을 쓰지 못하는 배경에는 복합적인 요인이 거론되지만 수입 의존도가 높은 기초체력의 한계가 주로 지적된다. 한국은 원유 수입의 70%가량을 중동산에 의존한다. 중동 분쟁으로 유가가 꿈틀대면 수입 결제 대금인 달러 수요가 급증하고, 이는 즉각적인 원화 가치 하락으로 이어진다. 반도체 산업에 대한 높은 의존율도 위험 요인이다. 반도체 투톱으로 불리는 삼성전자와 SK하이닉스의 유가증권시장 시가총액 비중이 40%에 달하는데, 외국인 투자자의 이탈은 증시 약화로 이어진다. 반도체를 제외한 나머지 제조업의 기초체력이 허약하다는 인식이 확산되면서, 증시에서 빠져나가는 외국인 자금이 달러 수요를 부채질하고 있다는 뜻이다. 국내 기업들이 달러를 원화로 바꾸지 않고 해외 현지 공장 증설이나 자산 투자에 바로 활용하는 점도 달러 수급 불안정성을 가중시킨다는 해석이 있다. 기업이 수출로 벌어들인 달러를 국내 시장으로 들여오지 않고 보유하고 있다가 해외에 직접 투자(ODI)하는 경우가 많다는 것이다. 여기에 개인 투자자들의 해외 주식 투자 열풍도 원화 약세의 원인 중 하나로 거론된다. 연간 조 단위의 자금이 달러로 환전돼 해외로 빠져나가면서 국내 외환시장의 달러 유동성을 고갈시키고 있다는 것이다. 신현송 한은 총재 후보자 “달러 자금 상당히 풍부” 정부와 금융당국은 현재의 고환율이 경제 위기로 전이될 가능성에는 선을 긋고 있다. 구윤철 부총리 겸 재정경제부 장관은 4월 1일 정부서울청사에서 거시재정금융간담회를 처음으로 주재하면서 “외환시장과 관련해 원화가 큰 폭의 변동성을 보이고 있으나, 펀더멘털과 괴리된 과도한 원화 약세는 우리 경제에 도움이 되지 않는다”고 했다. 구 부총리는 “올해 들어 수출이 역대 최고치를 경신하고 있고 오늘부터 국고채도 세계국채지수(WGBI)에 편입된다”며 “국회에서도 환율 안정 세제 3법이 통과됨에 따라 향후 국내시장복귀계좌(RIA)를 통한 해외증권투자 자금의 환류가 본격화되고 해외법인으로부터의 배당이 증가하게 되면 환율 안정에 도움이 될 것으로 기대한다”고 했다. 신현송 한국은행 총재 후보자는 “달러 자금이 상당히 풍부하다”며 금융불안정 우려를 진정시키는 발언을 했다. 신 후보자는 “비록 환율은 높지만 달러 유동성은 상당히 양호하다”며 “예전처럼 환율과 금융불안정을 직결시킬 필요가 없는 것 같다”고 했다. 환율이 상승하기는 했지만 과거 국제통화기금(IMF) 외환위기 때와 같은 금융 시장의 혼란을 걱정할 정도는 아니라는 뜻으로 해석된다. 다만 원화 약세가 당분간 더 이어질 수 있다는 전망도 있다. 민경원 우리은행 선임연구원은 보고서를 통해 “지정학적 긴장이 재차 고조되면서 아시아 증시 전반의 하락으로 이어질 가능성이 높다”며 “국내 증시 역시 외국인 자금 순매도와 맞물려 약세를 보일 경우 원화 약세 압력이 확대될 수 있다”고 설명했다.",n.news.naver.com,https://n.news.naver.com/mnews/article/243/0000096192?sid=101,"Sun, 12 Apr 2026 09:01:00 +0900"
재정정책,국내,"채권시장, 금통위 소화 후 중동 정세·신현송 청문회 ‘주시’","신 후보자가 공급 충격에 대한 통화정책 대응보다 재정정책과의 공조를 강조할지, 혹은 긴축 가능성을 열어둘지가 관건이다. 시장 관계자들은 중동 사태 양상과 5월 수정경제전망에서의 물가 조정폭 등을 종합적으로...","美·이란 휴전에 안도감 국고채 3년물 금리 3.3%대 안정세 채권 공매도 성격 ‘대차 잔고’ 감소 연내 금리 ‘동결 vs 인상’ 전망 팽팽 유가·물가 상방 리스크가 변수 [ⓒ 서울경제TV(www.sentv.co.kr), 무단 전재 및 재배포 금지] 기자 전체보기 김효진 기자 hyojeans@sedaily.com 02) 3153-2610 이 기자의 기사를 구독하시려면 구독 신청 버튼을 눌러주세요. 관련뉴스 신한금융 ""박스권 탈출한 코스피…밸류업에 지수 체급 높아져"" 서울특별시 마포구 월드컵북로 400 서울경제진흥원 3, 4층 서울경제TV 제호 : 서울경제TV 등록번호 : 서울, 아52887 등록일 : 2020-02-19 발행일 : 2008-10-10 청소년보호책임자 : 김태중 주사무소 및 발행소 전화번호 : 02-3153-2605 고객센터 : 1577-7451 사업자등록번호 : 107-81-84028 통신판매업신고번호 : 제 2018-서울종로-0855호 대표자 성명 : 손동영 서울특별시 종로구 율곡로 6, 트윈트리빌딩 비동 16층(중학동) Copyright 2012 ⓒ ㈜서울경제티브이 Corp. All Rights Reserved.",sentv.co.kr,https://www.sentv.co.kr/article/view/sentv202604120001,"Sun, 12 Apr 2026 08:14:00 +0900"
통화정책,국내,금리만 보던 한은이 싱크탱크로…이창용 총재 4년이 바꾼 것들,"이창용 체제 하에서 가장 상징적인 변화는 통화정책 커뮤니케이션이다. 이 총재는 2022년 취임 첫해부터 향후 금리 경로에 대한 조건부 신호를 줬고, 이후에는 금통위원들이 열어둔 최종금리 수준과 인원 수를 공개해...","(서울=뉴스1) 사진공동취재단 = 이창용 한국은행 총재가 10일 서울 중구 한국은행에서 열린 통화정책방향 기자간담회에서 취재진 질문에 답하고 있다. 2026.4.10/뉴스1 Copyright (C) 뉴스1. All rights reserved. 무단 전재 및 재배포, AI학습 이용 금지. /사진=(서울=뉴스1) 사진공동취재단 오는 20일 4년간의 임기를 마치는 이창용 한국은행 총재의 재임 기간 동안 한은의 존재감은 뚜렷해졌다. 금리만 올리고 내리던 조용한 중앙은행에서 적극적으로 메시지를 내는 싱크탱크로 변모했다. 금리 결정엔 항상 배경 설명이 뒤따랐고 포워드가이던스, 점도표도 도입됐다. 한은이 던진 구조개혁 페이퍼엔 세간의 관심이 모였다. 이창용 체제 하에서 가장 상징적인 변화는 통화정책 커뮤니케이션이다. 이 총재는 2022년 취임 첫해부터 향후 금리 경로에 대한 조건부 신호를 줬고, 이후에는 금통위원들이 열어둔 최종금리 수준과 인원 수를 공개해 시장의 해석 폭을 좁혔다. 올해 2월에는 한 걸음 더 나아가 6개월 후 기준금리에 대한 조건부 전망을 점도표 형식으로 처음 공개했다. 대중과의 거리도 확실히 좁아졌다. 한은은 이 총재 취임 직후인 2022년 5월 블로그를 개설하고, 유튜브·소셜미디어(SNS)를 통해 기준금리 결정 배경과 금융시장 흐름을 더 쉽게 설명하는 콘텐츠를 늘렸다. 조직 내부적으론 타운홀 미팅과 주간 현안 포럼을 지속적으로 운영하며 경영 현안과 주요 이슈에 대한 내부 소통을 강화했다. 통화정책 운용 방식도 한층 입체적으로 바뀌었다. 이 총재는 금리만이 아니라 외환시장 개입, 거시건전성 조치, 자본이동 관리 등을 아우르는 통합정책체계(IPF·Integrated Policy Framework)를 강조해왔다. 실제 기자간담회에서도 가계부채와 주택시장 흐름을 거시건전성정책의 효과와 함께 설명했고, 외환·금융시장 변동성까지 함께 고려하는 방식이 뚜렷해졌다. 의제의 폭도 넓어졌다. 이창용 체제에서 한은의 관심사는 금리와 물가에만 머물지 않았다. 인구 및 노동시장 구조변화를 반영한 잠재성장률 재추정과 구조적 해법 마련을 주요 과제로 제시했고 △저출생·고령화 △지역균형발전 △교육개혁 △주택금융 △계속근로 등 '구조개혁 연구 시리즈'를 통해 장기 과제를 공론화했다. 중앙은행이 한국 경제의 싱크탱크로 거듭난 순간이다. 위기 국면에서의 '소방수' 역할도 빼놓을 수 없다. 취임 직후 고물가 대응을 위해 두 차례의 빅스텝을 포함, 기준금리를 3.50%까지 신속히 끌어올리며 긴축의 고삐를 죄었다. 적극적인 통화정책으로 한국은 코로나19 펜데믹 이후 전세계 주요국 중 가장 먼저 2% 물가안정목표를 달성했다. 한국 역사상 처음으로 가계부채 비율 하락 전환도 이끌어냈다. 반면 레고랜드 사태나 12·3 비상계엄 같은 시장 충격이 발생했을 때는 과감한 유동성 공급과 외환시장 안정 조치로 대응했다. 물가 관리와 시장 안정화라는 두 마리 토끼를 잡으며 여러 차례의 대내외 위기를 정면 돌파했다는 평가를 받는다. 국제무대 존재감도 커졌다. 이 총재는 국제결제은행(BIS) 글로벌금융시스템위원회(CGFS) 의장직을 맡고, 잭슨홀 미팅과 신트라 포럼, 국제통화기금(IMF) 고위급 무대에 잇따라 참여하며 한은의 발언권을 키웠다. 이 같은 발자취 덕분에 내부적으로도 신임이 두텁다. 지난해 말 한은 노조 설문에서 이 총재 재임 중 한은의 국내 위상이 높아졌다는 응답은 64%, 국제 위상이 높아졌다는 응답은 62%에 달했다. 정책 실적이 우수하다는 평가는 61%, 구조개혁 논의가 한국의 경제정책 방향 수립에 도움이 됐다는 응답은 53%였다. '정책 총재'로서의 존재감만큼은 내부에서도 비교적 분명하게 인정받은 셈이다.",n.news.naver.com,https://n.news.naver.com/mnews/article/008/0005342998?sid=101,"Sun, 12 Apr 2026 13:00:00 +0900"
통화정책,부동산,"""금리 인상 충격, 수도권 집중…지방 집값 영향 '미미'""",장민 한국금융연구원 선임연구위원은 12일 '통화정책이 지역별 주택가격에 미치는 영향' 보고서에서 이같이 밝혔다. 보고서에 따르면 수도권 주택가격은 기준금리 0.25%p 인상에 상응하는 통화정책 충격 발생 시 1년 후...,"(출처=연합뉴스) [파이낸셜뉴스] 기준금리를 0.25%p 인상할 경우 수도권과 광역시 주택가격에는 영향을 미치지만, 그 외 지역 주택가격에는 별다른 영향이 없다는 연구 결과가 나왔다. 장민 한국금융연구원 선임연구위원은 12일 '통화정책이 지역별 주택가격에 미치는 영향' 보고서에서 이같이 밝혔다. 보고서에 따르면 수도권 주택가격은 기준금리 0.25%p 인상에 상응하는 통화정책 충격 발생 시 1년 후 약 0.6% 하락한 뒤 점진적으로 회복되는 것으로 나타났다. 광역시 주택가격도 1년 후 약 0.4% 수준까지 하락하는 것으로 분석됐다. 반면 기타 도 지역의 주택가격은 통화정책 충격 발생 시 여타 지역과 비교해 반응 폭이 크지 않았으며, 통계적으로도 유의하지 않은 것으로 나타났다. 장 선임연구위원은 ""통화정책 충격에 수도권 주택가격이 가장 크고 유의한 영향을 받는 것은 수도권의 높은 주택가격과 차주당 부채 규모로 인해 금리 상승에 대한 부담이 상대적으로 크기 때문""이라고 설명했다. 이어 ""지난 2월 기준 서울 아파트 평균 가격은 15억4000만원으로 광역시 평균인 3억6000만원의 4배 이상, 기타 도 지역 평균인 2억4000만원의 6배 이상 높은 수준""이라며 ""차주당 평균 신규 취급 기준 주택담보대출 규모 역시 수도권이 약 2억4000만원으로 타 지역 대비 15~60%가량 높은 수준""이라고 덧붙였다. 아울러 장 선임연구위원은 대출 규제 등 다른 부동산 금융정책은 지역별 주택시장 상황을 반영해 설계할 수 있는 반면, 통화정책은 지역과 관계없이 전국에 동일하게 적용되는 특성이 있다고 지적했다. 그는 ""금리 변화를 수반하는 획일적인 통화정책은 수도권 주택가격에 가장 크고 유의한 영향을 미친다""며 ""지방 주택시장 안정을 위해서는 지역 생산활동, 고용 여건, 인구 순증 등 지역 특성과 밀접한 정책이 상대적으로 더 중요할 수 있다""고 말했다.",n.news.naver.com,https://n.news.naver.com/mnews/article/014/0005506178?sid=101,"Sun, 12 Apr 2026 12:56:00 +0900"
실질 GDP,국제,해마다 121조씩 나랏빚 늘어난다…2030년엔 GDP 60%가 채무,성장률 전망에는 국가채무비율 산정의 토대가 되는 경상 GDP가 아니라 물가를 감안한 실질 GDP가 사용되지만 중동 전쟁으로 인한 불확실성은 공통으로 반영된다. 국제통화기금(IMF)은 중동 전쟁과 별개로...,"작년 129.4조 늘어나 역대 최대폭 IMF, 일반정부부채 증가속도 상향 중동發 에너지 리스크에 경제타격 [연합뉴스] 국내총생산(GDP) 대비 국가채무 비율이 급상승하고 있다. 중동 전쟁 여파로 성장 둔화와 재정지출 확대가 겹칠 경우 국가채무비율은 급격히 높아질 것으로 전망된다. 12일 2025 회계연도 국가결산보고서에 따르면 지난해 국가채무(D1)는 1304조5000억원(잠정)으로 전년 결산보다 129조4000억원 늘었다.국가데이터처 국가통계포털(KOSIS)에서도 지난해 국가채무 증가 폭은 현재와 같은 기준으로 공식 집계를 공표하기 시작한 1997년 이후 가장 컸다. 1년 동안 국가채무가 100조원 넘게 증가한 것은 2020년(+123.4조원)과 2021년(+124.1조원)을 포함해 작년까지 3개 연도뿐이다. 지난해 국가채무 증가율은 약 11%로 2021년 14.7%를 기록한 후 4년 만에 가장 큰 수치다. 국가채무는 정부가 직접적인 상환의무를 부담하는 확정채무로 중앙정부 채무와 지방정부 순채무를 합산한 값이다. 확정치는 지방 정부 결산이 끝나는 8월 이후 나온다. 국가채무가 최대 규모로 늘면서 GDP 대비 비율(국가채무비율)도 급상승했다. 국가채무비율은 2024년 46.0%에서 2025년 49.0%로 3.0%p 높아졌다. 코로나19 팬데믹으로 경제 타격이 있던 2020년 5.7%p 치솟은 후 5년 만에 가장 큰 폭으로 뛰었다. 국가채무비율은 2021년 2.6%p, 2022년 2.2p%, 2023년 0.9%p로 점차 상승 폭을 줄이다 2024년에는 0.8%p 하락하고 지난해 급반등했다. 앞으로는 국가채무가 연간 100조원 넘게 증가하는 게 뉴노멀이 될 수 있다는 전망이 나오는 이유다. 정부는 지난해 9월 국회에 제출한 ‘2025∼2029년 국가재정운용계획’ 등에서 국가채무가 2026년 1415조 2000억원, 2027년 1532조 5000억원, 2028년 1664조 3000억원, 2029년 1788조 9000억원으로 늘어날 것으로 내다봤다. 해당 전망대로라면 올해부터 2029년까지 연평균 약 121조원씩 증가하는 셈이다. 이에 국가채무비율은 2026년 51.6%, 2027년 53.8%, 2028년 56.2%, 2029년 58.0%로 확대할 것으로 관측된다. 올해 GDP 성장이 둔화하거나 재정 부담이 커지면 국가채무비율 상승 속도가 더 빨라질 수 있다. 경제협력개발기구(OECD)는 올해 한국의 성장률이 1.7% 수준이 될 것이라며 작년 12월에 내놓았던 전망치를 최근 0.4%p 낮췄다. OECD는 보고서에서 한국이나 일본이 중동으로부터의 에너지 수입 의존도가 크다는 점을 거론하며 중동 전쟁으로 인한 에너지 공급 부족이 생산 활동에 부담으로 작용할 것이라고 내다봤다. 한국은행 금융통화위원회도 에너지 가격 상승과 공급 차질의 영향으로 성장세가 당초 예상보다 둔화하면서 올해 성장률이 지난 2월 전망치(2.0%)를 하회할 것으로 예상된다고 밝힌 바 있다. 성장률 전망에는 국가채무비율 산정의 토대가 되는 경상 GDP가 아니라 물가를 감안한 실질 GDP가 사용되지만 중동 전쟁으로 인한 불확실성은 공통으로 반영된다. 3일 경기도 평택항에 수출용 자동차가 세워져 있는 모습. [연합뉴스] 국제통화기금(IMF)은 중동 전쟁과 별개로 한국 재정 지표가 애초 예상보다 더 어두워질 것으로 분석한 바 있다. IMF는 지난해 10월 공개한 재정 점검 보고서에서 한국의 일반정부부채(D2)가 2030년이면 GDP의 64.3%가 될 것이라고 전망했다. 4월 보고서에서는 59.2%로 전망했다가 6개월 만에 5.1%p를 올린 것이다. D2는 D1에 중앙·지방 비영리공공기관 부채를 더해 산출한다. 한국은 일본이나 독일에 비하면 그 비율이 훨씬 낮은 편이지만 IMF는 양국의 비율을 낮췄다. 일본은 9.5%p(231.7%→222.2%), 독일은 1.2%p(74.8%→73.6%) 하향 조정됐다. 싱가포르의 경우 0.7%p(178.0%→178.7%) 높였다.",n.news.naver.com,https://n.news.naver.com/mnews/article/009/0005664556?sid=101,"Sun, 12 Apr 2026 10:20:00 +0900"
실질 GDP,국제,국가채무 비율 급상승...2030년엔 GDP 60% 육박,성장률 전망에는 국가채무비율 산정의 토대가 되는 경상 GDP가 아니라 물가를 감안한 실질 GDP가 사용되지만 중동 전쟁으로 인한 불확실성은 공통으로 반영된다. 국제통화기금(IMF)은 중동 전쟁과 별개로 한국...,"호르무즈 해협. 연합뉴스 [파이낸셜뉴스] 국내총생산(GDP) 대비 국가채무 비율이 급상승하고 있다. 굴로벌 경제가 중동 전쟁으로 인해 먹구름이 낀 가운데 재정 부담이 커지거나 모수인 GDP가 늘지 않으면 국가채무비율은 더 빨리 높아질 것으로 전망된다. 12일 2025 회계연도 국가결산보고서에 따르면 지난해 국가채무(D1)는 1304조 5000억원(잠정)으로 전년 결산보다 129조 4000억원 늘었다.국가데이터처 국가통계포털(KOSIS)에서도 지난해 국가채무 증가 폭은 현재와 같은 기준으로 공식 집계를 공표하기 시작한 1997년 이후 가장 컸다. 연 단위 국가채무가 감소한 적이 없으므로 그 총액은 매년 최고치를 경신하고 있는데, 1년 동안 100조원 넘게 증가한 것은 2020년(+123.4조원)과 2021년(+124.1조원)을 포함해 작년까지 3개 연도뿐이다. 지난해 국가채무 증가율은 약 11%로 2021년 14.7%를 기록한 후 4년 만에 가장 큰 수치다. 국가채무는 정부가 직접적인 상환의무를 부담하는 확정채무로 중앙정부 채무와 지방정부 순채무를 합산한 값이다. 확정치는 지방 정부 결산이 끝나는 8월 이후 나온다. 국가채무가 최대 규모로 늘면서 GDP 대비 비율(국가채무비율)도 급상승했다. 국가채무비율은 2024년 46.0%에서 2025년 49.0%로 3.0%p 높아졌다. 코로나19 팬데믹으로 경제 타격이 있던 2020년 5.7%p 치솟은 후 5년 만에 가장 큰 폭으로 뛰었다. 국가채무비율은 2021년 2.6%p, 2022년 2.2p%, 2023년 0.9%p로 점차 상승 폭을 줄이다 2024년에는 0.8%p 하락하고 지난해 급반등했다. 앞으로는 국가채무가 연간 100조원 넘게 증가하는 게 뉴노멀이 될 수 있다는 전망이 나오는 이유다. 정부는 지난해 9월 국회에 제출한 '2025∼2029년 국가재정운용계획' 등에서 국가채무가 2026년 1415조 2000억원, 2027년 1532조 5000억원, 2028년 1664조 3000억원, 2029년 1788조 9000억원으로 늘어날 것으로 내다봤다. 해당 전망대로라면 올해부터 2029년까지 연 평균 약 121조원씩 증가하는 셈이다. 이에 국가채무비율은 2026년 51.6%, 2027년 53.8%, 2028년 56.2%, 2029년 58.0%로 확대할 것으로 관측된다. 올해 GDP 성장이 둔화하거나 재정 부담이 커지면 국가채무비율 상승 속도가 더 빨라질 수 있다. 경제협력개발기구(OECD)는 올해 한국의 성장률이 1.7% 수준이 될 것이라며 작년 12월에 내놓았던 전망치를 최근 0.4%p 낮췄다. OECD는 보고서에서 한국이나 일본이 중동으로부터의 에너지 수입 의존도가 크다는 점을 거론하며 중동 전쟁으로 인한 에너지 공급 부족이 생산 활동에 부담으로 작용할 것이라고 내다봤다. 한국은행 금융통화위원회도 에너지 가격 상승과 공급 차질의 영향으로 성장세가 당초 예상보다 둔화하면서 올해 성장률이 지난 2월 전망치(2.0%)를 하회할 것으로 예상된다고 밝힌 바 있다. 성장률 전망에는 국가채무비율 산정의 토대가 되는 경상 GDP가 아니라 물가를 감안한 실질 GDP가 사용되지만 중동 전쟁으로 인한 불확실성은 공통으로 반영된다. 국제통화기금(IMF)은 중동 전쟁과 별개로 한국 재정 지표가 애초 예상보다 더 어두워질 것으로 분석한 바 있다. IMF는 지난해 10월 공개한 재정 점검 보고서에서 한국의 일반정부부채(D2)가 2030년이면 GDP의 64.3%가 될 것이라고 전망했다. 4월 보고서에서는 59.2%로 전망했다가 6개월 만에 5.1%p를 올린 것이다. D2는 D1에 중앙·지방 비영리공공기관 부채를 더해 산출한다. 한국은 일본이나 독일에 비하면 그 비율이 훨씬 낮은 편이지만 IMF는 양국의 비율을 낮췄다. 일본은 9.5%p(231.7%→222.2%), 독일은 1.2%p(74.8%→73.6%) 하향 조정됐다. 싱가포르의 경우 0.7%p(178.0%→178.7%) 높였다.",n.news.naver.com,https://n.news.naver.com/mnews/article/014/0005506071?sid=101,"Sun, 12 Apr 2026 08:17:00 +0900"
통화량,주식,"비트코인, 7만 7,000달러 고지 보인다...역사적 신고가 경신 확률은?",글로벌 시장의 M2 통화량과 총 유동성이 동반 상승하는 가운데 특히 중국의 자금 공급이 시장에 긍정적인 영향을 미치고 있다. 데이비스는 이러한 유동성 공급이 비트코인의 가격 상승을 견인하는 핵심 동력이 될...,"시작페이지로 l 즐겨찾기 l RSS l 편집 2026.04.12 [13:30] 전체기사 l 로그인 l 회원가입 l KOR 전체기사 Breaking news Headline News Today Crypto & Blockchain Money & Stock English Special ▲ 비트코인(BTC), 상승/챗GPT 생성 이미지 비트코인(Bitcoin, BTC)이 중동의 지정학적 위기를 뚫고 7만 7,000달러 고지를 향한 거침없는 질주를 준비하고 있다. 암호화폐 애널리스트 라크 데이비스(Lark Davis)는 4월 10일(현지시간) 자신의 유튜브 채널에 공개한 영상에서 현재 가상자산 시장이 코로나19 이후 가장 강력한 거시 경제적 호재를 맞이하고 있다고 진단했다. 글로벌 시장의 M2 통화량과 총 유동성이 동반 상승하는 가운데 특히 중국의 자금 공급이 시장에 긍정적인 영향을 미치고 있다. 데이비스는 이러한 유동성 공급이 비트코인의 가격 상승을 견인하는 핵심 동력이 될 것이라고 강조했다. 지정학적 불확실성에도 비트코인의 실질적인 활용 사례는 오히려 늘어나고 있다. 미국과 이란의 휴전 협상이 안갯속인 상황에서도 비트코인 현물 ETF로의 자금 유입은 멈추지 않고 있다. 최근 하루 동안에만 비트코인 현물 ETF에 3억 5,800만 달러가 유입되며 기관 투자자들의 매수 의지를 증명했다. 특히 호르무즈 해협 통행료 결제에 비트코인이 사용되는 사례는 검열 불가능한 자산으로서의 가치를 입증하는 대목이다. 기술적 분석 측면에서도 비트코인은 강력한 시세 분출 신호를 보내고 있다. 현재 특정 채널 내에서 횡보 중인 비트코인은 20일 및 50일 이동평균선(EMA) 골든크로스가 임박한 상태다. 데이비스는 비트코인이 7만 600달러 선을 유지할 경우 불 플래그 패턴을 형성하며 7만 7,000달러까지 상승할 가능성이 크다고 내다봤다. 채널 돌파가 성공할 경우 시장은 새로운 상승 추세에 진입하게 된다. 반면 도널드 트럼프 대통령 가족이 추진하는 월드 리버티 파이낸스(World Liberty Fi)에 대해서는 강력한 주의를 당부했다. 해당 프로젝트의 토큰은 실질적인 활용도가 부족하며 프로토콜 수익이 특정 인물들에게 집중되는 구조를 가지고 있다. 유동성이 낮은 상태에서 대규모 대출의 담보로 사용되고 있어 가격 하락 시 연쇄 청산과 플랫폼 붕괴로 이어질 위험이 크다. 투자자들은 유명세를 앞세운 프로젝트의 본질적인 위험을 직시해야 한다. 가상자산 관련 기업들의 사업 다각화와 매집 활동도 활발하다. 비트코인 채굴 기업 마라톤 디지털(Marathon Digital)은 데이터 센터 사업으로 영역을 확장하며 수익성 개선에 나섰다. 스트래티지(Strategy) 역시 주간 단위에서 이동평균 수렴확산 지수가 발생했으며 회장 마이클 세일러(Michael Saylor)의 지속적인 매집이 이어지고 있다. 시장의 전반적인 지표들은 본격적인 상승장을 가리키고 있다. *면책 조항: 이 기사는 투자 참고용으로 이를 근거로 한 투자 손실에 대해 책임을 지지 않습니다. 해당 내용은 정보 제공의 목적으로만 해석되어야 합니다.*",coinreaders.com,http://coinreaders.com/230135,"Sat, 11 Apr 2026 11:02:00 +0900"
통화량,국내,"고환율과 고유가…3월 수입물가, 9개월 연속 오르나[한은 미리보기]","지난 1월 시중 통화량은 M2(광의통화·평잔) 기준 4108조 9000억원으로 전월 대비 27조 7000억원(0.7%) 증가했다. 전월 증가율(0.5%)보다 소폭 확대된 수준이자, 두 달째 증가 흐름을 이어간 바 있다. 13일에는 2025년...","13일 2025년 지급결제 보고서 발간 15일 올해 3월 수출입물가지수 발표 이창용 총재, 이달 12~19일 워싱턴 출장 [이데일리 유준하 기자] 한국은행은 다음주 올해 3월 수출입물가지수와 2월 통화 및 유동성 등을 발표한다. 앞서 지난달 원·달러 환율이 1530원대까지 치솟았던 만큼 수입 물가 상승세가 여전히 이어질지 관심이 모인다. 사진=이데일리 한은은 오는 15일 올해 3월 수출입물가지수를 발표한다. 지난달 원·달러 환율이 1530원대까지 오른 데다 국제유가도 100달러선을 넘어섰던 만큼 수입 물가 상승이 이어질 가능성이 높다. 앞서 발표된 지난 2월 수입물가는 전월 대비 1.1% 상승하며 8개월 연속 상승 흐름을 이어간 바 있다. 같은 날엔 올해 2월 통화 및 유동성을 공개한다. 지난 1월 시중 통화량은 M2(광의통화·평잔) 기준 4108조 9000억원으로 전월 대비 27조 7000억원(0.7%) 증가했다. 전월 증가율(0.5%)보다 소폭 확대된 수준이자, 두 달째 증가 흐름을 이어간 바 있다. 13일에는 2025년 지급결제보고서가 발표된다. 앞서 한은은 지난 2024년 지급결제보고서를 통해 ‘프로젝트 한강’을 소개한 바 있다. 이번 보고서에도 현재 한은이 2차 프로젝트를 진행 중인 만큼 관련된 내용이 나올 것으로 예상된다. 오는 16일엔 2025년 결제통화별 수출입 확정치가 발표된다. 앞서 발표된 2024년의 경우 수출 결제 대금의 통화별 비중은 △미국 달러 84.5% △유로화 6.0% △원화 2.7% △엔화 2.0% △위안화 1.5% 등으로 집계된 바 있다. 한편 이창용 총재는 오는 12일부터 19일까지 G20 재무장관·중앙은행 총재 회의 및 국제통화기금(IMF) 춘계회의 참석을 위해 워싱턴 출장길에 오른다. ◇주간 보도계획 △13일(월) 12:00 2025년도 지급결제보고서 발간 △14일(화) 12:00 BoK 이슈노트: 남성 청년층 경제활동참가율의 하락 추세 평가 16:00 2026년 제6차 금통위 의사록 공개 △15일(수) 06:00 2026년 3월 수출입물가지수 및 무역지수(잠정) 12:00 2026년 2월 통화 및 유동성 △16일(목) 12:00 2025년 결제통화별 수출입(확정) △17일(금) 06:00 BoK 이슈노트: 우리나라 대외부문의 구조적 변화가 환율에 미치는 영향",n.news.naver.com,https://n.news.naver.com/mnews/article/018/0006254979?sid=101,"Sat, 11 Apr 2026 08:02:00 +0900"
통화 긴축,국내,"매파' 우려 씻나? 신현송 ""기준금리 2.5%, 중립금리 범위 수준""",시장으로부터 '매파(통화 긴축 선호)'로 분류됐던 신현송 한국은행 총재 후보자가 현재의 기준금리 수준을 '중립적'이라고 평가하며 신중한 행보를 보였다. 이에 따라 한은 총재 취임 이후 급격한 금리 인상이 단행될...,"천하람 의원 서면질의에 답변…금리 신중론 이어질 듯 신현송 한국은행 총재 후보자가 지난 9일 오전 서울 중구 한화금융플라자에 차려진 인사 청문회 준비 사무실로 출근하고 있다. /사진=최진석 시장으로부터 '매파(통화 긴축 선호)'로 분류됐던 신현송 한국은행 총재 후보자가 현재의 기준금리 수준을 '중립적'이라고 평가하며 신중한 행보를 보였다. 이에 따라 한은 총재 취임 이후 급격한 금리 인상이 단행될 것이라는 시장의 우려가 상당 부분 해소될 것으로 전망된다. 12일 국회 기획재정위원회 소속 천하람 의원실에 따르면, 신 후보자는 인사청문회 서면질의 답변을 통해 ""행내외 연구 결과를 종합할 때 현재 기준금리인 연 2.50%는 중립금리 추정 범위의 중간 정도 수준""이라고 밝혔다. 중립금리란 경제가 인플레이션이나 디플레이션 압력 없이 잠재성장률 수준을 유지할 수 있는 '이론적 금리'를 뜻한다. 후보자가 현 금리를 중립 수준으로 평가한 것은, 현재의 통화정책 기조가 지나치게 완화적이거나 긴축적이지 않다는 판단으로 풀이된다. 이는 시장이 예상했던 과감한 금리 인상보다는 당분간 현 수준을 유지하며 경기 상황을 관망하는 '동결' 기조에 무게를 싣는 발언이다. 다만 신 후보자는 ""중립금리는 추정 모델에 따라 불확실성이 크다""며 ""실제 정책 결정 시에는 금융 상황과 정책 효과 등을 종합적으로 고려해야 한다""고 덧붙여 유연한 대응 가능성도 열어두었다. ━ 환율 방어 위해 '국민연금 카드' 공식화 ━ 최근 요동치는 외환시장에 대해서는 대외적 요인을 원인으로 꼽으며 구체적인 해법을 제시했다. 신 후보자는 원·달러 환율 상승의 배경으로 중동 지역의 긴장 고조와 유가 급등, 글로벌 위험 회피 심리를 언급했다. 특히 그는 환율 안정을 위해 국민연금과의 협조 체계를 강조했다. 신 후보자는 ""국민연금이 환헤지를 확대할 경우 외환시장의 수급 불균형 완화에 도움이 될 것""이라며, 국민연금이 해외 투자 재원을 외화채권 발행 등으로 다변화한다면 환율 상승 압력을 낮추는 '자연 헤지' 효과를 기대할 수 있다고 진단했다. 과거 인플레이션 대응에 강경한 입장을 보였던 신 후보자가 이번 질의에서 '중립금리'와 '대외 불확실성'을 전면에 내세운 것은, 급변하는 국제 정세 속에서 급격한 정책 변화보다는 안정을 택하겠다는 의지로 보인다. 신 후보자는 ""중동 전쟁 이후 우리 통화의 약세 폭이 컸던 만큼 앞으로 외환시장 상황을 면밀히 살피겠다""며 취임 후 시장 소통과 정교한 정책 운용에 집중할 것임을 시사했다.",n.news.naver.com,https://n.news.naver.com/mnews/article/417/0001138587?sid=101,"Sun, 12 Apr 2026 10:56:00 +0900"
통화 긴축,국제,중동 ‘2주 휴전’에 '高환율·高물가' 숨고르기…기준금리 어떻게 움직...,신현송 후보자는 글로벌 금융 시장에서 통화 긴축을 선호하는 ‘매파’ 성향으로 분류됐었다. 그는 평소 금융 불균형 해소와 자본 흐름의 안정을 강조해왔다. 연방준비제도(Fed·연준) 내부에서 감지되는 ‘금리 인상...,"[신임 한은 총재의 과제]① 유가·물가 압박에 금리 ‘인상론’…3%대 물가 진입 분수령 美 연준 ‘동결’ 장기화에 무게…한·미 금리차 좁혀지나 영끌족·소상공인 이자 부담 변수 신현송 한국은행 총재 후보자가 3월 31일 서울 중구 한화금융플라자에 마련된 인사청문회 준비사무실로 출근하며 취재진의 질문에 답하고 있다. [사진 연합뉴스] [이코노미스트 이병희 기자] 이창용 한국은행 총재의 후임으로 지명된 신현송 신임 총재 후보자가 인사청문회를 앞둔 가운데, 향후 기준금리 향방이 어떻게 진행될지 관심이 쏠리고 있다. 도널드 트럼프 미국 대통령과 이란의 ‘2주 휴전’ 합의로 최악의 상황은 피했지만, 국제유가 상승과 그에 따른 세계적 경제 불확실성 증가, 물가 상승률 확대라는 문제가 해결되지 않았기 때문이다. 미국 달러화에 대한 원화 환율(원·달러 환율)이 치솟으면서 우리 경제도 타격을 받은 가운데, 일각에서는 기준금리 인상 가능성도 제기된다. 물가 상승률 3%대 진입 초읽기 한국 시간 8일 오전 9시, 전 세계의 이목이 쏠렸던 트럼프 대통령의 최후통첩 시한이 ‘2주간의 일시 휴전’으로 숨 고르기에 들어갔다. 전쟁 확산이라는 파괴적 시나리오는 일단 멈춰 섰지만, 외환 및 원자재 시장의 긴장감은 여전하다는 평가도 나온다. 호르무즈 해협의 완전한 개방 여부가 불투명한 상황에서 국제유가는 배럴당 110달러 선을 위협하며 고공행진을 이어가고 있기 때문이다. 문제는 이런 불확실성이 고스란히 국내 물가 압력으로 전이되고 있다는 점이다. 지난 3월 소비자물가 상승률은 전년 동월 대비 2.2%를 기록하며 반등을 시작했다. 시장 전문가들은 유가 상승분과 원·달러 환율 급등에 따른 수입 물가 상승분이 본격 반영되는 4~5월 중 물가 상승률이 최대 3% 수준까지 오를 것으로 전망하고 있다. 조용구 신영증권 연구원은 “5월에서 8월 사이 물가 상승률이 2.9~3.0%에 달할 수 있어 한국은행의 금리 인상 명분이 쌓이고 있다”고 분석했다. 관심은 신임 한은 총재 후보자에게로 집중되고 있다. 신현송 후보자는 글로벌 금융 시장에서 통화 긴축을 선호하는 ‘매파’ 성향으로 분류됐었다. 그는 평소 금융 불균형 해소와 자본 흐름의 안정을 강조해왔다. 연방준비제도(Fed·연준) 내부에서 감지되는 ‘금리 인상 가능성’은 향후 한은의 결정에도 영향을 미칠 것으로 전망된다. 실제로 베스 해맥 클리블랜드 연방준비은행(연은) 총재는 6일(현지 시간) AP통신과 인터뷰에서 “연준이 기준금리를 상당 기간 동결하는 것이 바람직하다”면서도 “인플레이션이 2% 목표치를 지속적으로 웃돌면 금리 인상이 적절할 수 있다”고 밝혔다. 실제 미국에서도 금리 인하 기대감은 사실상 90% 이상 사라진 상태다. 7일 국제금융센터가 발표한 ‘중동 전쟁 시나리오별 미 달러화 향방 점검’ 보고서를 보면 연준이 6월까지 기준금리를 동결할 가능성은 92.2%로 조사됐다. 지난 2월 42.7%였던 것과 비교하면 금리 인하 가능성이 얼마나 희박해졌는지 짐작할 수 있다. 연말까지 금리가 동결될 가능성도 3.9%에서 72.4%로 커졌다. 한·미 금리 격차가 역대 최대인 상황에서 원화 가치가 하락하고 한국 물가가 치솟으면 신 후보자 역시 원화 약세와 자본 유출을 막기 위해 ‘금리 인상’이라는 결단을 내릴 수 있다는 관측이 나오는 이유다. 금리 인상은 양날의 검… 차주·소상공인 부담 우려 문제는 금리를 인상할 경우 우려되는 문제가 적지 않다는 점이다. 금리 인상은 환율과 물가를 잡는 손쉬운 방법일 수 있지만 차주와 소상공인, 기업인들의 부담을 키워 내수 경제를 위축시킬 수 있기 때문이다. 주택담보대출 금리가 다시 오르면 소득의 상당 부분을 이자 상환에 쓰는 가계의 가처분소득이 줄게 된다. 최근 주담대 상한이 7%를 넘기면서 기존에 대출을 받았던 가계의 대출금 상환에 대한 부담이 5년 전보다 2배로 커졌다는 해석도 있다. 소상공인과 기업도 대출금 상환 부담에서 자유롭지 못하다. 고물가와 고금리의 이중고를 겪는 소상공인과 자금 조달 비용 상승에 직면한 기업들도 기준금리 향배에 촉각을 곤두세우고 있다. 다만 제롬 파월 연준 의장이 아직은 ‘지켜보자’고 말하면서 한은도 사태를 주시하며 금리 향방을 선택할 시간을 확보할 수 있게 됐다. 파월 의장은 3월 매사추세츠주 케임브리지에서 열린 하버드대 초청 강의에서 “현재 통화정책은 (이란 전쟁) 상황이 어떻게 전개될지 기다리며 지켜보기 좋은 위치에 있다”며 “경제적 영향이 어떻게 나타날지 아직 알 수 없기 때문에 당장 어떻게 대응할지의 문제에 직면한 것은 아니다”라고 했다. 그는 “에너지 충격은 대체로 꽤 빠르게 왔다가 사라지는 경향이 있고 긴축 효과가 나타날 즈음에는 유가 충격은 사라졌을 가능성이 크다”며 “(연준은) 일반적으로 공급 충격은 어떤 종류든 그냥 지나치는 경향이 있다”고 했다. 미국과 이란의 휴전 이후 원·달러 환율이 1500원 선 아래로 떨어지면서 한은의 부담도 줄게 됐다. 신 후보자는 3월 31일 서울 세종대로 한화금융플라자 인사청문회 준비 사무실로 처음 출근하는 자리에서 환율 상황에 대한 기자들의 질문에 “현재 달러 유동성 부분이 양호한 만큼 예전처럼 환율과 금융 불안을 직결시킬 필요는 없는 것 같다”고 했다. 당시 원·달러 환율은 1530원 수준이었다. 휴전 직후인 8일 환율이 1470.6원을 기록한 것을 보면 원화 가치가 안정을 찾아가는 것 아니냐는 해석이 나오는 이유다. 그는 “현재 환율 레벨 자체에 큰 의미를 부여하지 않고 환율이 어느 정도 리스크를 수용할 수 있는지 보는 만큼 큰 우려는 없다”고도 했다. 통화 긴축을 선호하는 ‘매파’라는 평가에 대해서도 유연하게 판단하고 움직일 것임을 밝혔다. 신 후보자는 “매파냐 비둘기파냐 이분법적으로 나누는 것은 바람직하지 않다”며 “중요한 것은 경제 전체의 흐름을 잘 읽고 시스템 차원에서 금융 구조와 실물경제가 어떻게 호응하는지, 어떤 효과를 보일지 충분히 파악한 다음 상황에 따라서 유연하게 대처하는 게 바람직하다”고 했다.",n.news.naver.com,https://n.news.naver.com/mnews/article/243/0000096185?sid=101,"Sun, 12 Apr 2026 08:01:00 +0900"
통화 완화,국내,"에버 타이트닝 시대...건설·내수 부담, 은행은 반사이익",대외경제정책연구원장을 역임한 김흥종 법무법인 대륙아주 고문은 “추가 인상이 올바른 길이지만 경기 하강 국면에서 파국을 막기 위해 어느 정도의 인플레이션을 용인하는 비둘기파(통화 완화 선호)적 접근이 선호될...,"금리 동결 장기화 예상하지만… 글로벌 통화 정책이 ‘금리 동결 장기화 속 긴축 경계’ 국면에 진입했다는 분석이 나온다. 매경이코노미가 학계·산업계 전문가 15인을 대상으로 실시한 설문 결과, 주요국과 한국 모두 금리 인하 가능성은 작고 동결 기조가 장기화할 것이라는 전망이 우세했다. 동시에 국제유가, 환율, 인플레이션 등 복합 변수로 금리 인상 가능성까지 열려 있다는 응답도 적지 않았다. 고금리 환경이 길어질 경우 건설·내수 업종의 부담은 커지는 반면, 은행업은 수혜가 예상됐다. 투자 전략으로는 배당주와 현금 비중 확대 등 방어적 접근이 필요하다는 의견이 다수였다. 세계 통화 정책, 동결이 기본값 금리 내리기도 올리기도 어려워 글로벌 통화 기조를 보는 전문가들 시각은 한마디로 “인하보다 동결, 동결보다 긴축 경계”로 요약된다. 설문에 응한 전문가 15명 중 6명은 현재 국면을 ‘매파적(통화 긴축 선호) 금리 동결 장기화’로 평가했다. 6명은 ‘불확실성 확대 국면’, 3명은 ‘긴축 재개 국면 진입’으로 진단했다. 겉으로는 금리가 제자리에 머물더라도 공급 측 충격과 물가 불안, 장기금리 상승으로 금융 여건은 더 팍팍해질 수 있다는 인식이 강한 셈이다. 가장 큰 변수는 미국-이란 전쟁이다. 한국경제학회장인 강성진 고려대 경제학과 교수는 “미국-이란 전쟁이 장기화할지 확실치 않다”며 “물가 상승과 경기 침체의 우선순위가 불확실해 정책 선택 방향의 불확실성이 있다”고 진단했다. 올해 하반기 미국과 유럽 등 주요국의 기준금리 방향을 묻자 15명 중 10명이 ‘동결 장기화’를 택했다. 소폭 인하는 4명, 추가 인상은 1명이었다. 단 전문가들은 중앙은행이 물가를 잡지 못한 채 경기를 의식해 성급히 움직이기 어렵다고 봤다. 대외경제정책연구원장을 역임한 김흥종 법무법인 대륙아주 고문은 “추가 인상이 올바른 길이지만 경기 하강 국면에서 파국을 막기 위해 어느 정도의 인플레이션을 용인하는 비둘기파(통화 완화 선호)적 접근이 선호될 듯하다”라고 전했다. 이효섭 자본시장연구원 금융산업실장은 “금리를 내리기도 올리기도 어려운 상황”이라고 총평한다. 각국 중앙은행이 정책 방향을 선명하게 틀기보다 현 수준을 오래 유지하며 변수의 변화를 지켜볼 가능성이 크다는 의미다. 반대로 금리 소폭 인하를 예상한 의견은 4명이었다. 이정두 한국금융연구원 선임연구위원은 “미국과 이란 전쟁으로 인한 에너지 위기가 다른 분야로 전파되며 경기가 위축될 것”이라고 내다봤다. 경기 침체로 미국 연준이 금리 인하에 나설 수 있다는 시각이다. 김중원 현대차증권 애널리스트는 “연말까지 연준은 동결 또는 1회 정도 인하로 보고 내년부터 인하 사이클 재개로 본다”고 전망했다. 인상·인하 모두 어려운 한은 유가·환율·물가가 손발 묶어 한국 기준금리에 관한 전망도 비슷한 흐름이다. 15명 중 8명은 금리 동결 장기화 가능성이 크다고 봤다. 인상 가능성 크다는 의견은 5명, 인하 가능성 제한적으로 있다는 의견은 2명이었다. 인하보다 동결, 동결보다 인상 가능성까지 열어둔 시각이 우세한 셈이다. 전문가들은 한국은행이 경기만 보고 움직일 수 없는 상황이라고 본다. 국제유가 상승, 원화 약세, 대미 금리차, 가계부채 부담이 동시에 작동하고 있어서다. 김원식 건국대 경제학과 명예교수는 “경기 활성화를 위해 인하가 필요하나, 물가 상승으로 인하 가능성이 작다”고 말했다. 김용진 서강대 경영학과 교수는 “미국이 금리를 동결하면 한국이 금리를 움직일 수 있는 여력이 없다”며 “물가 상승 압박이 높으며 고환율과 가계부채 등으로 금리 인하나 인상이 모두 어려운 시점”이라고 진단했다. 한국 금리 방향을 결정할 핵심 변수로는 ‘국제유가·중동 지정학 리스크’가 7명으로 가장 많았다. ‘인플레이션 수준’이 변수라는 의견이 3명, ‘경기 둔화 여부’와 ‘글로벌 재정 확대·국채 발행 증가’가 변수라는 의견이 각각 2명, ‘환율·자본 유출입’이 핵심이라는 의견이 1명이었다. 유가가 가장 바깥에서 압박하고, 환율이 한국 경제의 취약성을 증폭시키며, 재정과 국채 공급이 장기금리를 밀어 올린다고 보는 것이다. 이준서 동국대 경영학과 교수는 “미국과 이란 전쟁 여파로 기대 인플레이션율이 높아졌다”며 “미국과의 금리차 확대 가능성, 유가 상승과 그로 인한 물가 상승 압력이 금리 인상 가능성으로 이어질 것”이라고 내다봤다. 외환 시장과 물가 안정을 위해 한국도 추가 긴축이 필요하다는 의견도 나온다. 조동근 명지대 경제학과 명예교수는 “한국과 미국의 기준금리 차이를 고려할 때, 한국의 금리 인상은 반드시 이뤄져야 한다”고 말했다. 금리 충격, 건설·내수에 집중 은행·배당주·현금이 방어 카드 시선은 고금리에 따른 산업별 영향으로 쏠린다. 가장 큰 충격을 받을 업종으로는 건설·부동산이 7명으로 가장 많았다. 내수 소비가 5명, 항공·해운이 2명, 금융이 1명이었다. 건설·부동산을 꼽은 전문가들은 공통적으로 ‘자금 조달 부담’을 이유로 꼽았다. 금리가 장기간 높은 수준에 머물면 신규 사업성은 악화하고 기존 프로젝트의 자금 조달 부담은 커질 수밖에 없다는 설명이다. 김원식 교수는 “건설·부동산업이 거액 자금 융자 여부에 영향을 받아 금리에 가장 민감하다”고 설명했다. 내수 소비를 꼽은 전문가 답변도 무겁다. 고금리가 가계소비를 줄일 것이란 전망이다. 특히 코로나 팬데믹 이후 경기 침체로 가계부채가 누적되고 자영업자의 어려움이 쌓여 있다. 이런 상황에서 금리 인상은 내수 경기 침체의 악순환을 더 가중한다는 게 전문가 설명이다. 반대로 수혜가 예상되는 업종으로는 은행주가 10명으로 압도적이었다. 방산은 2명, 반도체 등 수출 업종과 전력·인프라는 각각 1명이었다. 은행의 수혜가 예상되는 이유로는 ‘예대금리차 확대’가 꼽힌다. 김중원 애널리스트는 “고금리는 전반적으로 산업에 부정적이나 은행 업종은 고금리로 가면서 예대 마진 확대 등 수익성 개선 기대가 있다”고 설명했다. 이정두 선임연구위원 역시 “불확실성 증대로 자금이 안정적인 은행으로 몰릴 개연성이 있다”며 “은행의 예대차익에 근거한 안정적인 수익 확보가 가능할 것”이라고 전망했다. 투자 전략에 대해서는 ‘방어와 선별’이 핵심이라는 응답이 두드러졌다. 배당·가치주 중심 투자가 5명으로 가장 많았고, 현금 비중 확대와 원자재·에너지 투자가 각각 3명, 글로벌 분산 투자가 2명이었다. 이 밖에 경기방어주와 채권 듀레이션 단기화, 추가 주식 투자 중단이 각각 1명이었다. 전문가들은 지금을 공격적으로 베팅할 시기가 아니라 현금흐름, 가격 전가력, 재무건전성, 만기 리스크를 따져 선별해야 할 시기로 본다. 강성진 교수는 “고금리 스태그플레이션이 본격화하면 기업 성과가 양극화될 가능성이 커 성과 위주의 기업을 선택할 필요가 있다”고 말했다. 이준서 교수는 “주식은 비용 전가가 가능한 경기방어 주식에 투자해야 하고, 채권은 채권의 현금흐름이 돌아오는 시점을 가중평균한 값인 듀레이션을 단기화해야 한다”고 제안했다. 설문에 도움 주신 분들(총 15명, 가나다순) 강성진 고려대 경제학과 교수, 김상봉 한성대 경제학과 교수, 김영익 한양대 미래인재교육원 겸임교수, 김용진 서강대 경영학과 교수, 김원식 건국대 경제학과 명예교수, 김중원 현대차증권 애널리스트, 김진일 고려대 경제학과 교수, 김흥종 법무법인 대륙아주 고문, 남상욱 방송통신대 경제학과 조교수, 빈기범 명지대 경제학과 교수, 이상민 플루토리서치 대표, 이정두 한국금융연구원 선임연구위원, 이준서 동국대 경영학과 교수, 이효섭 자본시장연구원 금융산업실장, 조동근 명지대 경제학과 명예교수 [조동현 기자 cho.donghyun@mk.co.kr] [본 기사는 매경이코노미 제2354호(2026.04.08~04.14일자) 기사입니다] [Copyright (c) 매경AX. All rights reserved. 무단 전재, 재배포 및 AI학습 이용 금지]",n.news.naver.com,https://n.news.naver.com/mnews/article/024/0000104735?sid=101,"Sat, 11 Apr 2026 21:01:00 +0900"
통화 완화,국내,유가 폭등에 美 CPI 0.9% 급등…기조적 물가흐름은 '안정적'(종합),"연방준비제도는 그동안 금리 인하를 검토해 왔지만, 물가가 다시 오를 경우 통화 완화 속도를 늦출 수밖에 없다. 실제로 금리선물 시장에서는 올해 추가 금리 인하 가능성을 낮게 반영하고 있다. 다만 일부 경제학자들은...","휘발유 가격 급등이 전체 상승분 4분의 3 차지…에너지발 인플레 뚜렷 근원물가 0.2% 상승에 그쳐…상품·서비스 물가는 비교적 안정 흐름 전쟁 여파로 비용 상승 확산 우려…금리 인하 기대 약화·물가 부담 지속 전망 [뉴욕=이데일리 김상윤 특파원] 미국의 소비자물가지수(CPI)가 중동 전쟁에 따른 유가 급등 영향으로 4년 만에 가장 큰 폭으로 상승했다. 휘발유 가격 급등이 물가를 끌어올리면서 인플레이션 압력이 다시 확대되는 양상이다. 다만 아직까지 에너지를 제외한 기조적 물가흐름은 상대적으로 안정적인 모습으로, 향후 물가수치에 따라 인플레이션 방향이 명확해질 전망이다. 미국 뉴욕 맨해튼의 한 식료품점에서 한 소비자가 장을 보고 있다. (사진=AFP) 미 노동부 산하 노동통계국(BLS)은 10일(현지시간) 3월 CPI가 계절조정 기준 전월 대비 0.9% 상승했다고 밝혔다. 이는 2022년 이후 최대 상승폭이다. 전년 동기 대비 상승률도 3.3%로, 2024년 이후 가장 높은 수준으로 올라섰다. 전달(2.4%)과 비교하면 물가 오름세가 다시 가팔라진 모습이다. 다우존스 집계에 따르면 시장에서는 전월 대비 0.9%, 전년 대비 3.3% 상승을 예상했다. 이번 물가 상승은 사실상 에너지 가격이 주도했다. 3월 에너지 지수는 전월 대비 10.9% 급등했고, 이 가운데 휘발유 가격이 20% 넘게 뛰며 전체 상승분의 약 4분의 3을 차지했다. 이란과의 전쟁으로 국제유가가 급등한 영향이 소비자 물가에 직접 반영된 것으로 풀이된다. 이를 일상적으로 보면 ‘주유소 가격’이 전체 물가를 끌어올린 셈이다. 미국 소비자들은 이미 기름값 상승을 체감하고 있으며, 출퇴근 비용은 물론 물류비 증가로 인해 다양한 상품과 서비스 가격에도 부담이 확산될 가능성이 크다. 반면 물가의 기초 흐름을 보여주는 근원 CPI(식품·에너지 제외)는 전월 대비 0.2% 상승하는 데 그쳤다. 식품과 에너지를 제외한 상품 가격도 0.1% 상승에 머물렀고, 중고차 가격은 4개월 연속 하락했다. 이는 에너지 외 부문에서는 물가 압력이 아직 제한적임을 보여준다. 식료품 가격은 전월 대비 0.2% 하락했다. 육류와 유제품, 계란 가격이 내린 영향이다. 다만 전문가들은 중동 지역의 비료 공급 차질이 이어질 경우 시간이 지나면서 식료품 가격이 다시 상승할 가능성이 있다고 보고 있다. 실제로 비료 가격 상승은 농산물 생산비 증가로 이어지고, 이는 결국 소비자 식탁 물가에 반영될 수 있다. 서비스 물가는 비교적 완만한 흐름을 보였다. 에너지를 제외한 서비스 물가는 0.2% 상승했고, 항공료는 2.7% 올랐다. 항공료 상승은 유가 상승으로 항공사 연료비 부담이 커진 영향으로 해석된다. 전체 물가에서 가장 큰 비중을 차지하는 주거비는 0.3% 상승하며 꾸준한 오름세를 이어갔다. 연방준비제도(Fed)가 주목하는 주거비·에너지를 제외한 서비스 물가 역시 0.2% 상승에 그치며 올해 들어 가장 낮은 상승률을 기록했다. 이번 지표는 중동 전쟁발 에너지 충격이 미국 경제 전반으로 빠르게 확산되고 있음을 보여준다. 이미 소비자들은 주유소에서 가격 상승을 체감하고 있으며, 항공사와 우편 서비스 등 일부 기업들도 비용 증가를 이유로 요금 인상을 예고한 상태다. 이는 물가 상승이 단순한 에너지 문제를 넘어 전방위로 확산될 수 있음을 시사한다. 금융시장에서는 이번 물가 상승을 두고 엇갈린 반응이 나타났다. 주식시장 선물은 비교적 안정적인 흐름을 보였고, 달러 가치는 소폭 하락했다. 투자자들이 에너지발 물가 상승을 일시적 충격으로 해석하거나, 향후 경기 둔화 가능성까지 함께 반영하고 있다는 분석이 나온다. 다만 정책 부담은 커졌다. 연방준비제도는 그동안 금리 인하를 검토해 왔지만, 물가가 다시 오를 경우 통화 완화 속도를 늦출 수밖에 없다. 실제로 금리선물 시장에서는 올해 추가 금리 인하 가능성을 낮게 반영하고 있다. 다만 일부 경제학자들은 에너지 충격이 점차 완화될 경우 연내 한 차례 이상의 금리 인하가 가능하다는 전망을 유지하고 있다.",n.news.naver.com,https://n.news.naver.com/mnews/article/018/0006254921?sid=104,"Fri, 10 Apr 2026 22:07:00 +0900"
기준금리,부동산,"""금리 0.25%p 인상 시 수도권 집값 0.6% 하락""",기준금리를 0.25%포인트 인상할 경우 수도권 주택 가격은 1년 후 약 0.6% 하락하는 반면 지방은 유의미한 영향이 없다는 연구 결과가 나왔다. 통화정책이 전국에 동일하게 적용되더라도 지역별 주택시장 반응은 다르게...,"기준금리를 0.25%포인트 인상할 경우 수도권 주택 가격은 1년 후 약 0.6% 하락하는 반면 지방은 유의미한 영향이 없다는 연구 결과가 나왔다. 통화정책이 전국에 동일하게 적용되더라도 지역별 주택시장 반응은 다르게 나타난다는 분석이다. 장민 한국금융연구원 선임연구위원은 12일 '통화정책이 지역별 주택가격에 미치는 영향' 보고서에서 이같이 밝혔다. 장 선임연구원은 통화정책의 경우 지역 구분 없이 일괄 적용되는 특성을 지적했다. 그는 ""금리 충격과 같은 무차별적 정책이 지역별 주택 가격에 미치는 영향은 해당 지역의 특성에 따라 다르게 나타날 수 있다""고 밝혔다. ◆ 수도권만 민감 반응…1년 뒤 하락 후 반등 분석 결과 기준금리 0.25%포인트 인상에 해당하는 통화정책 충격이 발생할 경우 수도권 주택 가격은 1년 뒤 약 0.6% 하락한 뒤 다시 반등하는 것으로 나타났다. 광역시의 경우 1년 후 약 0.4% 하락한 뒤 반등하는 흐름을 보였다. 반면 수도권과 광역시를 제외한 기타 도 지역은 통화정책 충격에도 반응 폭이 크지 않았고, 통계적으로 유의미한 변화가 나타나지 않았다. 이처럼 지역별 반응 차이는 주택 가격 수준과 부채 규모 차이에서 비롯된 것으로 분석됐다. 보고서에 따르면 올해 2월 기준 서울 아파트 평균 가격은 15억4000만원으로, 광역시 아파트 평균(3억6000만원)의 4배를 넘었고 기타 도 지역(2억4000만원)과 비교하면 6배 이상 높았다. 차주당 평균 신규 취급 기준 주택담보대출 규모 역시 수도권이 약 2억4000만원으로, 다른 지역보다 15~60% 이상 높은 수준으로 나타났다. ◆ 가격·부채 격차가 변수…지방은 별도 정책 필요 장 선임연구원은 수도권이 금리 변화에 더 민감하게 반응하는 구조적 배경을 강조했다. 그는 ""금리 변화를 수반하는 통화정책은 수도권 주택 가격에 가장 크고 유의미한 영향을 미치는 것으로 나타났다""며 ""지방 주택 시장 안정을 위해서는 지역 생산활동이나 고용 여건, 인구와 같은 지역 특성과 관계 깊은 정책이 더 중요할 수 있다""고 밝혔다. 대출 규제 등 다른 부동산 금융 정책은 지역별 상황을 반영해 설계할 수 있지만, 통화정책은 전국에 동일하게 적용되는 만큼 지역 간 효과 차이가 불가피하다는 설명이다. 결국 금리 인상이라는 동일한 정책 충격도 수도권과 지방 간 시장 구조 차이에 따라 상반된 결과로 이어지는 것으로 풀이된다.",econovill.com,https://www.econovill.com/news/articleView.html?idxno=736940,"Sun, 12 Apr 2026 12:46:00 +0900"
기준금리,국내,"한은, 7연속 동결 행진…5월 전망이 정책방향 가른다",한국은행이 기준금리를 7회 연속 동결하며 관망 기조를 이어간 가운데 시장의 관심은 올해 통화정책 방향으로 옮겨가고 있다. 중동 전쟁의 전개와 물가 상승세의 확산 여부에 따라 금리 경로가 크게 달라질 수 있는 만큼...,"[대한경제=김봉정 기자] 한국은행이 기준금리를 7회 연속 동결하며 관망 기조를 이어간 가운데 시장의 관심은 올해 통화정책 방향으로 옮겨가고 있다. 중동 전쟁의 전개와 물가 상승세의 확산 여부에 따라 금리 경로가 크게 달라질 수 있는 만큼 5월 경제전망이 사실상 분기점이 될 것으로 보인다. 12일 금융권에 따르면 한은 금융통화위원회는 지난 10일 통화정책방향 결정회의에서 기준금리를 연 2.50%로 만장일치 동결했다. 지난해 5월 마지막 금리 인하 이후 7회 연속 동결이다. 이번 결정은 선제적 대응보다는 중동 사태의 추이와 파급 영향을 확인하기 전까지 정책 판단을 유보하겠다는 뜻으로 해석된다.한은은 현재 상황을 중동 사태로 물가의 상방 압력과 성장의 하방 압력이 동시에 확대된 국면으로 진단했다. 올해 성장률은 2월 전망치인 2.0%를 하회하고 소비자물가 상승률은 기존 전망치인 2.2%를 상당폭 웃돌 가능성을 시사했다. 통화정책방향문에서는 기존의 ‘성장세 회복 지원’ 문구를 삭제하고 물가와 성장 흐름을 점검하면서 향후 정책을 결정하겠다는 입장을 분명히 했다.금융안정 측면에서는 환율 등 금융시장 변동성이 확대된 반면 가계대출 증가세는 둔화되고 주택가격 상승 기대도 완화된 것으로 평가됐다. 물가 리스크는 커졌지만 금융불균형 압력은 일부 완화된 만큼 한은은 당장 정책 방향을 바꾸기보다 추가 지표를 확인하며 대응 시점을 조율하는 데 무게를 둔 것으로 풀이된다.시장 전망은 다소 엇갈리지만 큰 틀에서는 연내 동결 전망에 무게가 실리는 분위기다. 안예하 키움증권 연구원은 “연말까지 기준금리 동결 전망을 유지한다”며 “인플레이션 압력이 확대된 상황에서도 고유가에 따른 수요 둔화와 미·이란 사태의 높은 불확실성을 고려하면 실제 인상 전환은 쉽지 않을 것”이라고 말했다.박준우 하나증권 연구원도 “유가가 이미 고점을 지났다면 기대인플레이션이 추세적으로 상승할 가능성은 낮다”며 “이란 사태로 성장과 물가 충격이 동시에 나타나는 등 불확실성이 큰 상황에서는 중앙은행의 선제적 대응이 쉽지 않다. 연내 금리 동결 전망을 유지한다”고 언급했다.다만 금리 인상 가능성을 열어둬야 한다는 시각도 존재한다. 김성수 한화투자증권 연구원은 “중동발 충격은 더 이상 ‘일시적’이라고 보기 어려운 수준까지 길어졌다”며 “전쟁이 종료되더라도 공급망 복구와 에너지 인프라 회복에 시간이 소요되는 만큼 물가 압력은 상당 기간 지속될 것이다. 7월 기준금리 인상 전망을 유지한다”고 전했다.결국 올해 금리 경로는 중동 사태의 지속 여부와 유가 상승이 기대인플레이션과 전반적인 물가 흐름으로 얼마나 확산될지에 달려 있다는 분석이다. 대외 불확실성이 큰 만큼 한은도 당분간 신중한 기조를 이어가며 내달 말 경제전망이 발표될 때까지는 정책 방향을 단정하기 어렵다는 예상이다. 한편 차기 총재 체제도 변수로 꼽힌다. 오는 15일 인사청문회가 예정된 신현송 후보자는 유가 충격이 단기에 그칠 경우 통화정책으로 대응할 필요가 크지 않다는 입장을 보여왔다. 환율 역시 레벨 자체에 큰 의미를 부여해선 인식을 갖고 있는 것으로 알려져 있어 당장 정책 기조가 바뀌기보다는 현 기조가 이어질 가능성이 크다는 평가가 나온다. 김봉정 기자 space02@〈ⓒ 대한경제신문(www.dnews.co.kr), 무단전재 및 수집, 재배포금지〉",dnews.co.kr,https://www.dnews.co.kr/uhtml/view.jsp?idxno=202604120754182530846,"Sun, 12 Apr 2026 12:20:00 +0900"
무역수지,국내,"고물가 충격 식탁에까지 도미노식 파장 우려, 민생 안정 총력전 펼쳐야","이렇듯 수출액이 수입액을 웃돌면서 올해 3월 무역수지는 전년 동월 대비 210억 1,000만 달러 증가한 257억 4,000만 달러 흑자로 역대 최대치를 기록했다. 문제는 반도체 단일 업종에만 의존하는 ‘천수답 경제’로는...","중동 전쟁 발(發) 고유가(高油價)에 따른 물가 충격이 장기화할 조짐이 커가고 경기 침체의 골이 깊어지면서 공급망 위기가 본격적으로 물가를 끌어올리기 시작했다. 지난 3월 소비자물가 상승률이 전년 같은 기간 대비 2.2%를 기록한 지난달까지는 몇몇 석유류 품목을 빼면 비교적 안정권이었지만, 중동 전쟁의 충격파가 본격화한다는 전망이 속출하고 있다. 이미 고유가는 세계 경제 전반을 뒤흔드는 불안 요인으로 작용하고 있다. 국내 소비자물가 역시 정부 대책에도 불구하고 지난 3월 2.2% 상승하며 다시 요동치고 있다. 국가데이터처가 지난 4월 2일 발표한 ‘3월 소비자물가 동향’에 따르면 지난달 소비자 물가 지수는 118.80(2020년=100)으로 1년 전보다 2.2%나 올랐다. 소비자물가 상승률은 지난해 10·11월 2.4%에서 12월 2.3%, 지난 1월 2.0%로 내려온 뒤 2월까지 같은 수준을 유지하다가 지난달 0.2%포인트 높아졌다. 경제협력개발기구(OECD)는 올해 물가 상승 전망치를 2.7%로 끌어올려 작년(2.1%)보다 껑충 뛸 것으로 봤다. 지난달 말 기준 주요 투자은행(IB) 8곳의 평균 전망치도 2.4%로 높아졌다. 올해 2월의 2.0%에서 0.4%포인트 대폭 상향 조정했다. 정부 목표치인 2.1%를 웃도는 수치다. 2분기 또는 3분기에 소비자물가 상승률이 3.0%까지 치솟을 수 있다는 분석도 나오고 있어 걱정이 태산이다. 특히 ‘JP모건(JPMorgan)’은 중동 상황이 실질적으로 개선되지 않는다면 5∼9월에는 3%를 웃돌 것으로 예상했다. 중동 전쟁으로 급등한 유가가 전체 물가를 끌어올리는‘오일플레이션(Oilflation │ 기름값 상승에 따른 물가 전반 오름세)’이 본격화하고 있다는 방증(傍證)이다. 무엇보다 석유류가 9.9% 뛰며 전체 물가를 끌어올렸다. 전쟁 장기화는 중동에서 주로 원유를 들여오는 한국경제에 대형악재다. 국책 연구기관인 산업연구원이 지난 3월 19일 발표한‘미국-이란 충돌과 호르무즈 리스크 공급망 시나리오 분석 및 시사점’ 제하의 보고서에 따르면 ‘호르무즈 해협(Strait of Hormuz)’ 봉쇄가 3주간 지속되는 ‘단기 공급 충격’ 상황에서 제조업 생산비는 5.4% 오르고, 국제 유가는 배럴당 105~125달러로 뛰며, 액화천연가스(LNG) 가격은 60~90% 상승할 것으로 분석됐다. 특히 호르무즈 해협 봉쇄가 3개월 이상 길어지는 ‘구조적 공급 충격’ 시나리오에서 제조업 생산비는 최대 11.8% 오르고 국제 유가는 배럴당 150~180달러로 상승하며, LNG 가격은 평시 대비 1.5~2배 오른다고 보고 있다. 이런 와중에 정부가 경기 하방 위험이 커지고 있다는 경고음을 울렸다. 호르무즈 해협의 봉쇄 여파는 가장 먼저 에너지 가격 폭등을 이끌었지만, 앞으로 운송·물류, 공산품·가공식품·농축수산물, 외식 서비스까지 도미노식 파장이 우려된다. 올해 3월 현재 한국은 수입 원유의 약 70%, LNG의 20% 안팎을 중동에서 조달한다. 대부분이 ‘호르무즈 해협’을 통과한다. 지난해 기준 한국의 원유 수입액은 753억 달러, 이 중 중동 비중은 68.8%다. 10년 전인 2016년 85.2%에 비하면 낮아진 수치지만, 2021년 59.5%까지 떨어졌던 의존도가 다시 70% 선으로 반등했다는 사실이 더 큰 문제다. 50년 전인 1973년의 ‘1차 오일쇼크’ 당시에도, 30년 전인 1991년의 ‘걸프전(Gulf戰)’당시에도, 정부는 ‘원유 도입선(導入線) 다변화’를 외쳐댔지만, 위기가 지나갈 때마다 중동 의존도는 다시 상승 곡선을 그렸다. 지금 우리는 반세기 동안 단 한 번도 해결하지 못한 구조적 함정 앞에 다시 서 있다. 당장 이달부터 시작된 유류할증료 인상에 따른 국제항공료 급등은 숙박·외식 등에 전가돼 서비스 물가 전반의 상승을 이끌 수 있다. 대한항공과 아시아나항공은 다음 달부터 국내선 유류할증료를 7,700원에서 3만 4,100원으로 4배 넘게 인상한다. 이에 따라, 양대 항공사의 제주와 김포 노선 주말 운임은 15만 원을 웃돌 것으로 보이는 데, 저비용 항공사들도 조만간 유류할증료를 인상할 예정이다. 운송비가 오르면 소매 상품의 가격도 밀어 올리고, 생산 위축으로 이어진다. 건설업계에선 고유가 여파에 레미콘에 필수인 석유 부산물의 가격 인상이 겹치면서 ‘4월 대란설’이 나돌고 있다.비료의 공급 차질은 전 세계적인 식량 위기 우려를 키운다. 국제 비료 해상운송의 3분의 1가량이 호르무즈 해협을 통과하는데, 카타르와 이란은 전쟁 후 비료 생산을 크게 줄였다. 중국은 비료 수출 통제에 나섰다. 비료의 핵심 원료인 천연가스 가격까지 폭등해 글로벌 곡물 생산 감소로 이어질 공산이 크다. 당장 2분기 ‘국제 곡물 선물가격지수’가 1분기 대비 5.9~6.4%, 지난해 동기 대비 7.2% 상승한 120을 보일 전망이다. 한국농촌경제연구원이 지난 4월 3일 발표한 국제 곡물 관측에 따르면 2분기 ‘국제 곡물 선물가격지수’는 ‘호르무즈 해협’ 봉쇄 장기화로 인한 비료 공급 차질로 주요 곡물 재배면적 감소 우려와 국제유가 상승에 따른 바이오 연료 수요 확대로 전 분기 대비 상승할 것으로 나타났다. 농림축산식품부는 오는 7월 말까지 국내 비료 공급에 문제가 없다고 하지만, 가격 인상 전망에 사재기가 고개를 들고 있다는 전언이다. 파종 시기를 맞아 농업용 비닐의 수급 우려도 커졌다. 정부는 공급은 물론이고 수요관리(절약)에도 만전을 기해야만 할 것이다. 비료를 과다 투입하는 관행도 이번 기회에 고쳐나가야 한다.고유가가 촉발하는 물가 급등은 통화당국의 손발을 아예 묶어버릴 수도 있다. 곡물뿐만 아니라 비료 가격 상승까지 겹치며 밥상 물가 불안이 더욱 커지고 있다. 이번 물가 상승 압력은 중동 전쟁이 불러온 공급 충격에서 비롯됐다. 수요 억제 수단인 금리 인상으로 ‘인플레이션(Inflation)’을 잡기는 어렵다. 무엇보다 기업의 자금 상황이 악화일로(惡化一路)다. 신용도 ‘AA’ 이상 우량 기업의 회사채 발행조차 어려울 정도로 신용 경색이 심각하다. 올해 1분기 회사채 발행 규모는 36조 원으로 지난해 같은 기간에 비해 20%가량 줄었다. 올해 1분기 회사채 시장의 역성장은 레고랜드 사태가 발생한 2022년 후 4년 만이다. 신용도가 높은 기업마저 회사채 시장에서 외면받는다는 것은 금융 시스템 전반으로 불안이 확산하고 있음을 의미한다. 자칫 기업 연쇄 도산으로 이어질 수 있다는 위험 신호가 아닐 수 없다. 에너지 위기는 결코 유가만의 문제가 아니다. 물가를 흔들고, 환율을 자극하고, 채권과 회사채 시장까지 얼어붙게 만들고 있다. 살얼음판 위에서는 조금만 삐끗해도 균형을 잃고 넘어지기 십상이다. 에너지 위기가 금융 불안으로 번지는 경로를 차단하기 위해 정부와 한국은행이 긴밀히 공조하고, 선제 대응하는 체계를 갖춰야 할 때다. 혹여 만에 하나라도 반도체‘슈퍼 사이클(Super-cycle │ 장기적으로 꾸준히 상승하는 현상)’에 따른 수출 호조를 이유로 정부가 장밋빛 경제전망을 앞세우는 일만은 삼가야 한다. 삼성전자가 올해 1분기 매출 133조 원, 영업이익 57조 2,000억 원이라는 사상 최대 실적을 달성하며 한국 기업사를 새롭게 썼다. 국내 기업이 분기 매출 100조 원, 영업이익 50조 원을 돌파한 것은 이번이 처음이다. 한 분기 영업이익이 지난해 전체 영업이익 43조 8,359억 원을 훌쩍 뛰어넘었다. 영업이익은 지난해 같은 기간보다 755%나 뛰었고 매출은 68.1% 증가했다. 그야말로 ‘어닝 서프라이즈(Earnings surprise)’라는 말이 부족할 만큼 놀라운 ‘신기원’으로 반기고 환영할 일이다. 무엇보다 반도체가 다 해냈다. 반도체를 담당하는 디바이스솔루션(DS) 부문 영업이익이 50조원을 크게 웃돈 것으로 추정돼 사실상 전체 실적을 떠받쳤다. 반면 모바일·네트워크를 포함한 DX 부문은 2조 원대에 그쳤고, TV·가전은 적자 또는 소폭 흑자에 머문 것으로 보인다. 디스플레이(Display)는 1조 원 안팎, 전장(하만)은 2,000억~3,000억 원 수준으로 추산된다. AI(인공지능) 수요 확대에 따른 HBM 등 고부가 메모리 비중 확대가 실적을 끌어 올렸단 분석이다. 무엇보다 시장 전망은 더없이 밝다. ‘AI 거품론’에도 ‘빅 테크(Big-tech)’의 데이터센터 투자가 이어지면서 수요가 올해 내내 지속될 것이라는 관측이 우세하다. AI로의 큰 흐름은 변하지 않는다고 보는 것이다. 하지만 지난 4월 1일 산업통상부가 발표한 ‘2026년 3월 수출입 동향’에 따르면 올해 3월 우리나라 수출은 전년 동월 대비 48.3% 증가한 861억 3,000만 달러를 기록했다. 일 평균 수출액도 37억 4,000만 달러로 역대 최고치로 집계됐다. 올해 3월 수입은 7.5% 증가한 519억 4,000만 달러로 집계됐다. 에너지 수입은 7.0% 감소했으나, 에너지 외 수입은 17.9% 늘어난 것으로 집계됐다. 이렇듯 수출액이 수입액을 웃돌면서 올해 3월 무역수지는 전년 동월 대비 210억 1,000만 달러 증가한 257억 4,000만 달러 흑자로 역대 최대치를 기록했다. 문제는 반도체 단일 업종에만 의존하는 ‘천수답 경제’로는 지속적인 성장을 결코 담보할 수 없다는 데 있다. 특히 3월 원유 도입 물량은 7,720만 배럴로 전년 대비 1.1%에 그쳐 ‘호르무즈 해협’ 봉쇄에 따른 원유 수급 감소는 아직 본격화하지도 않은 것으로 나타났다. 무엇보다 고물가에 소비와 성장마저 둔화하면 이른바 경기 둔화 속 물가가 뛰는 ‘스태그플레이션(Stagflation │ Stagnation + Inflation)’이 현실화할 수 있는 비상 상황이다. 민생대책에서 물가안정이 우선순위임은 두말할 나위 없다. 오는 10일 국회 처리가 예정된 26조 2,000억 원 규모의 추가경정예산안은 물가 자극 우려가 크다. 국회 심의 과정에서 불요불급(不要不急)한 현금성 지출은 최대한 줄여야만 한다.이러한 비상한 상황에서 이재명 대통령이 지난 4월 6일 중동 전쟁의 장기화에 대비해 ‘국무회의 겸 비상경제점검회의’를 하루 앞당겨 연 것은 시의적절(時宜適切)했다. 이미 전쟁의 불길은 에너지 시장을 넘어 식량과 축산물, 수산물 등 전방위(全方位)로 확산일로(擴散一路)로 치닫고 있다. 식탁 물가 등 일상 소비까지 도미노(Domino)처럼 위협하는 것이다. 세계식량기구(FAO)에 따르면 글로벌 식량 가격은 전월 대비 2.4% 올라 18개월 만에 최대 상승 폭을 기록했다. 지난 4월 5일 농촌경제연구원에 따르면, 지난달 중동 지역 요소(尿素 │ Urea) 수출 가격은 톤(t)당 670달러로 전달 대비 38.1% 올랐으며, 작년보다 172.3% 상승했다. 지난달 세계 질소 비료 가격도 전달보다 35.2%, 작년보다 168.6% 올랐다.무엇보다 심각한 것은 비료 대란(大亂)이다. ‘호르무즈 해협’은 세계 요소 공급량의 30%를 담당한다. 액화천연가스(LNG)를 만드는 과정에서 나오는 요소 가격이 폭등하면서 글로벌 곡물 생산 기반을 뒤흔든다. 특히‘골드만삭스(Goldman Sachs)’는 “비료는 곡물 가격의 20%를 차지한다.”라며 봄철 파종기의 비료 부족이 곡물 위기를 초래할 수 있다고 경고한 데 이어 “비료 공급 감소로 (농가의) 비료 사용이 지연되면서 곡물 수확량이 감소하고, 농부들도 옥수수처럼 비료를 많이 쓰는 작물에서 비료를 적게 쓰는 콩 등의 작물로 전환하는 점도 곡물 가격 상승을 초래할 수 있다.”라고 했다. 국내 축산물 가격 역시 가파르게 오르고 있다. 사료용 곡물의 95%를 수입에 의존하는 취약성이 드러난다. 기름값 부담으로 출어를 꺼리면서 ‘피시 인플레이션(Fishflation:수산물 가격상승으로 인한 물가 상승)’까지 고개를 든다. 밥상 물가 전반이 들썩이는 이른바 특히 에너지 가격 강세가 농업 생산비 증가로 이어지는‘애그플레이션(Agflation │ 곡물 가격상승으로 인한 물가 상승)’의 전형적 전개가 아닐 수 없다.지난달 소비자물가 상승률이 2.2%로 낮게 나타난 것은 일시적 착시에 불과할지도 모른다. 농산물 가격 하락이 물가를 눌러놓았지만, 유가 급등은 시차를 두고 반영된다. 주요 8개 글로벌 투자은행이 올해 한국 물가상승률 전망치를 2.4%로 올리면서 “3%를 웃돌 수 있다”라고도 경고한 이유다. 중동 정세는 통제할 수 없는 그야말로 외생변수(外生變數 │ Exogenous Variables)다. 하지만 피해는 어떻게 대비하느냐에 따라 달라진다. 유류세 인하나 석유제품 최고가격제 같은 단기 처방만으로 복합적 공급망 충격을 감당하기는 어렵다. 대체 공급선(供給線) 확보와 전략 비축 물량 확대, 수입선 다변화는 미룰 수 없는 당면 과제다. 기업의 생산 기반이 흔들리면 물가 불안이 더욱 증폭되는 만큼 피해 업종에 대한 신속한 지원부터 서둘러야만 한다. 작금의 물가 충격이 산업 전반으로 확산하고 전이되지 않도록 가용(可用)이 가능한 모든 전략을 총 집주(集注)하여 민생 안정 총력전(總力戰)이 당장 화급한 최우선의 급선무(急先務)다. ※ 외부 필자의 원고는 본지의 편집방향과 일치하지 않을 수도 있습니다. [저작권자ⓒ 시민일보. 무단전재-재배포 금지] + 李대통령, 이스라엘 향해 “지적 한번쯤 돌아볼 만한데 실망” 與 추미애, 압도적인 표 차로 경기지사 본선행... 野 “‘추나땡’” 여야정 협의체 회담, ‘협치 험로’만 재확인?... 연임 개헌 놓고 ‘입장 차’ 박주민발 ‘정원오 여론조사 왜곡·유포’ 논란, 정치권 관심사로 급부상 + 신간 인터뷰 ‘역대 정부의 안보정책, 정책현안과 평가’ 저자 전지명 각종 논란에 휩쌓인 목포시 의회...왜 이러나? [신년 인터뷰] 서태원 가평군수",siminilbo.co.kr,https://www.siminilbo.co.kr/news/newsview.php?ncode=1160277141279525,"Sun, 12 Apr 2026 12:28:00 +0900"
무역수지,국내,"[EE칼럼] 부존자원 없는 나라의 필수전략, 에너지절약",무역수지가 좋아지고 경제가 에너지 위기에 강해지는 효과는 덤으로 얻고 말이다. 이번 이란 사태는 에너지절약 정책이 다시 한번 중요한 역할을 할 수 있도록 돌려놓을 기회이다. 국민들이 모두 에너지 효율화에 관한...,"디지털 신문보기 기후·에너지 금융 산업 생활경제 건설부동산 국제 정치·경제 오피니언 전국·사회 문화/스포츠 기자 기사모음 허은녕 서울대학교 에너지시스템공학부 교수/ 전 세계에너지경제학회(IAEE) 부회장 ▲허은녕 서울대학교 에너지시스템공학부 교수/ 전 한국자원경제학회 회장/전 IAEE 부회장 우리나라의 에너지정책 수립 과정에 참여해 본 전문가들은 에너지절약 정책이 국내 에너지정책 입안 과정에서 서서히 사라지고 있음을 느끼고 있다. 나름 수십 년간 전해져 왔던 에너지정책 수립 과정에서 에너지절약 정책은 가장 앞서 적용되던 정책이었기 때문이다. 그런데 이번 이란 사태로 갑자기, 그리고 허겁지겁 에너지절약 정책이 등장하고 있다. 에너지정책 수립 과정의 첫 순서는 먼저 미래의 에너지 수요를 다양한 방법을 사용하여 예측하는 것이다. 미래 에너지 수요 예측치에 대한 나름의 합의가 이루어지면 다음은 이제 여러 정책과 방안을 적용해 보는 순서인데, 전통적으로는 우리나라는 에너지 효율 증대나 에너지절약을 위한 정부 계획, 현행법으로는 '에너지이용합리화기본계획'을 가장 먼저 적용하였다. 이를 통해 절약과 이용합리화를 수행하여 줄일 수 있는 수요량을 빼고 남게 되는 수요 예측치를 목표로 하여 에너지 공급 정책과 방안을 도출하는 순서를 거쳐 정책을 완성하여 왔다. 우리나라가 이와 같이 에너지이용합리화 정책과 방안을 에너지 공급 정책과 방안에 앞서 적용하여 온 이유는, 당연히 한반도에 부존된 에너지원이 그 수요에 비하여 양과 종류가 턱없이 부족하다는 것과, 1970~80년대 1, 2차 석유 위기를 겪은 이후부터 효율적인 에너지 사용이 가장 중요한 이슈라는데 나름 전 국민이 동의하였기 때문일 것이다. 그러나 21세기 들어 고유가와 지구온난화가 심해지면서 정책 수립의 이행 순서에 변화가 생겼다. 공급 정책이 수요예측 바로 다음으로 순서를 당겨 나타났다. 에너지전환정책, 해외자원개발정책, 재생에너지공급정책, 원자력공급정책 등이 그들이다. 사실 정책의 우선순위는 정부의 정책 목표에 따라서 얼마든지 바뀔 수 있다. 문제는 이러한 변화의 와중에 에너지절약 정책의 순서가 아주 뒤로 밀려버린 것이다. 에너지 효율 지표를 주요 국가들과 비교하여 보면 그 영향이 확실히 드러난다. 국제에너지기구(IEA)가 에너지 효율의 대표적인 지표로 사용하는 에너지집약도(에너지사용량을 GDP로 나눈 수치) 추이를 보면 우리나라는 1980년 이래 지난 40여 년 내내 일본 등 주요국에 크게 뒤처져 있다. 우리의 에너지집약도는 1980년 0.27에서 2022년 0.16으로 개선되었으나 같은 기간 동안 일본은 1980년 0.15에서 2022년 0.08로, 독일은 0.19에서 0.08로, 영국은 0.15에서 0.05로 더 크게 개선되었다. (아래 표 참조) 더 큰 문제는 미국에도 추월당하고 있다는 것이다. 1980년에 0.26으로 우리와 비슷하던 미국은 지난 40년 동안 우리를 앞질러서 2022년에는 0.10을 달성하였다. 미국이 이제 우리나라가 아니고 일본과 유럽 국가들에 가까운 효율을 보이는 것이다. 에너지집약도 지표를 구성하는 두 변수 중 분모인 GDP가 지난 40년 동안 엄청나게 커졌는데도 효율 지표가 좋아지지 않은 것은 정책 우선순위 변화의 영향이 없다고 반박하기 어렵다. 에너지효율화 정책 우수국가인 독일의 정책을 살펴보면 나름의 이유를 찾을 수 있다. 독일의 대표적인 산업부문 에너지절약 정책은 LEEN (learning energy efficiency network)이다. 21세기 들어서 시작하였으며 이미 독일 내 2천여 개의 중견, 중소기업이 해당 정책의 혜택을 받고 에너지를 절감하고 있다. 지역별로 연합체를 만들어 대학, 정부, 연구소가 도움을 주고 서로 절약하는 노하우를 공유하는 시스템이다. 이는 일본, 영국 등도 마찬가지이다. 이들 나라는 모두 진짜로 에너지를 적게 쓰는 쪽으로 산업을 발전시키는 에너지 효율화 정책을 중장기적으로 꾸준히 추진해 왔다. 에너지 가격을 요금으로 묶어 두는 정책이나 단기적인 캠페인형 정책이 아니고 말이다. 그렇기에 독일은 제조업의 비중이 높아도 한국의 두 배 이상의 에너지 효율을 달성하고 있다. 이는 일본, 영국 등도 마찬가지이다. 에너지사용량이 줄어들면 온실가스 배출량 감소도 따라올 것이며 재생에너지 보급 역시 늘어남을 이들은 잘 알고 있다. 무역수지가 좋아지고 경제가 에너지 위기에 강해지는 효과는 덤으로 얻고 말이다. 이번 이란 사태는 에너지절약 정책이 다시 한번 중요한 역할을 할 수 있도록 돌려놓을 기회이다. 국민들이 모두 에너지 효율화에 관한 관심이 높아졌을 때 산업현장의 에너지 효율화 향상 방안을 추진하고 또한 효율화 투자를 지원하여야 한다. 무엇보다도 국민과 기업이 실제로 절약과 효율화에 나서게 하는 인센티브를 강화하여 동참을 유도하려는 노력이 필요하다. 허은녕 실시간 Live “21시간 협상이 빈손”…美·이란 결렬에 글로벌 증시 휘청일까 [이슈+] 美·이란, 첫 종전 협상 결렬… 밴스 “합의 없이 미국으로 복귀” 美·이란, 마라톤협상 일단 종료…트럼프 “결과 내게 차이 없어” ‘휴전·반도체 실적’ 맞물려 반등…방향키는 ‘유가·환율’ [주간증시] 재개발 표류하던 관악 난곡…LH 소규모 정비 첫 공공단독시행 민주당 차지호 의원, 세계 최고 권위 ‘란셋’ 위원회 공동의장 선임 [기후 신호등] 호르무즈 사태, 인류의 석유중독을 드러내다 SKT·KT 이탈 가입자 줍줍 LGU+ ‘1분기 나홀로 성장’ 미국·이란, 중재국 파키스탄서 종전 협상 돌입 ‘사장님’ 밀어주는 은행권…소상공인 금융 달라진다 “21시간 협상이 빈손”…美·이란 결렬에 글로벌 증시 휘청일까 [이슈+] 미국·이란, 중재국 파키스탄서 종전 협상 돌입 美·이란, 마라톤협상 일단 종료…트럼프 “결과 내게 차이 없어” 美·이란, 첫 종전 협상 결렬… 밴스 “합의 없이 미국으로 복귀” [기후 신호등] 호르무즈 사태, 인류의 석유중독을 드러내다 4월 전국 아파트 입주전망지수 15개월 만에 최저치…당분간 먹구름 이어질 듯 SKT·KT 이탈 가입자 줍줍 LGU+ ‘1분기 나홀로 성장’ ‘사장님’ 밀어주는 은행권…소상공인 금융 달라진다 “외국인 손님 모시자”…은행권, 사랑방 만들고 외국인 특화 상품까지 교황 “하느님은 전쟁 축복 안 해”…美 트럼프 지적 Opinion 에너지·환경 칼럼 부존자원 없는 나라의 필수전략, 에너지절약 에너지·환경 칼럼 석유공급 위기가 몰고 올 에너지전환 정책의 방향은? 신연수 칼럼 브라보! K-반도체 이슈&인사이트 새로운 중앙아시아가 온다 데스크 칼럼 [데스크 칼럼] 한은 새수장 신현송, 위기 겹친 경제 속 역할 무겁다 기자의 눈 유통가 AI전환, 대체자 아닌 조력자 만들어야 Copyright ? 2020 에너지경제신문. All rights reserved.",ekn.kr,https://www.ekn.kr/web/view.php?key=20260411025387388,"Sun, 12 Apr 2026 10:30:00 +0900"
보호무역,국제,KTL 창립 60주년…글로벌 산업 지형 대응 '미래 비전' 실행,보호무역주의 심화와 무역기술장벽 등 급변하는 통상 환경에 대응해 우리 수출 기업의 든든한 지원군 역할이다. 올해부터는 인공지능(AI)을 활용한 '기술규제 데이터 허브'를 구축해 해외 규제 정보의 정확성을 높이고...,"국내 최다 인증서 발행 등 성과…""기업의 세계시장 진출 끝까지 지원"" 한국산업기술시험원 [한국산업기술시험원 제공. 재판매 및 DB 금지] (진주=연합뉴스) 박정헌 기자 = 국내 유일의 공공 종합 시험인증기관인 한국산업기술시험원(KTL)이 오는 13일 창립 60주년을 맞는다. KTL은 창립 60주년을 기점으로 급변하는 글로벌 산업 지형에 대응하기 위한 미래 비전 실행에 역량을 집중한다고 12일 밝혔다. 1966년 우리 정부와 유네스코가 공동 설립한 한국정밀기기센터를 전신으로 하는 KTL은 지난 60년간 국가 경제 발전의 궤를 같이하며 기업 경쟁력 제고와 국민 안전 확보의 파수꾼 역할을 수행해왔다. 설립 당시 30여명에 불과했던 임직원은 현재 약 1천200여명으로 늘어났으며, 국내외 23곳의 거점을 둔 글로벌 시험인증기관으로 성장했다. 2015년 경남 진주 혁신도시로 본원을 이전한 KTL은 지역 특화산업 발굴과 시험평가 기반 구축 등 맞춤형 기업 지원을 통해 국가균형발전의 성공 모델로도 평가받는다. KTL의 핵심 역량은 교정, 인증, 시험, 검사 등 제품의 안전과 성능을 객관적으로 입증하는 '시험인증'이다. 우리 기업이 개발한 제품이 국내외 시장에서 원활히 유통될 수 있도록 돕는 일종의 '기술 패스포트' 역할을 하고 있다. 보호무역주의 심화와 무역기술장벽 등 급변하는 통상 환경에 대응해 우리 수출 기업의 든든한 지원군 역할이다. 올해부터는 인공지능(AI)을 활용한 '기술규제 데이터 허브'를 구축해 해외 규제 정보의 정확성을 높이고 실시간 연계를 강화한다. 미국, 중국, 인도 등 주요 교역국의 규제 법령 분석과 1대 1 컨설팅을 통해 기업들의 수출 대응력을 한층 끌어올린다는 복안이다. 성장세도 뚜렷해 국내 기관 중 가장 많은 국제전기기기 상호인증제도 인정 규격을 보유하고 있으며, 지난해 기준 국내 최다인 846건의 인증서를 발행했다. 전 세계 58개국 190여 개 기관과 맺은 네트워크는 국내 최대 규모다. KTL은 앞으로도 해외인증 취득 전(全) 주기 종합 지원체계를 강화하고, 국가별 맞춤형 컨설팅과 해외 기관과의 상호 인정 확대를 통해 시험인증 절차 간소화에 매진할 방침이다. KTL 관계자는 ""급변하는 글로벌 산업 지형에 발맞춰 전방위적인 기술 혁신 지원에 나설 것""이라며 ""국민과 함께 성장하는 국가대표 시험인증기관으로서 기업의 세계 시장 진출을 끝까지 지원하겠다""고 말했다. home1223@yna.co.kr",n.news.naver.com,https://n.news.naver.com/mnews/article/001/0016016127?sid=102,"Sun, 12 Apr 2026 08:15:00 +0900"
보호무역,국제,"4대그룹 총수, 이달말 '인도·베트남' 간다…중동 리스크 속 '공급망' 관...","중동발 지정학적 리스크와 보호무역 확산 속에서 공급망 안정성을 확보하려는 행보로 풀이된다. 12일 재계에 따르면, 한국경제인협회와 대한상공회의소는 이달 말 주요 그룹 총수와 기업인 약 200명으로 구성된...","이재용·최태원·정의선·구광모 등 국내 주요그룹 총수들이 인도와 베트남을 잇따라 찾는다. 중동발 지정학적 리스크와 보호무역 확산 속에서 공급망 안정성을 확보하려는 행보로 풀이된다. 12일 재계에 따르면, 한국경제인협회와 대한상공회의소는 이달 말 주요 그룹 총수와 기업인 약 200명으로 구성된 경제사절단을 꾸려 인도와 베트남을 방문한다. 한경협은 인도, 대한상의는 베트남 사절단을 각각 맡아 현지 기업들과의 비즈니스 포럼과 MOU(업무협약) 체결 등을 진행할 예정이다. 베트남 사절단에는 대한상의 회장인 최태원 SK그룹 회장을 비롯해 이재용 삼성전자 회장, 정의선 현대차그룹 회장, 구광모 LG그룹 회장 등 4대 그룹 총수가 합류할 것으로 보인다. 또 재계 대표 베트남통인 조현준 효성그룹 회장과 조현상 HS효성 부회장의 동행도 유력하다. 이번 경제사절단 방문은 또 럼 베트남 공산당 서기장이 이달 초 국가주석직에 오른 후 처음이다. 총수들은 투자 확대와 함께 베트남 새 지도부와의 ‘신뢰 쌓기’에 주력할 것으로 예상된다. 삼성전자와 LG그룹은 현지 대규모 생산 네트워크와 R&D(연구개발) 인프라를 구축한 상황이다. SK이노베이션은 가스복합화력발전소와 LNG 터미널 등 약 23억달러 규모의 에너지 인프라 사업을 추진하고 있다. 현대차그룹도 베트남을 아세안 전략 거점으로 삼고 생산 기반 확대를 검토 중이다. 효성은 2007년 베트남 진출 후 현지에 총 39억달러 이상을 투자했고 스판덱스, 타이어코드, 자동차 안전벨트, 에어백용 원사 등 그룹 대표 제품들을 생산하고 있다. 인도 경제사절단에는 류진 한경협 회장을 비롯해 이재용 회장, 정의선 회장, 구광모 회장 등이 이름을 올릴 것으로 예상된다. 김창한 크래프톤 대표도 사절단 합류에 무게가 쏠린다. 인도는 14억 인구의 내수 시장을 앞세워 ‘포스트 차이나’ 생산·소비 거점으로 부상하고 있다. 한국 기업들도 앞다퉈 진출해 사업을 확대 중이다. 최근 한국의 대인도 직접투자(FDI)는 8억달러를 넘어섰고 양국 협력도 공급망 안정성과 첨단 산업 중심으로 재편되는 양상이다. 삼성전자와 LG전자는 노이다와 푸네 등지에서 스마트폰과 가전 공장을 운영 중이다. 특히 LG전자는 스리시티에 약 8400억원을 투입해 신규 공장 건설을 추진하고 있다. 현대자동차는 현지 생산 능력을 연간 100만대 수준으로 끌어올리고 하이브리드와 전기차를 포함한 신차 26종을 대거 투입한다는 계획이다. 특히 인도 정부는 올해 예산안을 통해 외국인 투자 유치에 속도를 내고 있다. 전자제품 제조 분야에서는 외국 기업이 설비·장비를 제공할 경우 발생하는 소득에 대해 2030~2031년 과세연도까지 세금을 면제하는 방안을 도입했다. 기업이 세제혜택을 받아도 납부해야 하는 최소한의 법인세(최소대체세, MAT)도 기존 15%에서 14%로 인하키로 했다. 재계 한 관계자는 “인도는 최근 세제 인센티브와 행정 절차를 동시에 정비하면서 투자 불확실성을 크게 낮추고 있다”며 “글로벌 기업 입장에선 생산거점 확대를 검토할만한 상황”이라고 말했다. [신아일보] 장민제 기자 jangstag@shinailbo.co.kr",shinailbo.co.kr,https://www.shinailbo.co.kr/news/articleView.html?idxno=5010122,"Sun, 12 Apr 2026 07:26:00 +0900"
레버리지,주식,"매수 타이밍 포착… 넷마블, 신작 효과 주목","게임 산업 특성상 흥행 여부에 따라 실적 변동성이 크지만, 성공 시 높은 레버리지 효과를 기대할 수 있다. 증권가는 현재 주가 수준을 중장기 투자 관점에서 매수 접근이 가능한 구간으로 평가하고 있다. 단기 실적보다...","넷마블이 단기 실적 부진에도 불구하고 중장기 성장 기대감 속에서 매수 접근이 가능한 구간에 진입했다는 평가가 나오고 있다. 신작 출시와 비용 구조 개선이 향후 실적 반등의 핵심 변수로 꼽힌다. SK증권은 최근 보고서에서 넷마블의 주가가 현재 수준에서 투자 매력이 높아지고 있다고 분석했다. 1분기 실적은 부진하지만 이후 실적 개선 가능성에 주목할 필요가 있다는 설명이다. 넷마블의 1분기 매출은 약 6494억 원으로 전분기 대비 감소할 것으로 예상된다. 영업이익 역시 감소하며 시장 기대치를 밑돌 것으로 전망된다. 이 같은 실적 부진은 신작 출시 시점과 비용 집행 구조에 따른 영향이 크다. 주요 기대작인 일곱 개의 대죄: Origin이 3월 중순 이후 출시되면서 1분기 매출에 충분히 반영되지 못한 점이 영향을 미쳤다. 또 다른 신작인 스톤에이지 키우기 역시 초기 단계에 있어 실적 기여도가 제한적인 상황이다. 여기에 기존 게임의 지역 확장도 진행됐지만 단기 실적 개선에는 제한적이었다. 반면 비용 측면에서는 선투자 성격의 지출이 확대됐다. 상반기 신작 마케팅이 집중되면서 영업비용이 예상보다 증가한 것으로 분석된다. 다만 자체 지식재산(IP) 게임 확대와 PC 결제 도입은 긍정적인 요소로 평가된다. 지급수수료가 감소하며 중장기적으로 수익성 개선 기반이 마련되고 있다는 분석이다. 시장에서는 1분기 부진을 일시적인 구간으로 보고 있다. 2분기부터는 신작 효과가 본격 반영되며 실적이 빠르게 개선될 가능성이 크다는 전망이다. 기대작의 글로벌 성과 여부가 향후 주가 흐름을 좌우할 핵심 변수로 꼽힌다. 게임 산업 특성상 흥행 여부에 따라 실적 변동성이 크지만, 성공 시 높은 레버리지 효과를 기대할 수 있다. 증권가는 현재 주가 수준을 중장기 투자 관점에서 매수 접근이 가능한 구간으로 평가하고 있다. 단기 실적보다 향후 성장 모멘텀에 주목해야 한다는 의견이다. 한편 증권가는 넷마블에 대해 목표주가 7만 9000원과 투자의견 ‘매수’를 제시했다. Copyright ? 2026 핀포인트뉴스. All rights reserved. 「열린보도원칙」 당 매체는 독자와 취재원 등 뉴스이용자의 권리 보장을 위해 반론이나 정정보도, 추후보도를 요청할 수 있는 창구를 열어두고 있음을 알려드립니다. 고충처리인 : 지선희 02-852-8445 thekpm@thekpm.com",pinpointnews.co.kr,https://www.pinpointnews.co.kr/news/articleView.html?idxno=444765,"Sun, 12 Apr 2026 13:30:00 +0900"
레버리지,주식,[해외주식Click] 레버리지·성장주로 몰린 서학개미…美주식 보유는 줄...,테슬라 2배 ETF·반도체 레버리지 상위권…방향성 베팅 확대 보관금액 연초 대비 100억달러 감소…단기 반등 흐름은 유지 /ChatGPT로 생성한 이미지. 미국 증시를 배경으로 테슬라·레버리지 ETF·우주항공·반도체 등...,"테슬라 2배 ETF·반도체 레버리지 상위권…방향성 베팅 확대보관금액 연초 대비 100억달러 감소…단기 반등 흐름은 유지 서학개미의 미국 주식 투자 방향이 '고위험·단기 대응' 중심으로 재편되는 모습이다. 변동성 확대 국면에서 레버리지 상품과 개별 성장주에 대한 베팅이 동시에 확대되고 있다. 12일 한국예탁결제원 세이브로에 따르면 지난 4월 4일부터 10일까지 최근 일주일간 서학개미 순매수 1위는 '디렉시온 데일리 테슬라 2배 ETF'로 약 1억2966만달러 순매수됐다. 이어 반도체 레버리지 ETF가 약 1억2526만달러로 2위를 기록했다. 테슬라 본주 역시 약 1억2206만달러 순매수되며 3위에 올랐다. 레버리지 ETF와 본주를 동시에 담는 매수 흐름이 나타난 셈이다. 동일 종목에 대한 방향성 베팅을 강화하는 전략으로, 단기 변동성을 활용한 수익 추구 성격이 짙다. 이외에도 로켓랩, 파이어플라이 에어로스페이스 등 우주항공 종목과 마이크로소프트, 마이크론 등 빅테크·반도체 종목이 순매수 상위에 포함됐다. 성장주와 레버리지 상품 중심의 매수 흐름이 이어지는 가운데, 반도체·AI·우주항공 등 고성장 산업 전반으로 투자 대상이 확장되는 모습이다. 최근 미국과 이란 간 휴전 협상이 진행되며 중동 지역 긴장 완화 기대가 형성된 점도 투자 심리에 일부 영향을 준 것으로 보인다. 다만 호르무즈 해협 통제 문제 등 핵심 쟁점을 둘러싼 이견이 지속되면서 불확실성은 여전히 남아 있는 상황이다. 이 같은 환경은 위험자산에 대한 단기 반등 기대를 자극하는 요인으로 작용하고 있다. 이 같은 매매 흐름과 함께 해외주식 보유 규모는 연초 대비 감소 흐름을 이어가고 있다. 미국 주식 보관금액은 1월 초 1694억4602만달러 수준에서 4월 초 1500억달러대로 내려앉았다. 이후 4월 9일 기준 1597억7985만달러로 일부 반등했지만, 여전히 연초 대비 100억달러 이상 감소한 수준이다. 한편 절세 계좌로 주목받았던 RIA(개인종합자산관리계좌) 역시 실효성 논란이 제기되고 있다. 금융투자협회에 따르면 지난 2일 기준 RIA 계좌는 23개 증권사에서 총 9만1923개 개설됐고, 누적 잔고는 4826억원으로 집계됐다. 계좌당 평균 잔고는 약 525만원 수준이다. 한편 절세 계좌로 주목받았던 RIA(개인종합자산관리계좌)를 둘러싼 실효성 논란도 이어지고 있다. 금융투자협회에 따르면 지난 2일 기준 RIA 계좌는 23개 증권사에서 총 9만1923개 개설됐고, 누적 잔고는 4826억원으로 집계됐다. 계좌당 평균 잔고는 약 525만원 수준이다. 계좌 개설 초기 급증했던 가입자 수는 빠르게 둔화됐으며, 초기 흥행 이후 자금 유입 속도도 점차 완만해지는 흐름을 보이고 있다. 메트로신문 지면 PDF 보기 Copyright ⓒ Metro. All rights reserved. (주)메트로미디어의 모든 기사 또는 컨텐츠에 대한 무단 전재ㆍ복사ㆍ배포를 금합니다. 주식회사 메트로미디어 · 서울특별시 종로구 자하문로17길 18 ㅣ Tel : 02. 721. 9800 / Fax : 02. 730. 2882 문의메일 : webmaster@metroseoul.co.kr ㅣ 대표이사 · 발행인 · 편집인 : 이장규 ㅣ 신문사업 등록번호 : 서울, 가00206 인터넷신문 등록번호 : 서울, 아02546 ㅣ 등록일 : 2013년 3월 20일 ㅣ 제호 : 메트로신문 사업자등록번호 : 242-88-00131 ISSN : 2635-9219 ㅣ 청소년 보호책임자 및 고충처리인 : 안대성",metroseoul.co.kr,http://www.metroseoul.co.kr/article/20260412500114,"Sun, 12 Apr 2026 12:34:00 +0900"
규모의 경제,국내,[기원상의 주간전망] 리스크는 줄지 않았다…이번 주 금융시장의 관전 ...,"물가, 생산 비용, 소비 심리 등으로 파급된다는 점에서 시장이 주목하는 핵심 변수다. 다만 그 영향의 강도는 향후 정세와 수급 상황에 따라 달라질 수 있다. 두 번째 변수는 정책 대응이다. 정부는 26조2000억원 규모의...","시장은 종종 착각에 빠진다. 위험이 사라졌다고 판단하는 순간에도, 실제로는 그 위험이 다른 형태로 남아 있는 경우가 많다. 지난주 시장의 반등 역시 이런 측면에서 해석할 필요가 있다. 미국과 이란이 협상 테이블에 앉았다는 사실이 긴장 완화로 받아들여졌지만, 협상은 합의에 이르지 못했다. 이는 위험이 해소됐기보다 여전히 진행 중임을 확인한 결과에 가깝다. 이번 주 시장은 이러한 현실을 다시 반영하는 과정에 들어갈 가능성이 있다. 중요한 점은 변수가 사라진 것이 아니라, 오히려 보다 분명해졌다는 점이다. 시장은 기대보다는 조건을 중심으로 판단할 필요가 있다. 미국 대표단(왼쪽)과 이란 대표단 [사진= AP·EPA 연합뉴스] 첫 번째 변수는 중동 정세다. 미국과 이란 간 협상이 합의 없이 마무리되면서 단기간 내 불확실성이 완전히 해소되기는 쉽지 않은 상황이다. 다만 협상이 완전히 종료된 것이 아니라 추가 논의 가능성도 남아 있는 만큼, 상황은 여전히 유동적이다. 시장 입장에서는 ‘리스크 해소’보다는 ‘리스크 지속’ 가능성을 염두에 두고 접근하는 것이 보다 현실적이다. 이 변수는 에너지 시장과 밀접하게 연결된다. 중동 지역 긴장은 국제 유가 변동성에 영향을 줄 수 있는 요인이다. 실제 공급 차질이 발생하지 않더라도 긴장 자체만으로 가격 변동 폭이 확대될 가능성이 있다. 에너지 가격은 물가, 생산 비용, 소비 심리 등으로 파급된다는 점에서 시장이 주목하는 핵심 변수다. 다만 그 영향의 강도는 향후 정세와 수급 상황에 따라 달라질 수 있다. 두 번째 변수는 정책 대응이다. 정부는 26조2000억원 규모의 추가경정예산을 확정하고 신속 집행 방침을 밝혔다. 고유가 피해 지원금, 에너지 수급 대응, 교통비 부담 완화 등의 정책은 단기적으로 민생 부담을 줄이는 데 기여할 것으로 예상된다. 다만 시장이 주목해야 할 부분은 재정 규모 자체보다는 집행 속도와 대상, 그리고 실제 체감 효과다. 재정은 충격을 완화하는 수단으로 의미가 있지만, 외부 변수 자체를 바꾸는 데에는 한계가 있다. 이번 주는 정책 효과가 실제 경제 활동에 어떤 영향을 미치는지 점검하는 초기 단계로 볼 수 있다. 지원금이 소비로 이어지는지, 기업 비용 부담 완화로 연결되는지 등은 시차를 두고 확인될 가능성이 크다. 정책은 발표보다 집행, 집행보다 체감이 중요하다. 세 번째 변수는 통화정책과 글로벌 일정이다. 한국은행 총재의 주요 20개국(G20) 재무장관·중앙은행총재 회의 및 국제통화기금(IMF)·세계은행 춘계회의 참석, IMF 세계경제전망 발표 등은 글로벌 경제 흐름에 대한 중요한 참고 지표로 작용할 수 있다. 이러한 일정에서 제시되는 전망과 발언은 시장 기대에 영향을 줄 수 있다. 국내에서는 한국은행 금융통화위원회 의사록 공개, 수출입물가지수, 통화 및 유동성 지표 등이 예정돼 있다. 이들 지표는 물가 흐름과 경기 상황을 점검하는 데 활용된다. 물가 압력이 지속되는지, 경기 둔화 신호가 나타나는지에 따라 향후 정책 방향에 대한 시장의 해석도 달라질 수 있다. 관련기사 靑, 12일 비상경제 현안점검회의…중동 영향 점검 전남도, 중동정세…어업인 경영부담 완화 213억 조기 집행 네 번째 변수는 시장 내부 여건이다. 금융당국이 자산운용사의 경쟁 과열에 대해 점검에 나선 점도 주목할 필요가 있다. 이는 시장 안정성을 관리하기 위한 조치로 해석된다. 현재로서는 시스템 전반의 위험으로 확대됐다고 보기는 어렵지만, 변동성이 커질 경우 시장 구조의 취약성이 드러날 가능성도 배제할 수 없다. 이 네 가지 변수를 종합하면, 이번 주 시장은 방향을 단정하기보다는 주요 조건을 점검하는 구간에 가깝다. 낙관과 비관 중 어느 한쪽으로 기울기보다는, 데이터와 상황 변화를 확인하는 접근이 필요하다. [그래픽=노트북LM] 결국 이번 주의 핵심은 명확하다. 변수는 줄지 않았고, 그 성격이 보다 구체화됐다. 중동 정세의 흐름, 정책 집행의 속도와 효과, 주요 경제 지표의 방향이 맞물리면서 시장의 판단 기준을 형성할 것이다. 시장은 기대와 현실 사이에서 움직인다. 지난주가 기대에 가까웠다면, 이번 주는 그 기대를 점검하는 과정이 될 가능성이 크다. 지금 필요한 것은 성급한 판단이 아니라, 확인된 사실에 기반한 신중한 접근이다. #정책 대응 #중동 정세 #통화정책 좋아요 0 나빠요 0 ?'5개국어 글로벌 경제신문' 아주경제. 무단전재·재배포 금지",ajunews.com,https://www.ajunews.com/view/20260412122641926,"Sun, 12 Apr 2026 12:40:00 +0900"
규모의 경제,국내,"수자원공사, AI 정수장 운영기술 베트남 수출","수돗물 생산의 안정성과 비용 절감 등 운영 효율성을 높일 수 있다. 켄동 정수장은 베트남 제1의 경제 도시이자 최대 인구 밀집 지역인 호찌민시의 핵심 급수시설이다. 정수장 시설 용량은 일일 20만㎥ 규모로, 이는 약...","[대전=뉴시스]호찌민 켄동 정수장 운영사 관계자들이 경기 화성 AI정수장을 둘러보고 있다. 2026. 04. 12 photo@newsis.com *재판매 및 DB 금지 [대전=뉴시스]곽상훈 기자 = 한국수자원공사는 베트남 호찌민시 켄동 정수장에 인공지능(AI) 정수장 운영기술을 수출한다고 12일 밝혔다. 켄동 정수장은 호찌민시 수도공사(SAWACO) 자회사인 켄동(Kenh Dong) JSC가 운영하고 있다. 이번 계약은 수자원공사가 세계 최초로 화성정수장에 적용해 운영해 온 최첨단 AI 물관리 기술이 해외 현장에 상용화되는 첫 사례다. 총사업비는 약 11억원 규모로, 켄동 정수장의 약품주입 공정 자율 운영화와 에너지관리시스템(EMS), 설비관리시스템(PMS), 지능형 영상 기반 운영체계 구축이 단계적으로 추진된다. AI 정수장 기술은 수자원공사가 화성정수장 등 국내 정수장 운영 경험에 최신 AI 기술을 접목해 독자적으로 개발·적용한 기술이다. 정수장 운영 데이터를 실시간으로 분석해 약품주입, 에너지 사용, 설비 상태 등을 최적화해 수돗물 생산의 안정성과 비용 절감 등 운영 효율성을 높일 수 있다. 켄동 정수장은 베트남 제1의 경제 도시이자 최대 인구 밀집 지역인 호찌민시의 핵심 급수시설이다. 정수장 시설 용량은 일일 20만㎥ 규모로, 이는 약 38만 가구에 먹는 물을 공급할 수 있는 양이다. 수자원공사는 지난해 9월부터 베트남 측과 화성 AI 정수장 기술 도입을 협의해 왔으며, 이번 계약 체결로 AI 기반 정수장 운영 고도화 사업이 본격화됐다. 현재 AI 정수장 기술은 글로벌 표준(ISO 25288) 제정도 추진 중이다. 국내에서 개발한 기술이 현장 실증과 확산을 거쳐 해외 수주와 상용화에 이르고, 국제적으로 통용될 수 있는 표준체계로 발전하고 있다. 윤석대 사장은 ""이번 기술 수출은 국내에서 개발·적용해 온 AI 물관리 기술이 실제 해외사업 수주로 이어진 첫 사례라는 점에서 의미가 크다""며 ""수자원공사는 K-물기술 수출 확대와 함께 국내 우수 민간 물기업의 해외 진출을 지원하겠다""고 밝혔다.",n.news.naver.com,https://n.news.naver.com/mnews/article/003/0013882230?sid=102,"Sun, 12 Apr 2026 12:04:00 +0900"
자산 버블,국내,카드사 이자비용 4.5조 돌파…고금리·만기 부담에 ‘이중 압박’,시장에서는 자산 버블에 대한 경계심이 강한 신 후보자가 한국 통화정책을 이끌게 될 경우 당분간 긴축 기조가 이어질 가능성이 높다고 보고 있다. 이에 따라 기준금리 인하 시점이 예상보다 늦춰질 수 있다는...,"전년 대비 증가세 지속…조달금리 상승에 비용 부담 확대 연내 만기 카드채 18조 육박…긴축 기조에 수익성 압박 금리 상승 직격탄…카드업계 이자비용 4년 새 2배 넘게↑ 금리 상승 여파로 카드업계의 이자비용 부담이 빠르게 확대되고 있다. 지난해 8개 전업 카드사의 연간 이자비용이 4조5000억원을 넘어 전년 대비 증가세를 이어간 가운데, 고금리 환경 장기화와 대규모 만기 도래 카드채 물량까지 겹치며 부담이 한층 가중되는 모습이다. 여기에 통화 긴축 기조가 예상보다 길어질 가능성까지 제기되면서, 카드사들의 수익성 압박은 당분간 지속될 전망이다. 4일 금융감독원 금융통계정보시스템에 따르면 8개 전업 카드사(신한·삼성·현대·KB국민·롯데·우리·하나·BC카드)의 지난해 연간 이자비용 총합은 4조5872억원으로 집계됐다. 이는 전년 동기(4조4804억원) 대비 2.38% 증가한 수준이다. 구체적으로 살펴보면 BC카드의 이자비용이 1년새 가장 큰 폭으로 늘었다. BC카드의 지난해 연간 이자비용은 730억2400만원으로, 전년 동기(576억1000만원)보다 26.76% 증가한 것으로 나타났다. 하지만 전체 카드사 중 이자비용 규모는 여전히 전체 카드사 중 제일 작았다. 이밖에 △삼성카드 5939억3500만원(전년 대비 15.59% 증가) △신한카드 1조45억원(4.44% 증가) △현대카드 7359억500만원(2.85% 증가) 순으로 이자비용 증가폭이 컸다. 당초 2022년 이전 수준만 하더라도 카드사가 1개 분기 동안 지불하는 이자비용은 평균 4000억원 수준으로, 연간 2조원이 채 넘지 않았다. 하지만 시중금리 상승에 따라 카드업계의 이자비용 부담은 매해 1조원씩 불어났다. 실제로 지난 2021년 말 8개 카드사의 이자비용은 1조9336억원에 불과했으나 △2022년 2조7590억원 △2023년 3조8821억원 △2024년 4조4804억원으로 증가했다. 2025년에는 4조5872억원까지 늘어나며, 시중금리가 상승하기 이전인 2021년 말과 비교하면 137.24% 가량 급증했다. 이처럼 카드사의 이자비용이 일제히 증가한 것은 기준금리가 급등해 카드사들의 조달금리 역시 가파르게 상승한 영향이다. 카드사의 경우 은행과 달리 수신기능이 없어 채권 발행을 통해 자금을 조달해 운용한다. 올해 말까지 만기가 도래하는 카드채 물량도 18조원 규모에 달해 카드사들의 부담은 지속될 전망이다. 한국예탁결제원에 따르면 올해 12월까지 만기가 도래하는 카드채 규모는 17조8300만원에 달한다. 올해 역시 카드사의 업황이 우호적이지 않은 상황에서 만기 도래 카드채 물량마저 18조 가량이 남아 있는 만큼 이자비용 부담은 당분간 지속될 것으로 전망된다. 여기에 매파적 성향의 한국은행 총재가 등판한 점도 변수로 꼽힌다. 신현송 한국은행 총재 후보자는 그동안 금융·경제 버블에 대한 선제적 대응 필요성을 강조해 온 만큼 전반적으로 매파적 성향의 인물로 평가된다. 또한 BIS에서 오랜 기간 활동해 온 이력 등을 고려하면 주요 중앙은행 인사들과 유사한 통화정책 시각을 공유할 가능성이 크다는 분석도 나온다. 시장에서는 자산 버블에 대한 경계심이 강한 신 후보자가 한국 통화정책을 이끌게 될 경우 당분간 긴축 기조가 이어질 가능성이 높다고 보고 있다. 이에 따라 기준금리 인하 시점이 예상보다 늦춰질 수 있다는 관측이 나오며, 상황에 따라 금리 인상 가능성도 제기되고 있다. 시장금리 상승은 곧바로 조달 비용 증가로 이어지며, 이는 이자 비용 확대와 수익성 악화로 연결될 수 있다. 카드업계의 한 관계자는 “업계 전반적으로 이자비용의 부담이 여전한 상황에서 고금리 시절 발행했던 채권 물량도 다수 남아 있어 조달비용 부담도 상당한 실정”이라며 “상황이 이런 만큼 카드사들은 국내외 경제여건 불안에 대응하기 위해 만기구조를 다양화하거나 장기화하고 있으며, 국내외 ABS와 해외채 등 조달 수단과 투자처 다변화를 위해 노력 중”이라고 설명했다. 또 다른 관계자는 카드업계의 한 관계자는 “단기차입 조달과 금융자산 확대 등으로 전년 대비 이자비용이 증가한 것으로 보여진다”며 “카드업권을 둘러싼 환경이 여전히 비우호적이며, 올해 업황 역시 불분명한 실정”이라고 말했다. 그러면서 “카드사의 경우 조달금리가 이자비용 부담에 직접적인 영향을 미치기 때문에 조달금리 안정 및 금융자산의 효율적 관리를 통해 건전성 확보가 필요할 것으로 보인다”고 덧붙였다. [CEO스코어데일리 / 이지원 기자 / easy910@ceoscore.co.kr] 무단 전재-재배포 금지> 2026-04-04 07:00:00 송고 댓글 등록 [ 300자 이내 / 현재: 0 자 ] 현재 총 0 개의 댓글이 있습니다. 심층분석 대기업 오너일가 주식 25% 담보, 43조 규모…15명은 100% 담보 담합 과징금, 올들어 벌써 6891억원…작년 연간의 3배 '반도체 특수'에 대기업 영업익 24% '껑충'…""하이닉스·삼성 빼면 7% '찔끔' 착시효과"" FOCUS 보험사 연봉 판도 변화…코리안리 1.8억 ‘1위’·DB손보 16% ‘급등’ 국내 주요 보험사들의 직원 1인당 평균 급여가 꾸준히 상승하며 ‘연봉 1억원 시대’가 공고해지고 있다. 특히 재보험사와 대형 손해보험사를 중심으로 1억5000만원 이상의 고연봉을 기록하는 사례도 늘어나고 있... 지배구조 강화에 사외이사 몸값 상승…삼성생명·화재 2년 연속 1억 돌파 보험사들이 우수한 전문성을 갖춘 사외이사를 확보하기 위해 금전적 처우를 점진적으로 개선하고 있다. 금융당국이 최근 지배구조 투명성 강화를 강조하면서 사외이사의 책임과 역할이 확대된 데 따른 것으로 풀... 재직자가 평가한 ‘꿈의 직장’ 어디?…보험사 중 코리안리·농협손보·농협생명 ‘톱 3’ 재보험사인 코리안리를 비롯한 NH농협손해보험과 농협생명이 국내 보험사 중 기업 평판 온라인 플랫폼에서 가장 높은 점수를 받은 ‘톱 3’ 기업으로 조사됐다. 쉽게 말해 현직자들이 꼽은 ‘가장 일하기 좋은 보험...",ceoscoredaily.com,https://www.ceoscoredaily.com/page/view/2026040116075075309,"Sat, 04 Apr 2026 07:00:00 +0900"
자산 버블,국내,[이슈메이커] 한은 총재 후보 지명된 신현송 국제결제은행(BIS) 통화경제...,신 후보자는 금융 불균형과 자산 버블을 지속적으로 경계해 온 인물이다. 특히 2000년대 중반 글로벌 금융 위기를 촉발한 비우량 주택 담보대출 위험성을 사전에 경고하며 ‘버블 경제론자’로 명성을 얻었다. 이러한...,"이재명 대통령은 3월 22일 제28대 한국은행(이하 한은) 총재 후보로 신현송 국제결제은행(BIS) 통화경제국장을 지명했다. 신 후보자는 국제적으로 널리 알려진 경제학자이자, ‘중앙은행의 중앙은행’으로 불리는 BIS 등 국제기구에서 통화정책과 금융 안정을 지휘해 온 인물이다. 청와대는 “중동 사태 등 대외 불확실성이 큰 상황에서 물가 안정과 국민 경제성장을 동시에 달성할 적임자”라고 인선 배경을 설명했다. 글로벌 인플레이션 압력과 중동발 지정학적 리스크가 고조되는 가운데, 세계 금융시장의 설계자로 불려 온 신 후보자가 한국 경제의 조타수를 맡게 되면서 시장 관심이 집중되고 있다. 그가 ‘실용적 매파(통화 긴축 선호)’로 꼽히는 만큼, 금융권 안팎에선 한국 통화정책의 무게추가 기존의 ‘경기 부양’에서 ‘금융 및 물가 안정’으로 이동할 거라는 관측이 나온다. BIS·프린스턴 거친 ‘국제금융 석학’ 1959년 대구 출생인 신 후보자는 영국 옥스퍼드대에서 정치·경제·철학을 전공하고 경제학 석·박사 학위를 받았다. 이후 옥스퍼드대와 런던정경대(LSE), 미국 프린스턴대 교수를 지냈고, 국제통화기금(IMF) 상주 학자와 뉴욕 연방준비은행 금융자문위원, 청와대 국제경제보좌관 등을 거치며 학계와 정책 현장을 두루 경험했다. 2014년부터는 BIS 경제 자문역 겸 조사국장을 거쳐 통화경제국장으로 활동하고 있으며, 오는 8월 말 퇴임을 앞두고 있다. 동양인 최초로 BIS 수석 이코노미스트 자리에 오른 그는 금융 위기 이론과 금융 안정 연구 분야 권위자로 꼽힌다. 특히 1998년 스티븐 모리스 당시 예일대 교수와 발표한 ‘글로벌 게임(global games)’ 이론은 외환 위기와 금융 위기의 전개를 게임 이론으로 풀어내 거시경제학의 지평을 넓혔다는 평가를 받았다. 또 2005년 잭슨홀 미팅과 2006년 IMF 연차 총회에서는 당시 가열되던 부동산 버블과 비우량 주택 담보대출(서브프라임) 위험성을 지적하며 글로벌 금융 위기 가능성을 선제적으로 경고해 국제 금융계의 주목을 받았다. ‘거시 건전성’ 창시자… 환율·부채 불안 잠재울까 신 후보자를 대표하는 키워드는 ‘거시 건전성(macroprudential)’이다. 그는 2008년 글로벌 금융 위기 당시, 개별 은행 건전성만으로는 시스템 전체의 붕괴를 막을 수 없다는 논리를 전파하며 전 세계 금융 규제 패러다임 전환을 이끌었다. 2010년 이명박 정부의 청와대 국제경제보좌관 재임 당시에는 △외환 건전성 부담금 △선물환 포지션 규제 △외국인 채권 투자 과세 제도 등 이른바 ‘거시 건전성 3종 세트’ 설계를 주도해 외부 충격에 취약했던 자본 유출입 구조를 개선했다. 최근에는 인플레이션 대응 과정에서 각국이 자국 통화 약세를 방어하는, 이른바 ‘역(逆)환율 전쟁(Reverse Currency War)’에 대한 경고로 주목받았다. 과거 수출을 위해 환율 절하(가치 하락)를 유도했다면, 이제는 인플레이션을 막기 위해 자국 통화 가치를 높게 유지해야 하는 시대라는 논리다. 특히 강달러가 기업의 대차대조표를 악화시켜 실물 위기로 번지는 ‘금융 경로’ 위험성을 꾸준히 경고해 온 만큼, 취임 후 원·달러 환율 변동성 관리에서 적극적인 대응이 예상된다. 실용적 매파 지명에 금융시장 긴장 금융시장은 신 후보자 지명을 ‘매파적(통화 긴축 선호)’ 신호로 받아들이고 있다. 신 후보자는 금융 불균형과 자산 버블을 지속적으로 경계해 온 인물이다. 특히 2000년대 중반 글로벌 금융 위기를 촉발한 비우량 주택 담보대출 위험성을 사전에 경고하며 ‘버블 경제론자’로 명성을 얻었다. 이러한 기조는 가계 부채를 강력히 통제해 부동산 시장 과열을 막으려는 이재명 정부 정책 흐름과도 궤를 같이한다. 그의 과거 발언은 이런 평가를 뒷받침한다. 우크라이나·러시아 전쟁으로 고물가가 지속되던 2022년 9월 아시아개발은행(ADB) 세미나에서 그는 “해가 날 때 지붕을 고쳐야 한다”며 경제가 감당할 수 있을 때 선제적으로 금리를 올려 금융 불균형을 해소해야 한다고 주장했다. 이에 신 후보자 지명 직후 채권시장에서는 금리 인하 시점이 내년으로 밀리거나, 오히려 추가 인상 가능성을 열어둬야 한다는 분석이 나온다. 다만, 무조건적인 금리 인상론자로 보기는 어렵다. 최근 BIS 간담회에서 그는 “공급 충격이 일시적이라면 중앙은행이 통화정책으로 대응하기보다 상황을 지켜보는 것이 교과서적 사례”라고 말해, 데이터에 기반한 정교한 대응을 중시하는 면모를 보였다. 또 중앙은행 소통 방식에 대해서도 “더 많이 말할수록 시장과 상호작용은 복잡해진다”며 포워드 가이던스(한국판 점도표)가 시장 왜곡을 부른다고 지적해 왔다. 이는 향후 한은의 메시지가 더 신중하고 절제된 형태로 바뀔 가능성을 시사한다. 정치권에서 논의 중인 스테이블코인(stablecoins·법화나 자산과 교환 비율을 고정한 암호화폐)에 대해선 다소 강경한 입장이다. 그는 2025년 8월 한 콘퍼런스에서 “자국 통화 스테이블코인은 달러 표시 가상자산과 교환을 촉진해 자본 유출 통로가 된다. 달러 스테이블코인 99% 지배력은 원화 코인으로 막을 수 없다”고 지적했다. 물가·성장·환율 ‘삼중 과제’ 신 후보자가 마주한 환경은 녹록지 않다. 글로벌 스태그플레이션(경기 침체 속 물가 상승) 우려와 국내 가계 부채 부담, 환율 변동성이 동시에 겹친 ‘삼중고’ 상황이다. 우선 금리 인하 시점이 최대 과제다. 시장은 하반기 인하를 기대하지만, 금융 안정을 중시하는 신 후보자의 성향상 성급한 완화는 가계 부채와 부동산 가격을 자극할 수 있어 신중한 접근이 예상된다. 환율 안정 역시 숙제다. 강달러가 신흥국 금융 시스템을 흔드는 경로를 연구해 온 만큼, 대외 변수에 따른 원화변동성 관리에 더 적극적으로 나설 가능성이 크다. 여기에 정부의 경기 부양 기조와 한은의 물가 안정 목표 사이에서 중앙은행 독립성을 어떻게 지켜낼지도 관심사다. 신 후보자는 지명 직후 “엄중한 시기에 통화정책을 맡게 돼 막중한 책임을 느낀다”며 “물가, 성장, 금융 안정을 고려한 균형 있는 통화정책을 고민하겠다”고 밝혔다. 한은 총재는 대통령 지명 이후 국회 인사 청문회를 거쳐 임명되며, 통상 지명부터 취임까지 한 달가량이 소요된다. Plus Point 한은 총재 76년,재무부 관료 가고 석학 시대로 1950년 한은 창립 이래 대한민국 통화정책의 수장인 한은 총재는 총 27명이 임명됐다. 역대 총재의 면면은 한국 경제의 시대상을 투영한다. 일본 유학파 관료가 많았던 초기 시절을 거쳐 1980년대 이후 임명된 총재 15명 중 10명이 서울대 학사 출신이다. 전공은 경제학과(옛 상과대학 포함) 라인이 주류를 이뤘다. 1990년대까지는 재무부 장관·차관을 거친 이른바 ‘모피아(재무부+마피아)’ 출신이 사실상 총재직을 독식하며, 정부의 경제개발을 지원하는 ‘발권력’ 행사에 집중했다. 변곡점은 1998년 한은법 개정이었다. 독립성이 강화된 이후 전철환·박승 총재 등 학계 출신 전문가가 중용되기 시작했다. 최근 이창용 총재(IMF 국장)에 이어 신현송 후보자(BIS 국장) 등 국제기구 출신 인사가 지명된 것도 이런 흐름의 일환이다. 국내 관료 네트워크를 넘어 세계 금융시장을 꿰뚫는 글로벌 석학이 한국 경제의 방어막 역할을 해야 한다는 시대적 요구가 반영된 결과로 풀이된다.",economychosun.com,https://economychosun.com/site/data/html_dir/2026/03/27/2026032700018.html,"Fri, 03 Apr 2026 11:54:00 +0900"
매몰 비용,국내,[기자노트] 방산 수주전에도 '은메달'을 수여하자,수주 실패는 곧 생산 공백과 숙련 인력 유휴화로 이어지고 투자 비용은 매몰 비용으로 남는다. 국내 운용 실적이 없으면 수출도 쉽지 않다. 수주 승패가 기업의 장기 생존을 좌우하면서 결과를 뒤집기 위한 모든 수단이...,"스포츠에서 2등은 '값진 은메달'의 주인공이지만 방산 수주전의 2등은 패자다. 승자독식 구조 속에서 막대한 개발비와 시간을 쏟은 탈락 기업의 노력은 소수점 차이로 물거품이 된다. 결과에 대한 승복 대신 이의제기와 소송이 반복되는 이유다. 글로벌 지정학적 불확실성 속에 K방산은 유례없는 호황을 이어가고 있다. 그러나 국내 시장에선 수주를 둘러싼 '집안싸움'이 끊이지 않는다. 경쟁 기업 간 갈등은 갈수록 심화하고 방위사업청을 상대로 한 소송전이 잇따라 사업 지연은 부지기수가 됐다. 한국형 차기구축함(KDDX) 사업이 대표적이다. HD현대와 한화오션 간 갈등으로 2년 넘게 지연된 데 이어 최근 HD현대가 방위사업청을 상대로 가처분 신청을 제기하면서 추가 소송전으로 확대됐다. 육군 다목적 무인차량 사업도 평가 방식을 둘러싸고 현대로템과 한화에어로스페이스가 대립하며 2년여간 표류했다. 천리안위성 5호 개발 사업 역시 경쟁에서 탈락한 한국항공우주산업(KAI)이 우선협상대상자 선정 과정의 공정성을 문제 삼으면서 소송이 진행 중이다. 이 같은 갈등을 특정 기업의 '몽니'로만 치부할 수는 없다. 방산 수주전은 대개 소수점 단위의 미세한 점수 차로 당락이 갈리는데 결과는 '전부 아니면 전무(All or Nothing)'다. 실력은 종이 한 장 차이임에도 보상이 극단적으로 갈리는 승자독식 구조가 업체 간 갈등을 부르는 핵심이다. 방산 기업들은 일 년에 몇 안 되는 수주에 막대한 개발비와 인력을 투입한다. 수주 실패는 곧 생산 공백과 숙련 인력 유휴화로 이어지고 투자 비용은 매몰 비용으로 남는다. 국내 운용 실적이 없으면 수출도 쉽지 않다. 수주 승패가 기업의 장기 생존을 좌우하면서 결과를 뒤집기 위한 모든 수단이 동원되는 실정이다. 반복되는 출혈 경쟁을 끊기 위한 해법은 복수낙찰제다. 복수낙찰제는 경쟁 입찰에서 둘 이상의 낙찰자를 선정하는 방식이다. 2024년 3월 국가계약법 제10조 제4항에 도입되며 법적 근거가 마련됐지만 방위산업 분야에서는 아직 활용된 사례가 없다. 이용철 방위사업청장도 지난해 12월 대통령 업무보고에서 복수낙찰제 도입을 건의한 바 있다. 이 청장은 ""무기 체계별로 대체로 2개 기업이 치열하게 경쟁하는데 성능이나 국익 측면에서 과당 경쟁의 폐해가 많다""며 ""복수 낙찰을 통해 서로 조정해가는 방식이 낫다""고 말했다. 복수낙찰제를 도입하면 단일 업체 선정에 따른 공급망 불안, 일정 차질 등의 리스크를 분산할 수 있다. 수주를 위해 연구개발을 지속해온 기업들이 사업에 참여하면서 기술 개발의 연속성도 확보된다. 특정 기업으로 역량이 쏠리는 구조를 완화하고 산업 전반의 경쟁력을 높일 수 있다는 점에서 도입을 검토할 만하다. 방산업계 관계자들의 의견은 엇갈린다. 변화가 필요하다는 주장과 방위사업의 특수성을 고려할 때 제도 도입에는 한계가 있다는 우려가 맞섰다. 책임 소재 등 후속 부작용을 경계하는 지적도 일리가 있지만 사업 지연이 일상화된 현실을 방치하는 것은 더 큰 손실이다. 현상 유지는 더 큰 기회를 잡기 위한 해법이 될 수 없다. 수조원대 해외 수주전에서 K방산이 '원팀'으로 결집하기 위해서라도 소모적인 내부 갈등은 멈춰야 한다. 승자독식을 넘어 실력을 갖춘 2등에게도 은메달을 줄 수 있는 현실적인 대안을 마련해야 한다. 2등도 언젠가는 1등을 만들어야 하지 않을까. 김이재 산업1부 기자",n.news.naver.com,https://n.news.naver.com/mnews/article/417/0001137944?sid=101,"Wed, 08 Apr 2026 06:05:00 +0900"
매몰 비용,국내,"[데스크 칼럼] 한은 새수장 신현송, 위기 겹친 경제 속 역할 무겁다",어느 선택도 비용을 수반하는 구조다. 이럴수록 중앙은행 수장의 '메시지 관리'는 정책 수단만큼 중요해진다.... 신상 논란에 매몰될 여유는 지금 우리 경제에 없다. 송재석 기자 mediasong@ekn.kr 에너지경제 송재석 금융부장,"디지털 신문보기 기후·에너지 금융 산업 생활경제 건설부동산 국제 정치·경제 오피니언 전국·사회 문화/스포츠 송재석 송재석기자 기사모음 에너지경제 송재석 금융부장 국회가 오는 15일 신현송 한국은행 총재 후보자에 대한 인사청문회를 연다. 이미 1800건이 넘는 자료 요구가 쏟아지면서 검증 강도는 예사롭지 않다. 가족의 국적 관련 문제와 신 후보자의 해외 자산 비중 등도 주요 쟁점으로 거론된다. 공직 후보자에 대한 검증은 당연한 절차다. 다만 지금의 경제 여건을 감안하면 청문회가 본질을 벗어난 '신상 공방'으로 흐르는 것은 경계할 필요가 있다. 통화정책의 연속성과 시장 신뢰가 중요한 시점일수록, 검증의 초점 역시 정책 역량과 판단 능력에 맞춰져야 한다. 대외 환경은 어느 때보다 불안정하다. 중동발 지정학적 긴장은 여전히 해소되지 않았고, 군사적 충돌이 이어지고 있다. 여기에 주요국 통화정책 경로를 둘러싼 불확실성까지 겹치며 글로벌 금융시장의 변동성은 확대되는 흐름이다. 국제유가를 비롯한 원자재 가격이 출렁일 때마다 물가와 성장 전망이 함께 흔들리는 취약한 경제 기반 역시 재확인되고 있다. 국제통화기금(IMF) 수장마저 전쟁 여파가 물가 상승을 부추기고 성장 둔화를 압박할 수 있다고 경고할 정도로, 상황은 기존 경기 사이클로 설명하기 어려운 복합위기 양상을 보이고 있다. 이 같은 국면에서 시장이 주목하는 것은 신 후보자의 개인사가 아닌 통화정책을 운용할 실질적 역량이다. 신 후보자는 국제결제은행(BIS) 통화경제국장을 지낸 거시경제·국제금융 분야의 학자다. 글로벌 금융위기를 사전에 경고한 이력도 있다. 주요국 중앙은행과의 네트워크와 글로벌 자금 흐름에 대한 이해 역시 강점으로 거론된다. 관건은 이러한 경력이 실제 정책 판단과 위기 대응 능력으로 얼마나 이어지느냐다. 향후 통화정책 환경은 쉽게 방향을 정하기 어려운 조건에 놓여 있다. 전쟁과 원자재 가격 상승은 물가를 끌어올리는 요인이지만, 금리를 인상할 경우 경기 둔화와 금융 부담이 커질 수 있다. 특히 가계부채 규모를 감안하면 금리 변화는 소비 위축과 금융 안정 문제로 직결될 가능성이 크다. 반대로 금리를 낮추면 성장 방어에는 도움이 되지만 물가와 환율 불안을 자극할 수 있다. 자본 유출입 변동성이 커질 경우 외환시장까지 흔들릴 수 있다는 점도 부담이다. 어느 선택도 비용을 수반하는 구조다. 이럴수록 중앙은행 수장의 '메시지 관리'는 정책 수단만큼 중요해진다. 시장은 정책 방향뿐 아니라 발언의 뉘앙스, 타이밍, 맥락까지 읽어내며 선제적으로 반응한다. 환율이 1500원에 육박하는 등 외환시장의 긴장감이 높아진 상황에서, 신 후보자가 환율 수준 자체에 큰 의미를 두지 않는다는 취지로 한 발언은 잘못된 신호로 읽힐 가능성을 키운다. 달러 유동성이 과거보다 양호하다는 인식 역시 타당한 측면이 있지만, 전달 방식에 따라 시장에는 경계심이 부족하다는 신호로 해석될 여지가 있다. 특히 외환시장은 기대와 심리가 크게 작용하는 영역이어서 표현 하나가 방향성을 오해하게 만들 수 있다. 통화당국 수장의 한마디가 금리 경로, 환율 전망, 자금 흐름에 연쇄적으로 영향을 미치는 구조인 만큼, 정책 커뮤니케이션의 정교함은 피할 수 없는 조건이라는 의미다. 향후에는 메시지의 일관성과 예측 가능성을 높이는 데 보다 무게를 둘 필요가 있다고 본다. 전임 이창용 총재가 구조개혁 의제를 지속적으로 제기하며 중앙은행의 역할을 확장해온 점도 참고할 필요가 있다. 구조개혁은 통화정책의 효과를 높이고 금리 정책의 부담을 분산시키는 핵심 장치다. 노동·산업 구조 개선과 생산성 제고 없이는 금리 정책만으로 물가와 성장을 동시에 관리하는 데 한계가 분명하다. 중앙은행이 직접 정책을 집행하지 않더라도, 중장기 리스크에 대해 지속적으로 문제를 제기하고 방향을 제시하는 역할은 중요하다. 이번 신 후보자 청문회가 가려야 할 것은 명확하다. 물가와 성장, 환율 변수가 얽힌 여건에서 균형 잡힌 통화정책을 설계할 수 있는지, 그리고 시장과 신뢰를 바탕으로 효과적으로 소통할 수 있는지다. 검증의 무게중심이 어디에 놓이느냐에 따라 향후 통화정책에 대한 시장의 신뢰도도 달라질 수밖에 없다. 신상 논란에 매몰될 여유는 지금 우리 경제에 없다. 송재석 기자 mediasong@ekn.kr 실시간 Live “21시간 협상이 빈손”…美·이란 결렬에 글로벌 증시 휘청일까 [이슈+] 美·이란, 첫 종전 협상 결렬… 밴스 “합의 없이 미국으로 복귀” 美·이란, 마라톤협상 일단 종료…트럼프 “결과 내게 차이 없어” ‘휴전·반도체 실적’ 맞물려 반등…방향키는 ‘유가·환율’ [주간증시] 재개발 표류하던 관악 난곡…LH 소규모 정비 첫 공공단독시행 민주당 차지호 의원, 세계 최고 권위 ‘란셋’ 위원회 공동의장 선임 [기후 신호등] 호르무즈 사태, 인류의 석유중독을 드러내다 SKT·KT 이탈 가입자 줍줍 LGU+ ‘1분기 나홀로 성장’ 미국·이란, 중재국 파키스탄서 종전 협상 돌입 ‘사장님’ 밀어주는 은행권…소상공인 금융 달라진다 “21시간 협상이 빈손”…美·이란 결렬에 글로벌 증시 휘청일까 [이슈+] 미국·이란, 중재국 파키스탄서 종전 협상 돌입 美·이란, 마라톤협상 일단 종료…트럼프 “결과 내게 차이 없어” 美·이란, 첫 종전 협상 결렬… 밴스 “합의 없이 미국으로 복귀” [기후 신호등] 호르무즈 사태, 인류의 석유중독을 드러내다 4월 전국 아파트 입주전망지수 15개월 만에 최저치…당분간 먹구름 이어질 듯 SKT·KT 이탈 가입자 줍줍 LGU+ ‘1분기 나홀로 성장’ ‘사장님’ 밀어주는 은행권…소상공인 금융 달라진다 “외국인 손님 모시자”…은행권, 사랑방 만들고 외국인 특화 상품까지 교황 “하느님은 전쟁 축복 안 해”…美 트럼프 지적 Opinion 에너지·환경 칼럼 부존자원 없는 나라의 필수전략, 에너지절약 에너지·환경 칼럼 석유공급 위기가 몰고 올 에너지전환 정책의 방향은? 신연수 칼럼 브라보! K-반도체 이슈&인사이트 새로운 중앙아시아가 온다 데스크 칼럼 [데스크 칼럼] 한은 새수장 신현송, 위기 겹친 경제 속 역할 무겁다 기자의 눈 유통가 AI전환, 대체자 아닌 조력자 만들어야 Copyright © 2020 에너지경제신문. All rights reserved.",ekn.kr,https://www.ekn.kr/web/view.php?key=20260412023556284,"Sun, 12 Apr 2026 11:02:00 +0900"
한계효용,주식,"""약발 떨어지나""…트럼프 발언에 무뎌지는 증시","서정훈 삼성증권 연구원은 ""트럼프 대통령의 TACO(Trump Always Chickens Out·트럼프는 항상 겁을 먹고 물러선다)가 연속되고 있지만 그 효과의 한계효용 체감이 횟수를 거듭할수록 두드러지고 있다""며 ""시장 참여자들의...","일관성 없는 유예 발언 번복에 시장 반응 둔화…신뢰도 약화 4월 6일 협상 시한 분수령…""협상·재연장·군사확대 가능성"" [미 에어포스원=AP/뉴시스]도널드 트럼프 미 대통령이 29일(현지시각) 플로리다주 웨스트 팜 비치에서 메릴랜드주 앤드류스 기지로 향하는 에어포스원에서 기자들과 연설하면서 백악관 새로운 이스트 윙 설계도를 들어보이고 있다. 그는 30일 이란과의 전쟁에서 휴전이 ""빠른 시일 내에"" 이루어지지 않으면 담수화 시설을 포함한 이란의 모든 민간 인프라들을 파괴할 것이라고 새로운 위협을 가했다. 2026.03.30. [서울=뉴시스]김민수 기자 = 도널드 트럼프 미국 대통령의 완화·유예 발언에 따라 급등락을 반복하던 글로벌 증시가 최근 들어 동일한 패턴의 발언에도 반응 강도가 둔화되는 모습이다. 시장이 트럼프발 변동성에 학습 효과가 발생해 내성이 생겼다는 분석이 나온다. 최근 국내 증시는 트럼프 대통령의 발언에 따라 급등락을 반복하며 '롤러코스피' 흐름을 반복해왔다. 이런 흐름은 이란 전쟁 발발 이후 지속되고 있다. 지난 9일(현지시간) ""전쟁이 거의 끝나간다""는 발언을 내놓자 코스피는 다음 날 5%대 상승했고 지난 21일(현지시간) 이란에게 48시간의 최후통첩을 내놓자 코스피는 6%대 급락했다. 그러나 최근 들어 이러한 '트럼프 발언→시장 급등락' 공식에도 균열 조짐이 나타나고 있다. 발언 강도에 비해 시장 반응이 일관된 방향성을 보이지 않거나 상승·하락폭이 제한되며 영향력이 약화되는 흐름이다. 지난 24일(현지시간) 트럼프 대통령이 ""협상이 진행 중이며 이란으로부터 원유·가스 관련해 큰 선물을 받았다""고 언급했음에도 미국 증시는 하락 마감했으며 코스피도 1%대 상승률만 보였다. 또 27일(현지시간)에는 4월 6일을 협상 시한으로 제시하고 열흘 간 발전소 타격을 유예하겠다고 밝혔지만 스탠더드앤드푸어스(S&P)500지수는 7개월 만의 최저치로 밀렸고 코스피 역시 3개월 가량 하락하는 등 시장 충격이 이어졌다. 이 같은 변화는 시장의 초점이 트럼프 발언에서 유가와 물가, 금리 등 거시 변수로 이동한 데다 발언에서 일관성이 사라지면서 신뢰도까지 낮아졌기 떄문으로 풀이된다. 증권가에서는 이같은 흐름을 단순한 시장 피로가 아닌 '변동성 구조 변화'로 보고 있다. 트럼프 대통령의 발언이 여전히 단기 변동성을 자극하는 요인으로는 작용하지만 반복되는 과정에서 영향력이 약화되며 시장의 방향성을 좌우하는 핵심 변수에서는 점차 밀려나고 있다는 분석이다. 서정훈 삼성증권 연구원은 ""트럼프 대통령의 TACO(Trump Always Chickens Out·트럼프는 항상 겁을 먹고 물러선다)가 연속되고 있지만 그 효과의 한계효용 체감이 횟수를 거듭할수록 두드러지고 있다""며 ""시장 참여자들의 인내심이 점점 소진되고 있음을 나타내는 징표""라고 진단했다. 서 연구원은 ""4월 6일이라는 시한은 불확실성을 더하는 기점이 되기보다 실마리를 찾게 되는 이벤트로 기능할 수 있다""며 ""협상 프레임워크 구성, 유예 재연장, 에스컬레이션(군사확대)의 세 갈래 시나리오 중 어느 방향으로 가느냐에 따라 시장 변동성의 향방이 결정될 것""이라고 전망했다. 정해창 대신증권 연구원은 ""미국 소비자심리지수가 예상치를 밑돌고 기대 인플레이션이 상승하는 등 투자심리가 위축되는 흐름이 나타나고 있다""며 ""유가 상승과 금융시장 변동성이 맞물리며 위험자산 선호가 약화되고 있다""고 분석했다. 정 연구원은 ""이란 전쟁 장기화에 따른 유가 상승이 인플레이션 우려를 자극하고 금리 인하 기대를 제한하는 환경""이라며 ""스태그플레이션 우려가 확대되면서 리스크오프 심리가 강화되고 있다""고 덧붙였다．",n.news.naver.com,https://n.news.naver.com/mnews/article/003/0013859533?sid=101,"Wed, 01 Apr 2026 11:09:00 +0900"
한계효용,주식,"""비트코인, 생각보다 쉽게 해킹"" 베테랑 경제학자 섬뜩 경고",다만 이런 기반 기술의 견고함이 비트코인 같은 암호화폐의 보안성이나 효용으로 곧바로 이어지지는... 일상적인 결제 수단으로서의 한계도 언급했다. 리카즈는 사용자가 암호화폐를 법정통화로 바꾼 뒤 이를 소비할 수는...,"이전 기사보기 다음 기사보기 ""비트코인, 생각보다 쉽게 해킹"" 베테랑 경제학자 섬뜩 경고 바로가기 복사하기 본문 글씨 줄이기 본문 글씨 키우기 스크롤 이동 상태바 뉴스위드AI ""비트코인, 생각보다 쉽게 해킹"" 베테랑 경제학자 섬뜩 경고 생성 중... AI 요약 짐 리카즈가 비트코인 거래는 포렌식 추적이 쉬워 생각보다 해킹이 쉽다고 주장했다.블록체인은 인정했지만 암호화폐는 투기성이 크고 일상적 활용도 제한적이라고 봤다. 기자명 홍진주 기자 입력 2026.04.09 16:00 댓글 0 다른 공유 찾기 바로가기 본문 글씨 키우기 본문 글씨 줄이기 이 기사를 공유합니다 페이스북(으)로 기사보내기 페이스북 카카오톡(으)로 기사보내기 카카오톡 네이버블로그(으)로 기사보내기 네이버블로그 닫기 비트코인의 추적 가능성과 실사용성에 대한 회의론은 기관 자금 유입과 별개로 계속 제기되고 있다. [사진: Reve AI] [디지털투데이 홍진주 기자] 베테랑 경제학자이자 베스트셀러 작가인 짐 리카즈(Jim Rickards)가 비트코인(BTC)은 사람들이 생각하는 것보다 포렌식 추적이 더 쉬운 자산이라며 보안성과 실용성에 의문을 제기했다. 8일(현지시간) 블록체인 매체 더크립토베이직에 따르면, 리카즈는 최근 한 팟캐스트에서 블록체인 기술과 그 위에서 작동하는 암호화폐를 구분해서 봐야 한다고 주장했다. 리카즈는 블록체인 자체는 신뢰할 수 있는 기술이라며, 비교적 긍정적으로 평가했다. 그는 블록체인이 1980년대부터 발전해 온 기술이며 기록 관리 시스템에서 역할을 넓혀가고 있다고 말했다. 다만 이런 기반 기술의 견고함이 비트코인 같은 암호화폐의 보안성이나 효용으로 곧바로 이어지지는 않는다고 선을 그었다. 그는 특히 비트코인 네트워크의 거래 추적 가능성을 문제로 삼았다. 블록체인 자체가 매우 쉽게 해킹되는 것은 아니지만, 비트코인 같은 네트워크 위의 거래는 많은 이용자가 생각하는 것보다 훨씬 쉽게 추적·분석될 수 있다는 것이다. 리카즈는 미국 국가안보 관련 업무 경험을 언급하며 포렌식 추적 도구를 활용하면 비트코인 활동이 이용자 기대보다 더 투명하게 드러날 수 있다고 말했다. 그는 ""사람들이 생각하는 것보다 포렌식 측면에서 해킹하기가 훨씬 쉽다""고 말했다. 암호화폐의 실질적 쓰임새에 대해서도 부정적인 평가를 내놨다. 리카즈는 사토시 나카모토의 비트코인 백서까지 검토하며 수년간 이 분야를 들여다봤지만, 결국 암호화폐는 실용 중심의 혁신이라기보다 투기적 시스템에 가깝다고 본다고 말했다. 그는 ""암호화폐는 카지노와 비슷하다""며 생태계 내부에서만 가치가 순환하는 구조라고 주장했다. 리카즈는 테더, 이더리움, 솔라나 같은 자산 사이를 오가는 거래를 카지노 칩 교환에 비유했다. 이 과정에서 테더 같은 스테이블코인은 거래 사이에서 유동성을 옮기는 보관 수단 역할을 한다고 평가했다. 암호화폐 간 이동은 활발하지만, 그 가치가 암호화폐 생태계 바깥으로 확장되는지는 별개 문제라는 지적이다. 일상적인 결제 수단으로서의 한계도 언급했다. 리카즈는 사용자가 암호화폐를 법정통화로 바꾼 뒤 이를 소비할 수는 있지만, 비트코인 같은 자산을 일상에서 직접 쓰는 명확한 활용처는 제한적이라고 주장했다. 그는 암호화폐가 거래 환경 밖에서 뚜렷한 소비 효용을 보여주지 못하고 있다고 봤다. 이번 발언은 암호화폐를 둘러싼 오랜 논쟁을 다시 드러낸다. 리카즈처럼 보안성과 효용에 의문을 제기하는 시각이 있는 반면, 시장 지지층은 채택 확대와 인프라 개선, 실제 활용처 증가를 근거로 반박하고 있다. 매체는 ""기관 자금이 시장으로 더 깊게 유입되는 상황에서도 암호화폐가 투기적 수단인지, 아니면 금융 기술의 기반이 될지에 대한 논쟁은 계속되고 있다""고 전했다. △디지털투데이 텔레그램 뉴스채널 구독하기(클릭) 홍진주 기자 hongjj@d-today.co.kr 키워드 #비트코인 #BTC #암호화폐 #블록체인 저작권자 ? 디지털투데이 (DigitalToday) 무단전재 및 재배포 금지 SNS 기사보내기 공유 이메일 기사저장 관련기사 도지 넘봤던 시바이누, 2021년 시총 540억달러 정점 뒤 급락…가격 '뚝' 지캐시 300달러 회복…휴전 소식에 프라이버시 코인 동반 강세 개구리 밈코인, 월가 갈까…카나리캐피털, 페페 ETF 상장 신청 양자 위협은 장기전…비트코인 업계, 키 이전·지갑 전환 준비론 부상 스탠다드차타드, 암호화폐 수탁업체 조디아 일부 사업 인수 검토 휴전 발표 직후 27억달러 유입…바이낸스 매수세에 'BTC 9만달러' 시선 JP모건 ""1분기 암호화폐 유입 110억달러에 그쳐…버팀목 스트래티지"" 모건스탠리 비트코인 ETF, 첫날 3060만달러 유입…블랙록 이어 2위 브래그 하우스, 도지코인 재단 사업회사와 합병안 통과…RWA 토큰화 추진 美 은행권, 백악관 스테이블코인 저위험 평가에 반발 이 시각 추천뉴스 2008년 금융위기 적중 경제학자 ""비트코인, 결국 0원 된다""…이유는 GPU 임대료 6개월 새 40% 급등…HBM·디램 품귀 현상 심화 베일 벗는 '알루미늄 OS'…구글, 안드로이드·크롬 통합 속도 낸다 휴림로봇 최대주주 휴림홀딩스, 휴림로봇 주식등의 수 517만8655주 감소…총 지분율 0.92% 리플 SWIFT 파트너 합류에 XRP 기대 들썩…갈링하우스 전망 재소환 테슬라 FSD, HW3 vs HW4 체감 격차 확대…자동화 완성도 급상승 밈코인 SPX6900 곧 터진다…""도지코인·페페처럼 시총 바닥 다져"" 2008년 금융위기 적중 경제학자 ""비트코인, 결국 0원 된다""…이유는 개의 댓글 로그인하고 댓글 작성하기?? 댓글 정렬 BEST댓글 BEST 댓글 답글과 추천수를 합산하여 자동으로 노출됩니다. 닫기 더보기 댓글삭제 삭제한 댓글은 다시 복구할 수 없습니다. 그래도 삭제하시겠습니까? 비밀번호 삭제 닫기 댓글수정 댓글 수정은 작성 후 1분내에만 가능합니다. 본문 / 400 비밀번호 수정 닫기 내 댓글 모음 닫기",digitaltoday.co.kr,https://www.digitaltoday.co.kr/news/articleView.html?idxno=655276,"Thu, 09 Apr 2026 16:00:00 +0900"
한계 소비 성향,국내,[종합] 미 3월 소비자물가 4년 만에 최대 폭 급등…전쟁發 유가 쇼크에...,미 노동부 산하 노동통계국(BLS)은 10일(현지시간) 3월 소비자물가지수(CPI)가 계절조정 기준 전월 대비 0.9... 기업들이 이를 소비자 가격에 전가하면서 근원 CPI와 개인소비지출(PCE) 물가 모두 상방 압력을 받고 있다는...,"[종합] 美 3월 소비자물가 4년 만에 최대 폭 급등…전쟁發 유가 쇼크에 연준 긴축 장기화 가능성↑ 기사입력 : 2026년04월10일 22:03 최종수정 : 2026년04월10일 22:32 카카오톡 페이스북 트위터 밴드 가 가 프린트 ※ 본문 글자 크기 조정 가 더 작게 가 작게 가 보통 가 크게 가 더 크게 닫기 ※ 번역할 언어 선택 -- 선택 -- 닫기 AI 핵심 요약 beta 분석 중... 미국 노동부가 10일 3월 CPI가 전월 대비 0.9% 상승했다고 밝혔다. 이란 전쟁 여파로 에너지와 휘발유 가격이 각각 10.9%, 21.2% 급등했다. 근원 CPI는 0.2% 상승에 그쳐 안정됐으나 금리 인하 기대가 약화됐다. ! AI가 자동 생성한 요약으로 정확하지 않을 수 있어요. 3월 CPI 0.9% 상승, 휘발유값 21% 폭등 근원물가는 안정세지만 2차 물가 압력 우려 [서울=뉴스핌] 고인원 기자= 미국의 소비자물가가 3월 거의 4년 만에 가장 큰 폭으로 치솟았다. 이란 전쟁 여파로 국제유가와 휘발유 가격이 급등하면서 미 연방준비제도(Fed·연준)의 물가 목표치와의 거리는 더욱 벌어졌고, 올해 금리 인하 기대는 한층 약화됐다. 미 노동부 산하 노동통계국(BLS)은 10일(현지시간) 3월 소비자물가지수(CPI)가 계절조정 기준 전월 대비 0.9% 상승했다고 밝혔다. 이는 2월의 0.3% 상승에서 급격히 확대된 수치로, 러시아-우크라이나 전쟁 여파로 물가가 급등했던 2022년 6월 이후 최대 월간 상승폭이다. 전년 동기 대비 상승률은 3.3%로 집계됐다. 2월의 2.4%에서 큰 폭으로 뛰었으며, 2024년 4월 이후 가장 높은 수준이다. 이번 수치는 로이터와 다우존스가 집계한 시장 전망치와도 일치했다. 미국 헤드라인, 근원 CPI 추이, 자료=BLS, 2026.04.10 koinwon@newspim.com ◆ 유가 급등 직격탄…휘발유값 21% 폭등 이번 물가 급등의 핵심 원인은 에너지 가격이었다. 3월 에너지 가격은 한 달 새 10.9% 급등했고, 휘발유 가격은 무려 21.2% 치솟았다. BLS에 따르면 휘발유 가격 상승이 전체 CPI 상승분의 거의 4분의 3을 차지했다. 미국과 이스라엘의 대이란 전쟁으로 국제 유가는 30% 이상 급등했으며, 미국 전국 평균 휘발유 소매가격은 3년여 만에 처음으로 갤런당 4달러를 넘어섰다. 시장에서는 이번 3월 물가 급등이 유가 충격의 즉각적인 1차 영향만 반영한 것으로 보고 있다. 디젤 가격도 이미 상승세를 보이고 있어 향후 추가적인 물가 압력이 이어질 가능성이 크다. 도널드 트럼프 대통령은 앞서 7일 이란이 호르무즈 해협을 재개방하는 조건으로 2주간 휴전을 발표했지만, 시장은 여전히 휴전이 불안정한 상태라고 보고 있다. ◆ 근원물가는 예상보다 안정…표면적 진정세 다만 물가의 기조 흐름을 보여주는 근원 지표는 상대적으로 안정적인 모습을 보였다. 식품과 에너지를 제외한 근원 CPI는 3월 전월 대비 0.2% 상승해 2월과 같은 수준을 유지했다. 전년 동기 대비로는 2.6% 상승했다. 이는 시장 예상보다 0.1%포인트 낮은 수준이다. 의료 서비스, 개인용품, 중고 승용차 및 트럭 가격은 오히려 전월 대비 하락해 일부 항목에서는 디스인플레이션 조짐도 나타났다. 표면적으로는 기조적인 물가 압력이 제한적이지만, 시장은 4월 이후 유가 급등의 2차 파급 효과를 더 우려하고 있다. 항공유 가격 상승은 항공 운임 인상으로 이어질 수 있고, 디젤 가격 상승은 육상 운송 비용을 높여 소비재 전반의 가격을 밀어올릴 가능성이 있다. 비료와 플라스틱 등 산업 원재료 가격 상승도 예고되고 있다. 이는 향후 식료품과 생활용품 가격에도 연쇄적으로 영향을 줄 수 있다. 여기에 트럼프 행정부의 광범위한 관세 정책도 기업들의 비용 부담을 키우고 있다. 기업들이 이를 소비자 가격에 전가하면서 근원 CPI와 개인소비지출(PCE) 물가 모두 상방 압력을 받고 있다는 분석이 나온다. 이는 최근 임대료 상승세 둔화에 따른 디스인플레이션 효과를 상당 부분 상쇄하고 있다. ◆ 소비·고용에도 부담…연준 긴축 장기화 가능성 이번 물가 급등은 노동시장과 소비에도 부담으로 작용할 수 있다. 앞서 발표된 3월 고용 지표는 예상보다 강한 증가세를 보여 미국 노동시장이 여전히 견조하다는 평가를 받았다. 그러나 중동 분쟁이 장기화되고 고물가가 지속될 경우 가계의 실질 구매력이 약화되면서 소비 둔화와 고용 위축으로 이어질 수 있다는 우려가 커지고 있다. 실제 휘발유 가격 급등은 소비자들의 가처분소득을 잠식하고 있으며, 이는 다른 소비 항목 지출 감소로 이어질 가능성이 크다. 이 같은 상황은 연준의 통화정책에도 직접적인 영향을 미치고 있다. 시장에서는 이미 2026년 남은 기간 동안 금리 인하 가능성을 거의 반영하지 않고 있다. 일부 경제학자들은 오히려 올해 금리 동결이 지속되거나 추가 긴축 가능성까지 배제할 수 없다고 보고 있다. 미 동부시간 4월 10일 오전 연방기금(FF) 금리선물시장 참가자들의 연준 기준금리 전망.[표=CME 페드워치] 이 같은 전망은 8일 공개된 3월 17~18일 연방공개시장위원회(FOMC) 의사록에서도 확인됐다. 의사록에 따르면 연준 내부에서는 일부 정책위원들이 금리 인상 필요성까지 거론한 것으로 나타났다. 연준은 현재 기준금리를 연 3.50~3.75% 범위로 유지하고 있다. 다만 일각에서는 노동시장이 급격히 악화될 경우 연내 금리 인하 가능성이 완전히 사라진 것은 아니라는 신중론도 나온다. 반면 다른 전문가들은 소비 위축이 심화될 경우 기업들이 유가 상승분을 최종 소비자 가격에 충분히 전가하지 못해 향후 물가 상승세가 일부 제한될 가능성도 있다고 분석했다. 결국 3월 미국 물가는 전쟁발 유가 쇼크가 촉발한 급등세를 보였지만, 향후 시장의 초점은 이 충격이 근원 물가와 소비, 노동시장으로 얼마나 깊게 확산될지에 맞춰질 전망이다. koinwon@newspim.com [관련기사] 뉴욕증시 프리뷰, 미·이란 '불안한 휴전' 속 뉴욕증시 숨 고르기…CPI·주말 협상에 촉각 금리 인상 염두에 둔 연준 위원들 늘었다… ""인플레 우려"" 美 2월 근원 PCE 3.0%로 소폭 둔화…이란 전쟁發 유가 급등에 금리 인하 기대 후퇴 '월가 황제' 다이먼 ""이란 전쟁發 인플레·고금리 우려...예상보다 고금리 이어질 수도"" [관련키워드] 가격 상승 물가 시장 디지털뉴스콘텐츠 이용규칙 보기 뒤로가기 맨위로 GAM - 해외주식 투자 도우미 [AI의 종목 이야기] AI 수요 급증에 빅테크, 차세대 원자력에 자금력 집중 유튜브, 3년 만에 미국 구독료 인상 [홍콩 대장주] 메이퇀 ③ 신성장 동력의 '폭발적 성장' [홍콩 대장주] 메이퇀② 실적은 고속 상승, 밸류는 역대 저점 [뉴스핌 베스트 기사] 사진 국립정동극장 대표이사에 서승만 [서울=뉴스핌] 김용석 선임기자 = 최휘영 문화체육관광부 장관은 10일 서승만 씨를 재단법인 국립정동극장 대표이사에 임명하고 임명장을 수여했다. [서울=뉴스핌] 김용석 선임기자 = 재단법인 국립정동극장 대표이사에 임명된 서승만 씨. [사진= 문체부] 2026.04.10 fineview@newspim.com 서승만 신임 대표이사는 방송·공연 연출·극장 운영 분야를 두루 거친 공연예술·콘텐츠 기획 전문가다. 국민대학교에서 연극영화·영상미디어 학·석사 학위를 취득하고 행정학 박사 학위까지 받았다. 극단 상상나눔 대표, 소극장 상상나눔씨어터 대표를 지냈으며, 사단법인 국민안전문화협회 회장, 한국공공관리학회 홍보위원장, 행정안전부 홍보대사 등 공공 영역에서도 폭넓게 활동했다. 마당놀이 '온달아 평강아'·'뺑파전', 뮤지컬 '노노이야기'·'터널' 등을 직접 연출한 무대 현장 경험도 갖췄다. 최휘영 장관은 ""신임 대표이사가 그간 축적한 현장 경험과 홍보 역량을 바탕으로 국립정동극장의 관광 자원으로서 역할을 강화하고, 우수한 공연을 국내 관객을 넘어 세계에 알리는 데 핵심적인 역할을 해주길 기대한다""고 말했다. 서 대표이사의 임기는 3년이다. 국립정동극장은 한국 최초 근대식 극장인 원각사 복원을 설립 이념으로 1997년 문을 연 재단법인이다. 전통공연 예술작품의 제작·공연과 국내외 교류를 주요 사업으로 삼아왔으며, 최근에는 전통연희·연극·뮤지컬 등 정동길의 근현대 문화유산을 토대로 서울 도심을 대표하는 공연을 선보이고 있다. fineview@newspim.com 2026-04-10 14:55 사진 이란, 호르무즈 기뢰 해역 지도 공개 [서울=뉴스핌] 최원진 기자= 이란 이슬람혁명수비대(IRGC)가 호르무즈 해협에 기뢰를 부설한 해역의 지도를 공개했다고 해사 전문 매체 로이즈 리스트와 알자지라 등이 9일(현지시간) 보도했다. 공개된 지도에 따르면 혁명수비대 해군은 해협 남쪽 절반에 해당하는 사각형 구역을 위험 해역으로 지정했다. 선박은 이란 당국의 사전 허가를 받아 북쪽 항로로만 통과할 수 있다. 이란 혁명수비대가 9일(현지시간) 공개한 호르무즈 해협 기뢰 부설 해역 지도. [사진=이란 누르뉴스] 구체적으로 혁명수비대 해군은 ""해상 안전 원칙 준수 및 해군 기뢰와의 충돌 방지를 위해, 혁명수비대 해군과의 사전 협조 하에 추후 공지 시까지 첨부 지도에 따른 아래의 대체 항로를 이용할 것을 요구한다""면서 입항 항로는 오만만에서 북쪽 라라크섬 방향으로 진행 후 페르시아만으로 계속 진입하고, 출항 항로의 경우 페르시아만에서 라라크섬 남쪽을 경유한 후 오만만으로 향해야 한다고 안내했다. 미국과 이란의 휴전 합의에도 해협 통행은 사실상 막힌 상태다. 블룸버그통신에 따르면 8일부터 9일 오전까지 해협을 통과한 선박은 이란 연계 선박 7척에 불과했다. 평소 하루 양방향 통행량인 135척과 비교하면 사실상 봉쇄 수준이다. 이란 항만해양청도 기뢰 위협을 이유로 선박용 안전 항로 2개를 별도로 공식 지정했다. 이란 외무부 부장관은 영국 ITV와의 인터뷰에서 ""어떤 선박이든 항행할 수 있다""면서도 이란 군과의 사전 교신이 필요하다고 밝혔다. 이란의 허가 요구가 확인되자 통과를 시도하려던 유조선 한 척이 계획을 취소한 것으로 알려졌다. 아랍에미리트(UAE) 최대 석유기업 아부다비국영석유공사(ADNOC)의 술탄 알 자베르 최고경영자(CEO)는 ""호르무즈 해협은 열려 있지 않다""며 ""접근이 제한되고, 조건부로 통제되고 있다""고 잘라 말했다. 국제해사기구(IMO)의 아르세니오 도밍게스 사무총장은 이란이 통행료 징수 체계를 영구화하려는 움직임에 대해 ""국제 관행에 맞지 않는 별도의 메커니즘으로, 받아들일 수 없다""고 비판했다. EOS 리스크그룹의 마틴 켈리 자문실장은 기뢰 부설이 확인될 경우 해협 정상화까지 ""최소 수개월이 걸릴 것""이라고 경고했다. 세계 석유·액화천연가스(LNG) 공급량의 약 5분의 1이 통과하는 이 해협의 봉쇄가 장기화될 경우 글로벌 에너지 시장에 미치는 충격은 상당할 것으로 전망된다. wonjc6@newspim.com 2026-04-10 08:42 정원오, 민주당 서울시장 후보 확정 2만원대 5G 요금제 나온다 [뉴스핌 설문] 바람직한 정당체제는? [주요포토] '더불어민주당, 수도권 광역단체장 후보 원팀 출범 26.2조 '전쟁 추경', 국회 본회의 통과 대한민국 임시의정원 개원 107주년 기념식 여야, 추경안 26.2조 규모 최종 합의 한국은행 4월 금통위... 기준금리 7연속 동결 오늘부터 3차 석유 최고가격제 시행 정치 전쟁에서 실용으로 대전환",newspim.com,https://www.newspim.com/news/view/20260410001250,"Fri, 10 Apr 2026 22:03:00 +0900"
한계 소비 성향,국내,"[르포] ""내 월급 빼고 다 올랐네""···고물가 속 직장인 '짠물 소비'",최근 통계청이 발표한 2025년 연간 가계동향조사에 따르면 가구당 월평균 소비지출은 293만9000원으로 전년보다 1.7% 늘었지만 물가를 반영한 실질소비지출은 0.4% 줄었다. 한국은행의 2026년 3월 소비자동향조사에서도...,"이전 기사보기 다음 기사보기 [르포] “내 월급 빼고 다 올랐네”···고물가 속 직장인 ‘짠물 소비’ 바로가기 복사하기 본문 글씨 줄이기 본문 글씨 키우기 스크롤 이동 상태바 헤드라인톱 [르포] “내 월급 빼고 다 올랐네”···고물가 속 직장인 ‘짠물 소비’ 기자명 한정용 기자 입력 2026.04.10 08:00 댓글 0 다른 공유 찾기 바로가기 본문 글씨 키우기 본문 글씨 줄이기 이 기사를 공유합니다 페이스북(으)로 기사보내기 트위터(으)로 기사보내기 카카오스토리(으)로 기사보내기 카카오톡(으)로 기사보내기 네이버밴드(으)로 기사보내기 네이버블로그(으)로 기사보내기 핀터레스트(으)로 기사보내기 URL복사(으)로 기사보내기 닫기 오피스 상권 채운 저가 프랜차이즈···커피 한 잔도 고민 가격·목적 따라 갈리는 매장 선택···선택형 지출 뚜렷 배달 간편식 등 사내 점심 확산···일반 매장 매출 타격 9일 오전 서울시 강남구 역삼동 오피스 골목에서 커피를 들고 출근길을 재촉 중인 직장인. [사진=한정용 기자] [이뉴스투데이 한정용 기자] “출근할 때 커피 한잔은 포기할 수 없어서 점심값을 아끼는 편입니다.” 매년 신고점을 경신하고 있는 원두 가격과 점심 외식을 꺼려지게 하는 외식 물가까지 출근길 직장인들의 지갑 사정을 반영하지 못한 물가의 공포스러운 고공행진이 계속되고 있다. 출근길 피로를 위한 커피 한 잔과 퇴근 후 고생한 스스로를 다독이는 맥주 한 잔 마저 쉽사리 손이 가지 않는 처지에 놓였다. 고물가 기조 속 직장인들의 선택은 일상 지출을 가격에 맞춘 선택형 소비로 향하고 있다. 그중에서도 생활물가 상승에 따른 반동으로 일상 소비 중 하나인 커피와 점심 외식 소비 방식이 가장 빠르게 변화를 맞고 있다. 특히 오피스 상권의 경우 지출 구조의 변하에 따른 구매 방식 변화가 가장 도드라지게 나타나고 있었다. 9일 오전 출근 시간대, 오피스 상권이 밀집해 있는 서울 강남역과 역삼역 일대는 출근 앞두고 발걸음을 재촉하는 직장인들로 가득했다. 이들 손에는 메가커피, 바나프레소, 컴포즈커피 등 상대적으로 저렴한 카페 프랜차이즈 커피들이 들려 있었다. 지하철역 출구 인근에 위치한 저가형 프랜차이즈 커피 매장 앞 역시 인산인해를 이뤘다. 출근 전 잠시 들러 커피를 산 뒤 직장으로 향하는 모습이 이어졌다. 강남에 위치한 커피프랜차이즈 매장. 한 직장인이 커피를 주문하고 기다리는 모습. [사진=한정용 기자] 강남권에서 근무하는 직장인 김나영(26)씨는 “출근할 때 카페인 충전을 하려고 커피를 사는 편”이라며 “보통 점심에는 부서 운영비나 직장 상사가 커피를 사줘서 하루 두 잔 정도 마시는데, 커피 가격 자체가 너무 부담된다기보다 생활비가 늘어 조금이라도 줄이려고 저가형 브랜드를 선택한다”고 말했다. 커피 가격이 부담스러워 상대적으로 가격대가 낮은 매장을 찾으며 지출을 최소화하고 있는 모습이었다. 최근 통계청이 발표한 2025년 연간 가계동향조사에 따르면 가구당 월평균 소비지출은 293만9000원으로 전년보다 1.7% 늘었지만 물가를 반영한 실질소비지출은 0.4% 줄었다. 한국은행의 2026년 3월 소비자동향조사에서도 소비자심리지수(CCSI)는 107.0으로 전월보다 5.1p하락했다. 소득 지표의 증가에도 실제 일상 지출에 대한 부담은 지속되고 있는 것으로 나타났다. 현장에서는 가격대와 목적에 따라 커피매장을 선택하는 기준이 나뉘는 모습이 관찰됐다. 강남 일대 커피 가격은 2800원대부터 5500원대까지 형성돼 있었다. 저가 프랜차이즈에는 출근길 수요가 몰렸고, 개인 카페나 일반 매장에는 단골이나 특정 목적을 가진 방문객이 주를 이뤘다. 강남에서 개인 카페를 운영 중인 오성식(47)씨는 “주변 커피 가격의 편차가 큰 편이지만 고정적인 단골 고객이 있어 매출 변화는 크지 않다”며 “근처에 기업이 많아 기본 수요는 유지되지만 중요한 미팅이나 만남이 아닌 이상 근무 중인 직장인들은 주로 저가 커피를 찾는다”고 바뀌고 있는 소비 추이에 대해 설명했다. 역삼동에 위치한 일반음식점 매장. 직장인들의 소비 위축이 이어짐에 따라 식당가 매출이 감소하고 있는 것으로 나타났다. [사진=한정용 기자] 반면 저가 커피 프랜차이즈 매장 관계자들은 “출근과 점심시간대 매출 변화가 크게 보이지 않으며 직장인 수요는 꾸준한 편”이라고 답했다. 점심시간 식당가도 비슷한 양상이었다. 식당으로 향하던 직장인들이 외부 메뉴판의 가격을 확인한 뒤 이동하거나, 식당 방문 대신 회사 내부에서 도시락이나 배달 간편식으로 식사를 해결하는 경우가 파악됐다. 외부 식당 이용 빈도를 줄여 지출 규모를 조정하는 것이다. 직장인 김지현(31)씨는 “식사 비용을 아끼고자 정기적으로 도시락을 싸 온다”며 “외부 업체에 맡겨 점심을 해결하는 기업들도 늘어나는 것으로 알고 있다”고 말했다. 이어 “월급이 오르고 있긴 하지만 체감상으로는 생활 물가가 더 오르는 느낌”이라고 덧붙였다. 오피스 상권 내 식당가 매출은 업종에 따라 차이를 보였다. 24시간 운영 식당 관계자는 “점심 매출이 줄어들고 있으며, 최근 한 달 지표만 보더라도 전월 대비 20%가량 감소했다”고 토로했으며, 인근 일반 식당 관계자 역시 “전월 대비 5% 정도 떨어졌고, 코로나19 이후 지속적인 감소세”라고 설명했다. 이날 상권에서 확인된 직장인들은 출근길 커피를 구매하되 상대적으로 가격이 낮은 브랜드를 선택했다. 점심 식사 역시 도시락을 지참하거나 회사 안에서 해결하는 방식으로 지출을 줄였다. 상권 내 자영업자들은 방문객 수 감소와 더불어 고객들의 주문 단가와 매장 이용 방식이 달라졌다고 답했다. 한정용 기자 kory1130@enewstoday.co.kr 다른기사 보기 키워드 #직장인 #고물가 #짠물소비 ※ 여러분의 제보가 뉴스가 됩니다. 각종 비리와 부당대우, 사건사고와 미담, 소비자 고발 등 모든 얘깃거리를 알려주세요 이메일 : webmaster@enewstoday.co.kr 카카오톡 : @이뉴스투데이 저작권자 ? 이뉴스투데이 무단전재 및 재배포 금지 공유 이메일 기사저장 이 시각 추천뉴스 현대차그룹 정의선의 ‘신의 한수’···땅값 4배 뛴 GBC 베팅 ‘진짜 승자’ 됐다 삼성 이어 SK까지···美 ITC ‘반도체 선전포고’, K반도체 셧다운 위기 “500km 명함도 못 낸다”···獨 800km 맹폭에 ‘구형’ 전락한 현대차 E-GMP 고흥군수 출마자, 3억 정치자금 의혹 수사···지역정가 '발칵' AI 전쟁, ‘연결’이 승부처···엔비디아, 마벨 끌어안고 생태계 울타리 구축 시민단체, '고흥군 100억대 수의계약 논란' 경찰에 고발 발사체보다 '데이터'···우주산업의 돈줄이 바뀐다 현대차그룹 정의선의 ‘신의 한수’···땅값 4배 뛴 GBC 베팅 ‘진짜 승자’ 됐다 개의 댓글 작성자 비밀번호 댓글 내용입력 0 / 400 등록 댓글 정렬 최신순 추천순 답글순 BEST댓글 BEST 댓글 답글과 추천수를 합산하여 자동으로 노출됩니다. 닫기 더보기 댓글삭제 삭제한 댓글은 다시 복구할 수 없습니다. 그래도 삭제하시겠습니까? 비밀번호 삭제 닫기 댓글수정 댓글 수정은 작성 후 1분내에만 가능합니다. 본문 / 400 비밀번호 수정 닫기 내 댓글 모음 닫기 주요기사 [에너지전환2050] 서부발전, 석탄 걷어내고 재생에너지로 가속 괴산 첫 여성 부군수 이수현, 취임 100일···‘발품·섬세’ 행정 빛났다 ‘왕사남’ 열풍 타고…단종·정순왕후 ‘꽃’으로 이은 500년의 그리움 증평군, 매니페스토 공약이행 평가 ‘최고 등급 SA’ 획득···8관왕 달성 정선군, 2억 들여 고한·사북공영터미널 택시승강장 정비 한-방글라데시 CEPA 3차 협상 개시",enewstoday.co.kr,http://www.enewstoday.co.kr/news/articleView.html?idxno=2416780,"Fri, 10 Apr 2026 08:00:00 +0900"
낙수 효과,부동산,"태광, 2차전지·부동산까지… 사업 다각화로 미래 성장 동력 확보",전방 산업인 조선업이 초호황기에 진입하면서 낙수 효과가 본격화되는 시기라는 평가다. 시장 전문가들은 이들 업종의 상승세가 일시적인 테마를 넘어 장기적인 우상향 곡선을 그릴 것으로 내다봤다. 증권사 애널리스트는...,"글로벌 조선 업황의 호조와 더불어 에너지 플랜트 건설이 활발해지면서 배관 연결의 핵심 부품인 피팅(관이음쇠) 밸브 테마주들이 10일 동반 강세를 보인다. 액화천연가스(LNG) 운반선 수요가 폭발적으로 늘고 있는 가운데, 원자력 발전 및 수소 에너지 인프라 구축에 필수적인 고압 피팅 제품의 품귀 현상이 주가를 밀어올리는 동력으로 작용한다. 테마의 선두에는 태광이 서 있다. 태광은 세계적인 제작 금융 및 설비 역량을 바탕으로 대형 프로젝트 수주를 독식하며 시장을 주도하고 있다. 한국거래소에 따르면 태광은 이날 오전 15분 현재 5.59% 상승한 4만 5300원에 거래 중이다. 북미 지역의 에너지 프로젝트 재개로 인해 수출 물량이 급증하며 실적 개선 기대감이 최고조에 달했다. 태광이 산업용 배관자재 분야의 독보적인 기술력을 바탕으로 글로벌 시장 영토 확장에 속도를 내고 있다. 주력 제품인 각종 관이음쇠는 석유화학, 발전, 담수, 조선, 해양구조물 등 국가 기간산업 전반에 핵심 부품으로 공급된다. 세계일류상품 생산기업으로 인증받으며 국내를 넘어 글로벌 시장에서도 품질 경쟁력을 인정받고 있다. 최근에는 고부가가치 제품 라인업을 강화하며 세계 시장 점유율을 끌어올리는 데 주력하는 모습이다. 사업 다각화 측면에서도 가시적인 성과를 내고 있다. 2차전지 생산설비 부품을 제조하는 에이치와이티씨와 부동산 및 전시기획을 담당하는 파운드리서울을 종속회사로 두며 균형 잡힌 포트폴리오를 구축했다. 업계 관계자는 태광이 전통적인 제조 기반 위에 신성장 동력을 결합해 견고한 성장세를 이어가고 있다고 말했다. 정밀 피팅 분야의 강자 하이록코리아 역시 가파른 상승 곡선을 그린다. 유압용 및 계장용 피팅 시장에서 독보적인 지위를 확보한 점이 부각되며 투자자들의 매수세가 쏠린다. 하이록코리아는 5.05% 상승한 4만 600원에 거래되고 있다. 반도체와 항공우주 등 고부가가치 산업으로의 공급망 확대가 주가에 긍정적인 영향을 미친다. 기술력을 갖춘 중견 기업들의 약진도 두드러진다. 디케이락은 수소 충전소용 초고압 밸브 국산화 성과를 바탕으로 탄탄한 흐름을 보인다. 성광벤드는 용접용 피팅 부문에서의 압도적인 시장 점유율을 앞세워 실적 랠리에 동참한다. 이들 기업은 기존 조선 분야를 넘어 신재생 에너지 분야로 사업 영역을 확장하며 기업 가치를 재평가받고 있다. 신규 상장 및 특화 기술 보유주들도 테마를 견고히 한다. 한선엔지니어링과 비엠티는 반도체 클린룸 및 에너지 관리 시스템에 들어가는 정밀 부품 수요 증가로 인해 견조한 오름세를 유지한다. 가스 제어 솔루션 전문인 화성밸브와 선재 가공을 담당하는 한국선재, 선박용 엔진 밸브 시트를 제조하는 케이에스피도 업황 회복의 수혜를 입으며 일제히 상승세를 나타낸다. 피팅과 밸브 업종은 수주가 매출로 이어지는 시차가 짧고, 원자재 가격 상승분을 제품 가격에 전가하기 용이한 구조를 갖추고 있다. 전방 산업인 조선업이 초호황기에 진입하면서 낙수 효과가 본격화되는 시기라는 평가다. 시장 전문가들은 이들 업종의 상승세가 일시적인 테마를 넘어 장기적인 우상향 곡선을 그릴 것으로 내다봤다. 증권사 애널리스트는 ""글로벌 에너지 패러다임이 변화하면서 고사양 피팅과 밸브의 수요는 공급을 앞지르고 있다""고 말했다. 이어 ""글로벌 경쟁력을 갖춘 국내 기업들의 수주 잔고가 역대 최고 수준인 만큼, 하반기로 갈수록 이익 체력이 더욱 강화될 것""이라고 말했다. 이에 따라 단순한 가격 반등이 아닌 펀더멘털 개선에 기반한 종목 장세가 지속될 것으로 보인다. Copyright ? 2026 핀포인트뉴스. All rights reserved. 「열린보도원칙」 당 매체는 독자와 취재원 등 뉴스이용자의 권리 보장을 위해 반론이나 정정보도, 추후보도를 요청할 수 있는 창구를 열어두고 있음을 알려드립니다. 고충처리인 : 지선희 02-852-8445 thekpm@thekpm.com",pinpointnews.co.kr,https://www.pinpointnews.co.kr/news/articleView.html?idxno=444413,"Fri, 10 Apr 2026 09:20:00 +0900"
낙수 효과,주식,"제러미 시겔 ""연준 금리 인하 불투명…하반기 인상할 것""","시겔 교수는 ""미국 증시는 향후 몇 달간 상승 동력을 얻기 힘들 것""이라며 ""전쟁 종결의 기미가 보이고는 있으나, 고유가의 낙수 효과로 이미 인플레이션 상승 압력이 시장을 압박하고 있다""고 분석했다. 그는 ""솔직히...","(서울=연합인포맥스) 권용욱 기자 = 펜실베이니아대 명예 교수인 제러미 시겔은 연방준비제도(Fed·연준)의 기준금리 인하는 불투명해졌고, 하반기 인상이 가장 가능성 있는 시나리오라고 관측했다. 시겔 교수는 9일(현지시간) CNBC를 통해 ""연준은 제롬 파월 의장의 임기가 끝나는 5월까지는 금리를 동결할 것""이라며 이같이 말했다. 그는 ""대출 증가와 통화 공급(M2) 확대라는 두 가지 요인이 인플레이션을 부추기고 있다""며 ""연준이 전쟁 전보다 훨씬 강한 인플레이션 압력에 직면했다""고 분석했다. 실제 연준 자료에 따르면 지난 2월 전체 소비자 신용은 5조1천억 달러로 사상 최고치를 기록했으며, 통화량 지표인 M2 역시 22조6천억 달러로 역대 최대 수준을 나타냈다. 시겔 교수는 ""미국 증시는 향후 몇 달간 상승 동력을 얻기 힘들 것""이라며 ""전쟁 종결의 기미가 보이고는 있으나, 고유가의 낙수 효과로 이미 인플레이션 상승 압력이 시장을 압박하고 있다""고 분석했다. 그는 ""솔직히 단기 전망은 그리 낙관적이지 않다""며 ""현시점에서는 주식을 추가 매수하기보다 기존 보유분을 유지하는 전략이 바람직하다""고 덧붙였다. 최근 유가 폭등이 여타 제품의 가격을 끌어올리고 소비자 수요를 위축할 것이란 우려와 관련, 그는 ""이러한 연쇄 반응이 이미 시작됐다""고 진단했다. ywkwon@yna.co.kr",news.einfomax.co.kr,https://news.einfomax.co.kr/news/articleView.html?idxno=4408762,"Fri, 10 Apr 2026 09:04:00 +0900"
외부 효과,국내,[류영재의 ESG 인사이트] 느린 낙타가 사막을 건넌다,"외부성은 객관적으로 계량화하기 어렵다는 이유로 무시되거나, 그것들을 고려하면서 위의 제한된 투자 기간... 따라서 기업이든 건물이든 모든 경영은 내·외부적 환경, 거시경제 지표, 경쟁 양상, 기술 변화, 게임 체인지...","류영재 서스틴베스트 대표 어느 빌딩 이야기부터 시작해보자. 서울 핵심지역 역세권에 위치해 가시성과 접근성이 뛰어난 이 빌딩은 1978년 한 건설회사의 사옥으로 지어져 오랜 기간 서울의 랜드마크 건물로 불리었다. 하지만 IMF 외환위기 이후 이 건물의 수난사(受難史)가 시작됐다. 당시 자금난을 겪었던 건설사는 사옥을 해외 리츠펀드에 매각했고, 이후 그 빌딩은 몇몇 국내 중견기업과 연기금을 거쳐 2020년에는 부동산 전문 자산운용사 컨소시엄(이하 ‘부동산펀드’)의 소유가 됐다. 부동산펀드는 인수 후 대대적 건물 가치 제고 작업에 들어갔다. 빌딩 곳곳을 개·보수했고, 시 당국에 건물 증축 인허가 신청을 냈다. 건물 관리의 여러 기능은 외주 업체들에 맡겨져 분절화됐다. 주차시설은 주차대행 업체가, 청소나 경비 업무 등은 각기 다른 용역 업체가 맡았다. 이를 통해 건물관리 총비용은 절감됐지만 각 기능 간 유기적 협력이 안 돼 입주사들의 불편은 늘었다. 외주업체들의 자사 편익 추구는 입주사들 불편과 불이익으로 둔갑했다. 예컨대 건물 주차대행 업체는 역세권이라는 지리적 이점을 활용해 외부인을 대상으로 주차장 영업을 한다. 인근 주차장에 비해 주차요금을 낮게 책정해 정기주차 고객들을 모집한다. 결과적으로 수용 가능한 차량 대수를 초과한 모객으로 인해, 되레 건물 입주사 직원들이 주차를 못 하는 상황도 발생하곤 한다. 주객전도 현상이 아닐 수 없다. 무엇보다 이러한 부동산펀드의 빌딩 리스트럭처링(Restructuring) 계획과 일정들이 입주사들에 투명하게 공유되지 않았다. 이러한 영문도 모른 채 상당수 입주사는 이 빌딩과 5년 장기 임대계약을 맺고 입주했다. 마침내, 투자한 지 2년여 만인 작년 3월 부동산펀드는 서울시로부터 증축 허가를 받아 냈다. 증축이 완료되면 용적률이 현재 760%에서 1000%로 상향됨으로써 연면적은 30% 늘어난다. 건물 사이즈가 커지면 그만큼 창출 가능한 현금 유입도 커지고, 건물 가격도 뛸 것이다. 건물의 임대 수입과 매각 차익이 상승하기 때문이다. 이 펀드에 자금을 댄 투자자들의 기대 수익률도 높아질 것이다. 증축 허가를 받은 이후 부동산펀드는 증축 공사 돌입을 위한 사전 작업에 들어갔다. 지하 1층 구내식당과 제과점, 1층 커피전문점, 편의점 등을 내보냈다. 한편 3년 예정의 증축 공사 계획에 따르면 기존 옥외 주차장 자리에 건물을 신축하게 돼 있다. 현재의 지하 1·2층 주차장도 3년 동안은 사용할 수 없게 된다. 입주자들은 3년 동안 편의시설도 없고, 건물 내 주차장도 이용하기 어려우며, 무엇보다 공사 소음과 먼지마저 감수해야 한다. 이러한 건물 내 저간의 사정과 무관하게 현재까지 부동산펀드 투자자들은 행복하다. 하지만 세상일에는 공짜가 없는 법, 일방이 이득을 취하는 순간 누군가는 그 비용을 부담한다. 앞서 언급했듯 이 건물의 경우, 그 비용과 불편부당, 불이익은 고스란히 건물의 주요한 이해관계자들인 입주자들의 몫으로 돌아왔다. 이 건물 사례는 펀드 자본주의 혹은 주주(투자자) 자본주의 문제점을 압축적으로 설명한다. 즉 펀드 자본주의의 투자 시계(視界)는 대개 3~5년이다. 이 기간에 펀드는 투입 대비 수익을 극대화하려는 유인을 갖는다. 그 과정에서 ‘ESG’로 대표되는 외부 효과(Externality)나 투자자 이외의 이해 관계자들에게 미치는 영향 등은 간과되기 쉽다. 외부성은 객관적으로 계량화하기 어렵다는 이유로 무시되거나, 그것들을 고려하면서 위의 제한된 투자 기간 동안 펀드의 내부수익률(Internal rate of return)을 극대화하기 어려운 까닭이다. 따라서 펀드는 단기 효율성과 단기 생산성 극대화를 위해 투자 대상에 대한 다음의 조치를 취한다. 비용 절감을 위한 외주화와 재외주화, 그로 인해 연쇄적으로 발생하는 외주업체들의 셀프 이익 추구, 아울러 건물 증축 작업 돌입 등이다. 하지만 앞서의 건물 사례에서 봤듯이, 이 과정에서 입주사들의 불편은 이만저만이 아니다. 편의시설 부재, 주차 불편, 통행 제한, 각종 소음 및 먼지 감수 등 허다한 불편이 발생하지만 대개 무시된다. 펀드는 그들이 고용한 빌딩 관리자의 뒤에 숨어 입주자들의 항의에 대해 모르쇠로 일관하면 그만이기 때문이다. 하지만 만일 입주사 각각이 부담하는 위의 총불편과 총비용들을 재무적 수치로 환산해 부동산펀드에게 다시 청구하면 어떻게 될까. 즉 펀드가 외부화한(Externalized) 총비용을 펀드에게 재청구(Internalized)하면 당연히 펀드의 내부수익률은 떨어질 것이다. 만일 입주사들이 소송을 제기하면 또 어떻게 될까. 만일 건물 증축 작업 중지에 대한 가처분 소송을 제기하면 어떻게 될까. 의당 부동산펀드의 법률 자문 비용이 늘어나고, 건물 신·증축 공사가 연기될수록 그만큼 투자 수익률은 떨어질 것이다. 앞서 문제점들은 비단 빌딩 투자에만 국한되는 일이 아니다. 펀드가 바이아웃(buyout)했거나 행동주의로 투자 전략화한 기업의 경우에서도 위와 유사한 일들이 발생할 수 있다. 따라서 이러한 점들을 보완하기 위해 등장한 투자 개념과 전략이 ESG 투자다. ESG 투자는 펀드 자본주의에 내재하는 주주(투자자) 이기성과 단기성 문제에서 비롯되는 외부화, 이해 관계자 이익 침해의 문제점들을 보완하고 개선하기 위해 등장한 것이다. 따라서 ESG 투자자들은 주주만 아니라 이해 관계자들 이익도 함께 고려한다. 저명한 미래학자이자 베스트셀러 작가인 제러미 리프킨은 최근작 『회복력 시대』에서 다음과 같이 일갈했다. 신고전주의 경제학과 산업자본주의는 효율성과 생산성에 대한 집착으로 회복 탄력성을 약화시켰다. 예컨대 농업의 생산성 극대화 과정에서 살충제, 화학 비료 사용이 급증했으나 결과적으로 토양은 심각하게 황폐해져 복원하기 어려운 지경까지 이르렀다. 또 다른 예로, 신자유주의 등장 이후 글로벌 밸류체인이 확산되고 생산성은 비약적으로 증가했지만, 미증유의 팬데믹과 전쟁 발발로 인해 공급망 문제가 발생하면서 공급 차질 및 인플레이션이 부메랑처럼 돌아왔다. 약이 독이 되어 돌아온 것이다. 펀드 역시 이러한 단기 효율성 논리에 지배된다. 제한된 기간 동안의 투자 수익 극대화를 위해 투자 대상에 대한 ‘지속적인 직진 우상향’ 드라이브를 건다. 하지만 건물이든 기업이든 그것의 진정한 가치 제고 작업은 진공 속에서 이뤄지지 않는다. 그 작업 공간에는 복잡다단한 변수들이 존재하고 예측은 어려우며 이해 관계는 갈수록 첨예하다. 빌딩의 경우 자칫 입주사들이 반기를 들 수 있다. 소음, 먼지, 편의시설 부재의 사무공간을 이용하느니 차라리 임대차 계약을 끊고 재택근무로 돌릴 수 있다. 따라서 기업이든 건물이든 모든 경영은 내·외부적 환경, 거시경제 지표, 경쟁 양상, 기술 변화, 게임 체인지, 제품개발 속도, 이해 관계자 저항 등의 변수도 입체적으로 고려해야 한다. 때로 성장보다 후퇴를 택해야 할 때도 있다. 2보 전진을 위한 1보 후퇴도, 일정 기간의 정체와 휴식도 필요하다. 경영과 투자를 일컬어 ‘마라톤 레이스’라고도 말한다. 마라톤에서 42㎞를 전속력으로 달려가는 선수들은 없다. 그렇다면 도중하차할 것이다. 선수는 때로는 빠르게, 때로는 천천히, 때로는 뒤처져 달려간다. 이 모두가 장거리 레이스 전략이다. 하지만 골인 지점에 대한 목표의식만은 결코 놓지 않는다. 사막을 횡단하는 동물은 치타도 말도 아니다. 느린 낙타가 사막을 건넌다. 경영도 투자도 마라톤과 낙타에서 레슨을 얻어야 한다. 경기 후퇴와 불확실성이 증폭되는 요즘 투자자와 경영자가 깊이 새길 금언 중 금언 아닐까.",n.news.naver.com,https://n.news.naver.com/mnews/article/025/0003261394?sid=101,"Wed, 22 Feb 2023 15:42:00 +0900"
외부 효과,국내,사회연대경제 정책과 중간지원조직의 역할,"사회/환경/지역문제를 풀어가며(사회적기업, 사회적협동조합, 마을기업), 취약계층의 자조 능력을 향상하는(자활공동체, 자활기업) 등 그 설립의 목적이 공익적이기 때문이다. 경제학 용어로는 플러스 외부성(externality)...","이 글은 지난 2월 10일 열린 '사회연대경제 중간지원조직 워크숍'에서 진행된 한양대학교 국제대학원 김종걸 교수(행정안전부 정책자문위원장)의 강연을 바탕으로 구성했다. 이번 워크숍은 지난 1월 26일 행정안전부 공무원 대상 강연에서 제기된 문제의식을 잇는 자리로, 정부 정책과 중간지원조직의 역할을 보다 구체적으로 독자에게 소개하고자 한다. [편집자 주] 나에게 주어진 강연 제목은 '사회연대경제 정책과 중간지원 조직의 역할'이다. 이재명 정부는 '기본사회 정책'과 '사회연대경제 정책'을 국정의 큰 축으로 만들어가는 중이다. 오늘 이야기는 지난 1월 26일 행안부 공무원 대상 강연의 후속편이다. 그때는 사회연대경제의 개념과 효과에 대해 주로 말했다. 오늘은 사회연대경제를 키우기 위한 정부정책 방향과 중간지원조직의 역할에 대해 설명한다. (지난 강연은 사회연대경제: 낮은 곳으로부터의 연대와 혁신 < 시선 < 기사본문 - 라이프인 참조) 1. 사회연대경제 정책의 성공조건 1) 정부지원의 3가지 근거와 당위성 대체 사회연대경제가 무엇이기에 정부가 예산을 들여 지원해야 할까? 나는 세 가지 이유를 제시한다. 첫째는 사회적 가치의 창출. 함께 잘 살고(협동조합), 사회/환경/지역문제를 풀어가며(사회적기업, 사회적협동조합, 마을기업), 취약계층의 자조 능력을 향상하는(자활공동체, 자활기업) 등 그 설립의 목적이 공익적이기 때문이다. 경제학 용어로는 플러스 외부성(externality)의 발현, 시장에서 보상되는 가치보다 더 많은 사회적 가치를 창출하기에 정부가 보상하는 것은 당연하다. 둘째는 사회적 자본의 축적. 이것에는 시간이 걸린다. 아무리 조그마한 협동조합도 제대로 작동되기 위해서는 긴 세월 조합원의 신뢰 구축과정이 필요하다. 사회적 자본이란 ①사람 간의 좋은 관계망, ②상호 신뢰, ③그 중요함을 내면화하는 신념의 총체를 말한다. 그러나 만들기 어렵고 깨지기 쉽다. 그래서 인내하고 기다려주어야 한다. 우리가 사회연대금융을 관계자본, 인내자본이라고 부르는 이유는, 그 경쟁력의 근간이 사회자본이며, 형성에 시간이 걸린다는 사실을 표현한 것이다. 셋째는 약한 사회적 인식. 국제기구(UN, ILO), 유럽연합(EU), 한국 정부에서도 사회연대경제의 육성을 누차 강조한다. 그래서 점점 더 많은 젊은이가 이곳에서 일한다. 그러나 전통적인 경제인들은 익숙하지 않다는 이유로 이들을 무시한다. 조금 '특이한' 사람들이 만드는 경제조직이라고 폄하하기도 한다. ""협동조합은 전 세계 고용 인력의 10%를 차지하며, 상위 300개 협동조합의 매출액은 총 2조 350억 달러""라는 국제협동조합연맹(ICA)의 홈페이지에 들어가 보기를 권한다. 심지어 '사회주의경제'라고까지 비난한다. 그러나 국제적으로도 협동조합은 우파 진영의 정책수단이기도 했다. 이탈리아의 사회적협동조합은 복지 민영화의 수단이었으며, 프랑스(공익협동조합), 캐나다 퀘벡(연대협동조합), 스페인(사회적협동조합)에서도 협동조합은 정부를 대신하는 복지 전달체계의 새로운 축으로 부상했다. 영국 보수당도 열심이다. 기부 및 자원봉사 강조, 마을 단위의 공동체 유지, 공공 서비스의 민간(공공서비스조합) 이양, 사회연대금융 확대, 사회적기업 공공조달 확충, 시민사회청 설치 등 그들은 사회연대경제 관련 정책을 잘 정비해갔다. 만약에 사회연대경제가 '사회주의 정책'이라면 영국 보수당은 '사회주의 정당'이라고 불러야 한다. 2) 액수가 아니라 방향이 문제 그러면 우리의 정부지원은 어떨까? 약할까? 나는 그렇게 생각하지 않는다. 문제가 되는 것은 '지원의 액수'가 아니라 그 '방향'이다. 2012년 나는 일본, 홍콩, 싱가포르, 타이완, 타이, 필리핀, 이탈리아, 스페인, 프랑스, 독일, 영국, 미국 등지를 다니며 사회연대경제 정책담당자와 현장활동가, 연구자들을 만났다. 그러나 대부분의 현장에서 정부지원은 발견할 수 없었다. 당시 한국정부의 사회적기업 직/간접 예산은 고용노동부만으로도 매년 1,500억 원에서 1,700억 원을 넘나들었다. 타부처/지자체 예산을 합치면 크게 늘어난다. 일본의 한국과 비슷한 예산을 보면, 2011년 '새로운 공공(公共)' 지원사업 87억 5,000만엔, 중간지원조직에 대한 '중간지원 기능강화사업(2007-2010)' 4억 2,000만엔(50억원)에 불과했다. 열심히 한다고 알려진 스코틀랜드조차 제3섹터에 대한 경영지원, 시장확대, 금융지원 등에 2007년 150만 파운드(27억 원)로 우리보다 크게 작다. 물론 정책이 실행되는 맥락은 조금은 다르다. 우리는 한국의 낮은 기초부조(국민기초생활보장법) 수준을 보완하는 방식으로 설계되었기에 국가 예산이 더욱 투입되는 측면이 있다. 정책의 목적은 (비록 소셜벤처 등 대상을 일부 확대했으나) 기본적으로 ①시장에서 스스로 자립하기 어려운 사람들에게 질 좋은 일자리와 사회 서비스를 제공하는 것, ②영세자영업자의 경영안정성을 확보하는 것이었다. 그래서 정부의 입김은 세고 관료주의화 되어 있는 속성을 가진다. 이제는 다음과 같이 바꾸어야 한다. 3) 10급 공무원으로 만들지 마라 사회연대경제의 주역은 민간의 관련 종사자 및 참여 시민이다. 이들 행동의 동력은 '자발성'과 '자긍심'이다. 만약 정부의 조급한 성과주의, 형식주의가 이 자긍심을 '10급 공무원'의 세계 속으로 뭉개버린다면, 자발적 참여의 동기는 사라진다. 한 취약계층 고용 사회적기업가는 이렇게 말한다. ""제출해야 하는 서류가 너무도 복잡합니다. 홈텍스의 연말정산 서비스처럼 버튼 하나로 신고하게 해주십시오. 서류 뭉치에 파묻혀 정작 현장에 나갈 시간이 없는 게 지금 우리 사회적기업가들의 현주소입니다."" 교육 관련 사회적기업가도 이렇게 소리를 높인다. ""환경 교육은 아이들과의 교감, 지역사회와의 신뢰가 핵심입니다. 그런데 국가사업 구조를 보십시오. 보통 3월에 시작해서 12월에 끝납니다. 1-2월은 공백기입니다. 결국 숙련된 강사들을 해고하고, 그분들은 실업급여를 받으며 십니다. 그리고 3월에 다시 뽑습니다. 사회적 비용의 낭비 아닙니까?"" 다른 중간지원조직 상근자도 이렇게 한탄한다. ""저희는 1년 단위로 자치구와 재연장 심사를 받습니다. 매년 불안에 떨어야 합니다. 예산도 매월 교부받거나 분기별로 교부받고, 정산 보고서나 사업실적 보고서도 분기별 또는 반기별로 제출해야 합니다. 가뜩이나 부족한 인원에 이런 복잡한 서류 작업이 업무를 더욱 가중시킵니다."" 행정에 치이고 고용불안에 떠는 곳에서 활동가의 자발성과 자긍심이 유지되기 어렵다. 하나하나 재설계해야 할 일이다. 4) 성공하는 정책의 공통점 성공하는 정책에는 몇 가지 공통점이 있다. 우선 정책의 목표, 대상, 수단을 명확히 규정한다. 이에 맞게 부처별 교통정리를 하고 민간과의 파트너십도 구축한다. 이 모든 것의 성과를 손에 잡히게 국민에게 전달한다. 새마을운동의 예를 들어보자. 정책목표는 빈곤극복, 수단은 농지/도로/주택의 정비였다. 정부의 힘을 결집했고, 주민의 자발적인 참여도 조직했다. 이 모든 것을 '새마을운동'이라는 명확한 언어로 표현했다. 흔히 3년 뒤에까지 기억나는 정책을 '레거시(legacy)'가 있다고 한다. 수십년이 지났는데 기억되니 훌륭한 레거시 정책이다. 이에 비해 사회연대경제 정책은 조금 못 미친다. 일단 사용하는 단어가 너무 추상적이다. 호혜, 연대, 사회적 가치 등의 단어가 아니라, 구체적인 성과(outcome)를 제시해야 한다. 창출되는 좋은 일자리가 무엇이 다른지, 의료 서비스가 얼마나 개선되었는지 손에 잡히는 언어로 표현해야 한다. 성과를 판단할 지표(indicator)도 중요하다. 그러나 때때로 그 지표를 작성하다 정작 본업에 충실하지 못하는 웃픈 상황도 발생한다. 사회적기업진흥원의 사회가치지표(SVI)가 그렇다고 하는 비판도 많다. 나는 사회적협동조합 도우누리의 평가체계를 좋아한다. 여기서는 좋은 일자리(21개), 바른 서비스(14개), 공익성(12개), 지역공헌(8개)의 세부 점검 목록을 정하고 매년 평가하며 공개한다. 현란하지 않으나, 조직의 미션과 평가의 용이함이 잘 결합한 것이다. 참고할 만 하다. 과거의 정책도 반성해야 한다. 정부 계획서에는 대부분 '앞으로 하겠다는 의지'(계획)만 보일뿐 '그동안 왜 안 되었는지'(반성)는 없다. 반성하지 않으니 원인분석도, 돌파하기 위한 새로운 과제도 도출되지 않는다. 새로운 것은 대개 융복합에서 나온다. 가령 지역 속에 존재하는 사회연대경제지원센터, 창조혁신센터, 상공회의소 등이 서로 협력해서 전체의 파이를 키우는 방식이 아니라면, 각자 고립되어 뻔한 결과만이 도출된다. 앞으로의 정책목표는 성과, 지표, 반성, 융복합 과제를 4-5개 정도 선정하여 중점영역(가령, 지역사회통합돌봄, 신새쟁에너지, 문화/관광, 친환경먹거리, 청소용역 등)으로 설정하고, 그 성과를 최소 3년 이상 국민에게 기억되는 것으로 만들어야 한다. 5) 보조금보다는 공제에 기반한 사회연대금융 정책이 민간의 자율성을 손상하지 않기 위해서는 직접지원보다는 교육 및 경영지원과 같은 간접지원의 형태가 더욱 유리하다. 전체적으로는 시설보다는 지역 협력/혁신생태계에 초점을 맞추어야 한다. 우리나라에는 지방발전이라는 명분으로 투자된 수많은 텅 빈 지방공단, 사람 없는 거대 박물관과 기념관, 녹슨 출렁다리, 콘크리트 흉물의 전망대 천지다. 부족한 것은 콘크리트가 아니라 사람과 지역이 스스로 발전할 수 있는 협력/혁신생태계다. 자금지원의 경우에도 직접 보조금보다는 금융을 활용하는 것이 좋다. 정부가 기금 등을 만드는 것도 중요하나, 스스로 문제를 풀려고 하는 공제기금을 만들고, 거기에 투입하는 것이 옳다. 사회연대경제의 기반은 ①문제해결의 주체가 자신이 되는 자립과 자조이며, ②혼자는 힘이 약하니 서로 돕는 협력과 연대망을 확대하는데 있다. 공제는 사회연대경제를 금융차원에서 표현한 언어다. 재단법인 밴드에서는 25년 현재 321개의 사회연대경제기업이 가입하여, 총 172억원 기금으로 연 2-3%의 이자의 회원대출을 한다. 다양한 다른 사업과도 연계해 지금까지 600개 이상의 기업의 창업과 성장을 도왔다. 동자동 쪽방촌에서도 지난 14년간, 1만원, 2만원씩 출자하여 총 4억 7,000만원의 기금을 마련했다. 현재의 조합원은 282명. 2%의 이자로 긴급한 생활자금을 대출한다. 근대 협동조합의 효시, 로치데일의 최초 이사 중 하나였던 제임스 스미시스는 한 편지에서 다음과 같이 말한다. ""우리 조합원의 상태가 나아지고 있는 것은 그들의 차림새나 태도 그리고 자유롭게 하는 이야기를 보면 알 수 있습니다. 노동자 계급 속에서 16년 동안 겪은 내 체험으로부터 분명히 말할 수 있습니다. 어떤 목적을 향해 노동자들을 단결시키려면 황금이란 끈, 그것도 자신들이 직접 만들어낸 끈으로 묶지 않으면 안 된다는 것입니다."" 금융으로 말한다면 공제기금이다. 그 외에도 사회문제를 풀기 위한 다양한 '임팩트 금융기관'이 존재한다. 서울 성동구에 있는 미스크(MYSC)는 정부자금, 기업사회공헌자금 등을 이용하여, 1,100억원의 자금을 소셜벤처 등에 투자한다. 그중 자본투자/보조금/융자를 결합한 혼합금융은 440억원이다. 제주 거주의 한 청년(제주폐가살리기사회적협동조합)은 가업 승계가 안 되는 노포(老鋪)를 청년 창업가들이 법인화하여 운영하고, 기존 어르신들에게 지분을 드려 배당하는 방식(지역투자조합), 저평가된 자산을 신탁사와 연계하여 전문적으로 관리하고 개발하는 방식(부동산신탁모델) 등 다양한 사업모델을 구상하고 실험한다. 이 모든 행위를 우리는 통틀어 사회연대금융이라고 부른다. 사회연대금융은 돈이 아니라 사람을 엮는 것이다. 공제이던 임팩트금융이던 황금의 끈을 사람간, 조직간 협력의 연대만으로 확대해야 한다. 그것이 사회연대금융이 지향하는 최종목표다. 생협법에 공제사업은 합법이나 공정거래위원회는 지난 13년간 법시행을 위한 지침을 마련하지도 않았다. 국회의 입법권을 실질적으로 무력화시킨 경우다. 반성할 일이다. 6) 정책시행의 조심성 정부정책의 실패사례를 동자동 쪽방촌의 '식도락' 사례로 생각해보자. 동자동에는 매일 점심 공유식당인 '식도락'이 운영하고 있다. 10평 남짓 조그마한 부엌과 식당에서 하루 평균 40명이 점심을 해결한다. 식대는 1,000원 자율 납부, 식사를 준비하는 것도 쪽방 주민의 자원봉사다. 그런데 갑자기 사람이 줄었다. 식도락 바로 앞에서 서울시가 무료로 도시락을 나누어주기 시작했기 때문이다. 사람들은 도시락을 받아 들고 다시 어두컴컴한 방으로 돌아간다. 10년 넘게 노력해 온 '함께 나누는 밥상'이 위태로워진 것이다. 식도락과 같은 조직에 식자재를 대주는 것으로 충분했으나, 섬세하지 못한 정책의 결과다. 서울지역의 한 활동가는 이런 이야기도 한다. ""과거에 지역에서 마을모임을 하면 각자 회비를 내 함께 식사도 하고 의미 있는 일도 추진했습니다. 그러나 지금은 개인 주머니에서는 돈을 안 꺼내려 합니다. 정부가 지원하고 있기 때문입니다. 개개인의 자발적 참여는 더욱 줄어든 것 같습니다."" 맹자 공손추상 편에는 알묘조장(揠苗助長)이라는 고사가 나온다. 춘추전국시대의 한 송나라 사람이 벼가 잘 자라지 않아 매일 조금씩 싹을 뽑아 올려주었고, 결국은 모두 말라 죽었다는 이야기다. 알묘조장의 우(愚)를 범하지 말하야 한다. 2. 200만원의 함정과 지역 협력/혁신생태계 1) 200만원의 함정 6년 전 젊은 사회연대경제 종사자들에게 월급여(세후 실수령액 기준)을 물은 적이 있다. 뉴딜 일자리사업 사회혁신 청년활동가(27세) 180만원, 사회연대경제 중간지원조직 34세 직원 200만원, 46세 직원 280만원, 중견 시민사회단체 직원(32세) 205만원, 성수밸리 소셜벤처 직원(27세) 160만 원, 이것이 현실이다. 말은 성찬이고 꿈은 창대하나 현실은 '200만 원의 함정'에서 벗어나지 못한다. 그 옛날 춘추전국시대의 유명 정치인 관중(管仲)은 ""창고가 풍족해야 예절을 알고, 의식이 족해야 영욕(榮辱)을 알게 된다""라고 말했다. 예의염치도 곡간에서 나온다. 서울 강동구의 한 활동가는 이렇게 말한다. ""사회혁신을 추구하는 중간지원조직, 연합조직의 리더나 중간 간부들은 대체로 사회운동을 통해 성장한 세대입니다. 이들은 미션에 대한 열정, 조직에 대한 헌신, 사람과 일을 대하는 품성이 활동가의 중요한 덕목이라고 배우고 자랐습니다. 그러나 이들과 함께 과제를 수행해야 할 실무자들은 전혀 다른 세대입니다. 이들에게 열정, 헌신, 품성은 구시대적 유물이거나 알고 싶어도 알 수 없는 어떤 것일 듯합니다. 안타까운 건 여기부터입니다. 사회운동을 통해 일과 조직을 배우며 성장한 리더들은 합리성과 효율로 조직을 움직이는 법에 대해 잘 모르거나 익숙하지 않습니다. 실무자들은 어떤가요? 대부분 단기 계약직에 의해 움직이는 조직의 특성상 이들에게는 안정적인 고용도 보장되지 않고, 과제 수행 여부에 따른 보상 체계도 딱히 없습니다."" 2) 한국 사회의 2가지 미신 어떻게 해야 할까? 일단 깊은 '패배주의'에서 탈출해야 한다. 나는 한국에는 2가지 미신(비관론)이 있다고 본다. 첫째는 고령화/지방소멸 비관론이다. 맞지 않는 말이다. 미래 중심 산업은 대강 5가지로 집약될 것 같다. ①AI/IT/바이오/로보틱스 등 소위 첨단산업, ②고령화대응산업, ③친환경에너지산업, ④건강먹거리산업, ⑤문화/관광/레스토랑 등. 이 중 최소 3개는 지방에 최적화되어 있고 나머지도 충분히 지방에서 성장 가능하다. 우리에게는 시대의 문제를 풀어갈 충분한 실력과 기반이 있다. 선진국으로서의 자금여유(2026년 국가예산 728조원), 훌륭한 인적자원(건강하고 능력 있는 베이비부머, 개성강한 젊은 세대), 강력한 기술 및 제조업 기반, 아직은 괜찮은 사회적 자본의 존재 등 가용할 수 있는 자원이 많다. 이러한 자원을 가지고 시대의 문제를 풀지 못할 리가 없다, 이 모든 일에 사회연대경제의 역할은 막중하다. 3만 8,000개 만든다는 에너지자립마을, 올 3월부터 시작되는 지역사회 통합돌봄. 모두 사회연대경제의 거대한 미래시장이다. 물 들어올 때 제대로 노 저어서, 시대의 문제를 풀어가는 주역이 되길 바란다. 둘째는 사회연대경제는 태생적으로 경쟁력이 없다는 비관론이다. 그래서 사회연대경제를 '경제'가 아니라 '복지'로 사고한다. 틀린 말이다. 글로벌 금융위기가 한창이었던 2009년, UN(국제연합)에서 2012년을 '세계협동조합의 해'로 지정하면서, 반기문 사무총장은 이렇게 말했다. ""협동조합은 가치에 기반하고 있다는 명확한 사실 때문에, 경기가 나쁜 어려운 시절에도, 더욱 생존력과 회복력이 강한 비즈니스라는 것을 증명했습니다. 이 성공이 수많은 가족과 지역공동체가 가난으로 전락하는 것을 막아줄 수 있었습니다."" 사회연대경제는 강력한 경쟁력을 발휘할 수 있는 '경제조직'이다. 그러나 그 경쟁력은 일반 영리기업과는 달리 지역사회에 뿌리내린 '풀뿌리 관계망'에서 나온다. 관계망이 경쟁력이며, 관계망의 혁신이 성장을 견인한다. 그것을 나는 지역 협력/혁신생태계라 부른다. 3) 지역 협력/혁신생태계의 구축 사회연대경제가 발전하기 위해서는 다음의 5가지가 유기적으로 잘 맞물려가야 한다. 첫째는 사람(인재)의 육성이다. 사회연대경제의 거점은 저절로 생겨나는 것이 아니다. 동자동에는 염동철과 선동수라는 걸출한 활동가가, 베어베터에는 김정호와 이진희라는 훌륭한 사회적기업가가 있었다. 지역활동가, 사회적기업가, 로컬크리에이터, 소셜벤처 등 그 이름이 무엇이든 사회연대경제를 이끌어갈 리더의 양성은 시급하다. 둘째는 인적 관계망의 형성이다. 외지에서 지방/지역의 현장으로 달려간 청년들이 고립무원의 상태에 빠져있는 경우가 많다. 고립된 이들의 '점'을 '선', '면', '입체'로 만드는 기획이 필요하다. 경북의 한 이주 청년은 ""지역행정과 주민들에게 이용만 당한 게 아닌가""라고 한탄한다. 제주의 청년도 수년을 살았어도 철저히 고립된 자신을 발견한다. 지방이주 정책에 이끌려 내려갔던 청년들이 직면한 현실이다. '노사정위원회'에 필적할 '지역협력위원회'가 읍면동 단위에서 형성되어, 내부인과 외부 이주민이 함께 소통하고 협력하는 곳이 있었으면 한다. 셋째는 정보 플랫폼이다. 지역에는 수많은 경제/문화/사회/역사적 자산이 존재한다. 그 자산을 창조적으로 재활용하는 것이 지역발전의 근간이다. 지역자산의 파악, 실무과정에서 필요한 절차(행정과정/협의과정 등)의 매뉴얼화, 온라인/오프라인의 정보교류 과정이 있으면 청년 사회혁신가가 많은 새로운 것을 기획할 수 있다. 행정안전부가 정비하고 있는 '공공 AX'가 이 역할을 충분히 잘 하기를 기대한다. 넷째는 자금 플랫폼이다. 지역의 다양한 자금이 사회혁신가에게 잘 연결되도록 만들어야 한다. 지역사회에 뿌리 밖은 농협, 새마을금고, 신협, 수협의 1200조원에 달하는 자금도 커다란 우군이다. 2024년 4대 시중은행(국민/신한/하나/우리)의 전국 지점망은 2,779개였다. 지난 10년간 1,148개나 줄였다. 가난하고 소외된 곳에서 모두 철수했기 때문이다. 규모가 훨씬 작은 새마을금고만 해도 3,249개의 지점이 있다. 10년간 오히려 53개가 늘었다. 농협/신협/수협까지 합치면 1만여개가 넘을 것이다. 이 거점들이 지역의 사회혁신가와 연결된다면 커다란 힘이 될 것이다. 앞으로 다양한 협력을 기대해본다. 다섯째는 지역 협력/혁신생태계이다. 지역에는 행정과 시민사회만 있지 않다. 주민조직, 사회조직, 경제조직, 종교조직, 소상공인, 중소기업, 대기업 등 다양한 주체가 존재한다. 우리에게 필요한 것은 협동조합, 사회적기업, 마을기업, 자활기업 등 소위 사회연대경제조직만을 발전시키는 것이 아니다. 지역 협력/혁신생태계 속에서 모두와 함께 성장하는 것이다. 제주대정읍의 무릉외갓집이라는 마을기업은 이런 협업플랫폼의 성공사례다. Venta Korea라는 회사와, 젊은 사회적기업가들과, 지역 주민이 함께 만들어가는 공간이다. 올레길의 여행자들도 찾아오고, 그들이 연결되어 지역의 농수산물을 꾸러미로 육지로 정기배송하고, 딸기쨈 만들기 등 각종 체험 프로그램도 운영한다. 훌륭한 협력모델이다. 이런 모델이 아주 많아져야 하며, 협력의 동심원도 더욱 확대되어야 한다. 3. 사회연대경제에서 중간지원조직의 역할 1) 사회연대경제의 중간지원조직 위의 지역 협력/혁신생태계를 만들어가는 것이 중간지원조직의 역할이다. 사회연대경제 관련 중간지원조직은 대략 다음과 같이 분류할 수 있을 것이다. 첫째, 정부의 관련 정책전달 체계이다. 구체적으로는 고용노동부의 사회적기업 지원기관, 기획재정부의 협동조합 지원기관, 행정안전부의 마을기업 지원기관, 보건복지부의 자활사업 지원기관, 그리고 각 광역 및 기초지자체의 사회연대경제 지원센터가 이에 해당될 것이다. 둘째, 기업의 사회공헌 활동 등을 사회연대경제에 연결하는 파이프 역할로서 기업재단/사회적기업(SK행복나눔재단 혹은 행복나래), 여러 임팩트 사업기관(MYSC, 임팩트스퀘어) 등이 있다. 셋째, 사회연대경제 당사자 협력조직으로 지역별(대구사회가치연대), 분야별(의료복지사회적협동조합연합회), 전국 단위(사회적기업중앙협의회, 한국사회연대경제) 등이 활동하고 있다. 위의 모든 것을 망라하는 기관 수, 업무영역, 경영상황 등에 대한 종합정보를 파악하기는 어렵다. 새롭게 담당 관청이 된 행정안전부에서 앞으로 작업해 줄 것을 기대한다. 오늘 중간지원조직의 이야기는 첫 번째 유형에 초점을 맞춘다. 하지만 이 유형이 단순히 정부정책 전달체계의 하부로 있는 것은 아니다. 각각 지역 시민사회의 주역이며, 국가예산과는 상관없이 독자적으로 발전생태계를 만들기 위해 노력한다. 2) 혹독한 겨울을 버틴 조직들 윤석열 정부 시절 사회연대경제 관련 예산은 2023년 1조 1,183억원에서 2024년에는 4,851억원으로 줄였다. 사회적기업 예산은 무려 90% 이상 삭감되었다고 한다. 그런데도 여기저기서 더욱 단단해진 중간지원조직을 발견한다. 서로 기대고(연대하고), 새롭게 활동 영역을 개척했기 때문이다. 대구(커뮤니티와 경제)에서는 경북대학과 지자체-대학 지역혁신사업(RIS) 사업에 협력하여(22.8-25.2) 커뮤니티 리빙랩을 운영했다. 사회연대경제기업 및 지역의 소상공인 기업 제품 및 서비스 고도화를 위해 '문제발굴-실증-사업고도화'의 프로세스로 20여개 기업을 지원했다(7-8억). 이를 사회연대경제기업과 연계하여 3년 동안 30억원 규모의 신규 판로확보를 가능하게 했다. 같은 시기, 한국가스공사 기부금 4억원을 투입하여 사회연대경제기업 지원사업으로 로컬임팩트 UP(사업개발비), 로컬브랜딩(판로지원), 친환경 다회용기 개발 및 보급(축제용/카페용) 사업을 운영했다. 강원(지속가능경제지원센터)에서도 2024년 국비 보조금 수입이 47억 1,000만원에서 18억 7,000만원으로 줄었다. 이들은 건강보험심사평가원, 노인인력개발원과 연계하여 돌봄 매니저 양성교육을 기획하고, 사회연대경제 기반의 커뮤니티케어 모델인 G-Care를 원주와 춘천에서 시범 운영했다. 대구의 사회연대경제 공동유통채널인 '무한상사'와 같은 '강원곳간'을 만들고, 온라인 쇼핑몰, 우체국 쇼핑, 강릉역 직매장 등을 통해 총 32억 3,000만원의 매출을 기록하기도 했다. 제주(제주사회적경제네트워크)에서도 2024년 '위기를 넘어 다른 내일을 향해 뛴다'라는 목표로 5대 과제, 15개 세부 목표, 54개 사업을 계획하고 추진했다. 사회연대금융을 통해 지역에 약 40억원에 가까운 자금을 60여개 기업에 공급하며, 제주시 새활용센터의 위탁 운영을 통해 순환경제의 활동기반을 만들고, 고용노동부 청년성장프로젝트인 '제주패스파인더'를 유치하여 2,412명의 청년을 지원하는 등 조직의 외연을 넓혀갔다(이상은 각 조직의 2025년 총회보고서 참조). 3) 지역 협력/혁신생태계의 허브가 되어야 사회연대경제의 내부결속의 강화가 혹독한 시련을 견딘 힘이었다. 가령 대구에서는 '대구사회가치연대'를 중심으로 서로 의지하고 협력해 왔다. 그 결과 이들의 공통 판매/유통채널인 무한상사의 매출액도 2019년 56억원에서 24년 98억원으로 증가헸다. 대구사회가치연대는 '부문'(대구사회적기업협의회, 대구마을기업연합회, 소상공인협동조합연합회, 달구벌사회적협동조합협의회 등), '지역'(동구, 서구, 남구, 수성구, 달서구, 달성군 등 기초자치단체의 사회적경제협의회), '업종 및 지원기능'(대구햇빛발전협의회, 커뮤니티와 경제, 대구사회가치금융, 무한상사사회적협동조합, 대구광역자활센터 등)의 수평적 협력기구다. 그러나 내부의 결속만으로는 성장의 한계가 명확하다. 지역의 주민조직(주민자치회), 시민조직(새마을운동), 경제조직(상공회의소), 종교조직(기독교/천주교/불교), 학교(대학), 소상공인, 중소기업, 대기업으로 협력 동심원을 확대해야 하고, 그 중심 허브로 우뚝 서야 한다. 정부의 지원예산도 사회적기업, 마을기업, 협동조합 등에만 관심을 가지면 곤란하다. 가령 중기벤처부의 올해 기술창업지원(TIPS) 예산은 6,684억원(일반), 2,924억원(스케일업)이다. 소상공인판 TIPS인 립스(LIPS)의 예산도 300억원 있다. 사회연대경제가 충분히 이용할 대상이다. 교육부 글로컬 사업도 올해 경남에만 1,800억원이 풀린다고 한다. 그것도 새로운 시장이다. 대구의 중간지원기관 '커뮤니티와 경제'가 경북대학과 했던 리빙랩 사업처럼 다양한 협력 안건을 만들어가야 한다. 기업과의 협력도 필요하다. 지난 2월 5일, 10대 대기업 그룹이 향후 5년간 270조원을 지방에 투자하겠다고 발표했다. 대부분은 데이터센터 설립, 공단투자 등이다. 그들의 머릿속에는 아직 읍면동 단위의 지역이라는 개념이 없을 것이다. 그중 1/10,000이라도 사회연대경제에 투입된다면 지역 일자리 창출과 복지확충에 커다란 도움이 된다. 근일 중 행정안전부와 상공회의소가 지역/지방 협력 MOU를 맺는다고 한다. 기대하는 바가 크다. 생각해보면 주변에 예산이 없는 것이 아니다. 유효한 자원을 발견하지 못하며, 그것을 연결할 관계망과 혁신성이 부족한 것이다. 그런 면에서 사회연대경제 중간지원조직은 지역의 사람/관계망/정보/자금/기업/정부를 연결하는 핵심 허브가 되어야 한다. 풀뿌리 협력네트워크를 조직할 수 있는 능력은 우리에게만 있기 때문이다. 4. 미래세대의 육성 1) 공익형 청년활동의 미래기회: KoreaCorps 구상 많은 현장에서 발견되는 현실은 젊은 세대의 보충이 점차 어려워지고 있다는 점이다. 관심이 없는 것은 아니다. 여기저기 관련 세미나에는 썩 많은 젊은이가 몰려든다. 몇 년 전 서울대 경영학과 입시면접에서 사회적기업가가 되겠다고 대답한 학생이 가장 많았다고 한다. 착한 사람이라고 말하고 싶은 귀여운 거짓말이겠으나, 그래도 사회적기업가란 직업이 존재하며 좋은 것이라는 인식은 많이 공유되고 있다. 그러나 관심이 있어 이 업계로 들어왔다가도 금방 나가 버린다. 현재의 열악함과 함께, 미래전망의 불투명성 때문이다. 1960년대생인 내 세대는 고도성장과 민주화 속에서 수많은 기회가 창출되었던 시대였다. 우리나라 1인당 GDP가 1,000달러를 돌파한 것이 1977년, 내 중3 시절이었다. 1인당 국민소득은 1995년 1만달러, 2018년 3만달러로 급증했고, 우리는 고도성장의 과실을 흡수했다. 취직도 승진도 수월했고 어렵게 장만한 아파트도 한 재산으로 둔갑했다. 독재정권을 타파하고 민주화를 이루었다는 성공 추억도 있다. 그러나 지금의 MZ세대는 태어나면서부터 선진국이었다. 이들은 미래 성장 가능성에 의문을 가진다. '판교'에서 일하는 일부 청년과 기타 다수 청년과의 격차가 작아질 것이라는 전망도 거의 없다고 그들은 생각한다. 젊어서 고생해라! 젊은 시절은 돌도 씹을 수 있다! 인생의 목표를 가져라! 등 기성세대의 성공법칙은 이들에게 먼 이야기다. 청년정책의 가짓수는 많으나 그것이 미래의 커리어패스를 설계하고 지원해 주는 것으로 연결되었다고 보기도 어렵다. 그러니 비용 대비 효과도 작다. 나는 미국의 국가봉사단(AmeriCorps)처럼 현장/대학원교육/미래커리어까지 연계된 한국형 리더양성시스템(KoreaCorps)을 구상한다. 여기에 교육부의 지역혁신대학지원/글로컬사업, 그리고 SK/KAIST의 사회적기업가 대학원, KOICA의 해외파견프로그램 등 다양한 사업이 연결되면 좋다. 2-3년간 지역문제를 해결에 헌신한 청년들에게 국가가 5,000만 원의 기본 자산을 형성해 주는 '공익형 청년기본자산' 정책이 있으면 금상첨화다. 매년 1만명을 배출해도 5,000억원이면 충분하니 728조원의 국가예산에서 못할 것도 아니다. 이제 200만원짜리 일자리를 수없이 만드는 정책에서 벗어나, '공익적'인 일을 한 대가로 청년들이 맘껏 미래를 기획할 수 있는 '기회'를 만들어주는 것. 상상만 해도 신나는 일이다. 2) 실천과 연대의 공간: 지역혁신리더학교 사회연대경제 활동가의 신념과 지혜는 도서관에서 나오지 않는다. 진솔한 마음과 간절한 열망, 그 열망을 함께 실현하려는 노력에서 나온다. 나는 이 생각을 할 때마다, 2023년 작고한 동자동 쪽방촌 사랑방주민협동회의 김정호 이사장을 떠올린다. 그는 1960년생으로 통영 사람이다. 너무 가난해 초등학교도 못 다니고 남의 집에서 일하며 빌어먹었다. 14살 때부터는 오랫동안 원양어선을 탔다. 제법 돈도 모았으나 결혼을 약속한 여자에게 배신당해 매일 술독에 빠졌었다. 중증 심장병과 폐결핵에도 걸렸다. 2000년부터는 서울역 지하도에서 노숙자로 지냈다. 그러던 그가 2012년 말에 동자동에 들어오게 된다. 2013년 출자금 5만원을 마련해 사랑방에 찾아왔고 봉사활동도 시작했다. 홍보위원, 교육이사, 사업이사로 활동 반경도 넓혀갔고, 제7대~9대 이사장도 역임했다. 2023년 6월 10일 고통스러운 암 투명 끝에 그는 세상을 떠났다. 동자동 성민교회에서 벌어진 추모식에는 굵은 장대비를 뚫고 아주 많은 사람이 운집했다. 모두 이구동성으로 그가 아주 지혜로운 사람이었다고 말했다. 오랜 노숙자 생활에서 벗어나 불과 10년, 그는 쪽방 마을의 큰 어른으로 거듭났다. 존 스튜어트 밀은 『대의정부론』에서 시민 개개인이 공적인 활동을 하면 능력만이 아니라 도덕성에서도 긍정적인 변화가 생긴다고 강조한다. 『공리주의』라는 책에서는 인간 삶을 풍요롭지 못하게 만드는 두 가지 요소는 이기심과 지적 교양의 부족이라고 역설한다. 그를 생각하면 이 말은 맞다. 그는 '사랑방' 실천을 통해 지혜를 습득하고 삶의 의욕을 북돋웠다. 나는 모든 조직과 지역은 실천의 학교가 되어야 한다고 생각한다. 활동가들이 서로 모여 함께 공부하고 격려하는 공간의 창설(지역혁신리더학교)을 강조하는 이유다. 금번 새마을금고 개혁을 위한 '비전 2030 위원장'을 맡았었다. 개혁안 중에는 1금고-1지역사업, 지역개발기금 설치, 지역혁신생태계의 허브 역할, 지역혁신리더학교 운영 등도 들어가 있다. 전국 1,267개의 새마을금고 조합을 사회연대경제의 지역거점으로 만드는 작업이다. 잘 역할을 해주길 기대한다. 3) 젊은 사회혁신가들에게 청년들에게 무언가 말할 때에는 항상 내 아들을 생각한다. 그래서 불과 몇년전만 해도 사회연대경제에 취직하는 것을 권유할 확신이 없었다. 그 후 꽤 많은 현장을 다니고, 미래산업에 대한 지식이 쌓여갈수록 내 생각도 달라졌다. 이제는 거의 확신한다. 사회연대경제는 '실체'이며, '미래'이다. 시대의 문제를 푼다면 '명분'이 있고, 충분히 성장할 것이라는 '전망'도 있다. 읍면동 단위의 협력과 혁신, 그 동심원의 확산이 다양한 일자리와 제대로 된 복지를 만들어갈 것이라는 시대의 '요구'도 있다. 젊은이가 쫄 이유도 없고, S전자 다니지 못한다고 안타깝게 볼 이유도 없다. 마지막으로 '공부'의 중요성을 강조한다. 역사와 현실에서 배우지 못하고, 인류 선배들의 지혜에 귀 기울이지 않고, 자기만의 생각의 안식처를 가지지 못한 사람. 남의 이야기를 듣지 않고 자기 말만 하는 사람. 즉 공부하지 않는 사람은 세상을 바꾸지 못한다. 어떤 일을 하려면 먼저 내가 누구인지(명함), 무엇을 가졌는지(능력)를 보여주어야 한다. 협력과 연대 이전에 자조와 자립이 먼저인 이유다. 협동조합 7원칙 중 '5원칙'이 교육과 훈련을 강조하고 있는 이유이기도 하다. 게으르고 노력하지 않는 활동가, 무늬만 사회혁신가로 능력과 열정도 없이 정부지원을 요구하는 자들. 주변에 많이 발견되나, 그들에게 부족한 것은 자기를 성찰하고, 학습하고 소통하려는 노력이다. 즉 공부의 부족이다! 그리고 공부란 도서관에서만 하는 것이 아니라는 점은 앞에서 말한 김정호 이사장의 이야기로 대신한다. (끝).",lifein.news,https://www.lifein.news/news/articleView.html?idxno=20019,"Fri, 13 Feb 2026 16:20:00 +0900"
밴드왜건 효과,주식,[경제·금융 상식 퀴즈 O X] 1월 19일 (924),① 립스틱 효과 ② 밴드왜건 효과 ③ 자산 효과 ④ 메기 효과 8. 지난해 4분기에 한국 기업 최초로 ‘분기 영업이익 20조원 돌파’라는 신기록을 쓴 회사는? ① 삼성전자 ② SK하이닉스 ③ 네이버 ④ 카카오 ▶정답...,"뉴스 이용 설정을 할 수 있어요 한국경제 언론사 구독되었습니다. 메인 뉴스판에서 주요뉴스를 볼 수 있습니다. 보러가기 닫기 한국경제 언론사 구독 해지되었습니다. 닫기 이동 통신망을 이용하여 음성을 재생하면 별도의 데이터 통화료가 부과될 수 있습니다. Copyright ⓒ 한국경제. All rights reserved. 무단 전재 및 재배포 금지. 기사의 섹션 정보는 해당 언론사의 분류를 따르고 있습니다. 언론사는 개별 기사를 2개 이상 섹션으로 중복 분류할 수 있습니다. 구독 한국경제 구독하고 메인에서 바로 만나보세요!구독하고 메인에서 만나보세요! 구독중 언론사의 주요 뉴스를 메인에서 바로 만나보세요!주요 뉴스를 메인에서 만나보세요! 기사 추천은 24시간 내 50회까지 참여할 수 있습니다. 한국경제가 이 기사의 댓글 정책을 결정합니다. 안내 댓글 정책 언론사별 선택제 섹션별로 기사의 댓글 제공여부와 정렬방식을 언론사가 직접 결정합니다. 기사 섹션 정보가 정치/선거를 포함하는 경우 정치/선거섹션 정책이 적용됩니다. 언론사의 결정에 따라 동일한 섹션이라도 기사 단위로 댓글 제공여부와 정렬 방식이 달라질 수 있습니다. 단, 일부 댓글 운영 방식 및 운영규정에 따른 삭제나 이용제한 조치는 네이버가 직접 수행합니다. 레이어 닫기 네이버 AI 뉴스 알고리즘 뉴스 추천 알고리즘이 궁금하다면? 언론사에서 직접 선별한 이슈입니다. 이 기사를 본 이용자들이 함께 많이 본 기사, 해당 기사와 유사한 기사, 관심 기사 등을 자동 추천합니다 프리미엄콘텐츠는 네이버가 인터넷뉴스 서비스사업자로서 제공, 매개하는 기사가 아니고, 해당 콘텐츠 제공자가 프리미엄 회원을 대상으로 별도로 발행·제공하는 콘텐츠입니다. 본문 듣기를 종료하였습니다. 로그인 전체서비스 서비스안내 오류신고 고객센터 기사배열 책임자 : 김수향 청소년 보호 책임자 : 이정규 각 언론사가 직접 콘텐츠를 편집합니다. ⓒ 한국경제 이 콘텐츠의 저작권은 저작권자 또는 제공처에 있으며, 이를 무단 이용하는 경우 저작권법 등에 따라 법적 책임을 질 수 있습니다. NAVER",n.news.naver.com,https://n.news.naver.com/mnews/article/015/0005238902?sid=101,"Mon, 19 Jan 2026 10:02:00 +0900"
밴드왜건 효과,국내,"美통계국 지표 부재 속 잇따른 감원…""노동시장 건전성 괜찮은가""","그는 최근 기업들의 해고가 늘어나는 이유에 대해 ""경제 불확실성 증가와 남들이 하니까 따라하는 심리, 즉 밴드왜건 효과 때문""이라고 분석했다. 그는 ""만약 다른 기업들이 다 해고를 하고 있으면, 저 회사들은 우리가...","(서울=연합인포맥스) 김지연 기자 = 정부 셧다운(일시적 업무정지)으로 미국 노동통계국(BLS)의 월간 고용보고서 발표가 지연되는 가운데 미국 기업들의 감원이 이어지며 미국 노동시장 건전성에 대한 우려가 나오고 있다. 4일(현지시간) CNBC에 따르면 아마존(NAS:AMZN)과 UPS(NYS:UPS), 타깃(NYS:TGT) 등 미국 기업들은 최근 몇 주 사이 감원 계획을 발표했다. 올해에만 줄어든 일자리는 약 6만명 정도로, 기업들은 감원 이유가 ""비효율을 줄이고, 운영을 간소화하며, 새로운 사업모델에 적응하기 위한 조치""라고 설명했다. 매체는 이런 감원 발표들로 노동시장의 건전성에 의문을 만들게 한다고 지적했다. 특히 최근의 감원 발표들은 정부 셧다운으로 월가 고용보고서 발표가 미뤄지는 가운데 나왔다. 미국 경제는 지속적인 인플레이션과 부채 연체율 상승, 소비심리 하락 등으로 흔들리고 있다. 예일대 연구소 버짓랩에 따르면 미국의 실효관세율은 거의 100년 만에 최고치를 기록하고 있다. 고용 컨설팅 기업 챌린저 그레이 앤드 크리스마스의 존 챌린저 최고경영자(CEO)는 최근 감원이 노동과 경제 시장의 전환점이라고 지적했다. 그는 ""그동안은 해고도 채용도 없는 노동시장 안정적 구간이 이어졌다""며 ""경제는 나아지고 있었고, 노동시장에도 약간의 압박이 있었지만, 실업률이 견고했다""고 말했다. 그는 ""하지만 이번 감원들은 경기 둔화의 조짐일 수 있다""며 ""소매업과 물류, 유통부문에서 먼저 나타나고 있다""고 내다봤다. 반면, 인공지능(AI)발 사무직 경기침체가 올 것이란 우려에 대해서는 아직 크게 우려할 정도가 아니라는 반론도 나온다. AI가 인간을 대체하기 위해서는 사람들의 예상보다 시간과 비용이 많이 든다는 이유에서다. 와튼스쿨 경영학교수인 피터 카펠리는 ""AI를 실제로 도입하고 있는 기업들을 자세히 보면 우리가 지금 이야기하는 수준으로 일자리를 줄인다는 증거는 아직 없다""며 ""대부분의 경우 인력감축이 일어나지 않았다""고 설명했다. 그는 ""사람들이 더 저렴하다고 착각하는 것과 달리 AI를 통해 일자리를 절감하려는 시도는 매우 복잡하고 시간이 많이 드는 일""이라고 설명했다. 그는 최근 기업들의 해고가 늘어나는 이유에 대해 ""경제 불확실성 증가와 남들이 하니까 따라하는 심리, 즉 밴드왜건 효과 때문""이라고 분석했다. 그는 ""만약 다른 기업들이 다 해고를 하고 있으면, 저 회사들은 우리가 모르는 뭔가를 알고 있나 라는 생각을 하게 만들고, 해고가 효율성을 높인다는 인식 때문에 투자자들도 해고 소식을 반기는 것처럼 느껴져 기업들이 더 해고 결정을 많이 하게 된다""고 설명했다. jykim@yna.co.kr",news.einfomax.co.kr,https://news.einfomax.co.kr/news/articleView.html?idxno=4382309,"Wed, 05 Nov 2025 10:32:00 +0900"
경기침체,주식,[Weekly Coin] 미국-이란 휴전에 비트코인 '반등',이번 전쟁으로 시장이 우려했던 점은 경기침체다. 호르무즈 해협이 막혀 높은 수준의 국제유가가 유지되면 물가상승으로 인해 글로벌 경제가 수렁으로 빠질 가능성이 있다. 하지만 전쟁이 종전 국면으로 가고 있단...,"[시사저널e=유길연 기자] 비트코인이 이번 주(6~12일) 반등했다. 미국과 이란이 휴전에 합의하면서 위험투자 심리가 살아난 것이다. 향후 비트코인 시세는 종전 여부에 따라 갈릴 것으로 전망된다. 12일 글로벌 가상자산 시황 플랫폼 코인마켓캡에 따르면, 이날 오전 8시 41분 비트코인 시세는 7만3129달러(약 1억863만원)로 일주일 전과 비교해 8.7% 크게 올랐다. 지난 주말 6만7000달러선에서 거래되던 비트코인은 8일 급등하더니 이날 오전 7만2000달러선을 돌파했다. 이후에도 우상향 곡선을 그리면서 현재 7만3000달러선에서 거래되고 있다. 미국과 이란은 8일 2주간 휴전에 합의했다. 파키스탄이 적극적으로 중재한 결과 양국이 전쟁을 멈추고 종전 협상에 들어가기로 한 것이다. 더불어 도널드 트럼프 미국 대통령은 이 기간동안 호르무즈 해협이 완전히 개방될 것이라고 했다. 이에 위험투자 심리가 살아나면서 가상자산을 비롯해 주요국 주식시장도 일제히 상승했다. 이번 전쟁으로 시장이 우려했던 점은 경기침체다. 호르무즈 해협이 막혀 높은 수준의 국제유가가 유지되면 물가상승으로 인해 글로벌 경제가 수렁으로 빠질 가능성이 있다. 하지만 전쟁이 종전 국면으로 가고 있단 기대가 커지면서 시장에 훈풍이 분 것이다. 월가 투자은행(IB) 중 처음으로 모건스탠리가 만든 비트코인 현물 상장지수펀드(ETF)가 8일(현지시각) 주식시장에 상장된 것도 시세를 밀어올렸다. ‘모건스탠리 비트코인 트러스트’는 상장 첫날 약 3400만달러(504억원) 규모의 자금이 유입됐다. 더불어 휴전 이후에도 미국과 이란이 갈등을 이어간 것도 비트코인에 오히려 호재가 됐다. 이스라엘이 이란의 대리세력인 레바논의 헤즈볼라를 공격하자 이란은 미국이 휴전 합의 파기라며 반발했다. 이어 호르무즈 해협을 다시 봉쇄하고, 종전 이후에도 해협을 관리하면서 통행료를 받겠다고 주장했다. 그 결과 글로벌 주식시장은 약세를 기록했다. 그런데 이란이 호르무즈 통행료를 비트코인으로 받겠다고 해 가상자산 시장은 오히려 상승한 것이다. 이란에서 비트코인 활용이 더욱 늘어나면 비트코인 수요 확대로 시세가 상승할 수 있다. 그간 이란에선 가상자산 시장이 크게 성장했다. 미국이 이란에 대해 경제제재를 내린 탓에 이란 정권이 무기 무매, 물자 조달 등을 비트코인으로 결재한 것이다. 지난해 이란의 가상자산 생태계 규모는 약 78억원에 달하는 것으로 알려졌다. 다만 이란의 비트코인 활용도 향후엔 막힐 수 있단 관측도 나온다. 미국이 ‘세컨더리 보이콧’으로 불리는 제3자 제재를 이용할 수 있단 것이다. 이러면 이란과 비트코인을 거래하는 개인이나 기업은 불이익을 받을 수 있다. 실제로 미국은 2023년 북한의 해커그룹 '라자루스'와 가상자산을 장외거래한 3명을 경제 제재 대상으로 올린 바 있다. 비트코인은 앞으로 종전 여부와 함께 미국의 인플레이션 지표에 따라 결정될 전망이다. 앞으로 나오는 물가 데이터는 전쟁의 영향이 반영되기 때문이다. 김준성 쟁글 연구원은 “휴전으로 단기 반등은 나왔지만, 물가 지표 확인으로 금리 인하 기대는 여전히 제한적”이라며 “지정학 이슈와 금리 변수 모두 불확실한 만큼, 반등을 추세 전환으로 단정하기보다 자금 흐름을 지켜볼 필요가 있다”고 말했다.",sisajournal-e.com,https://www.sisajournal-e.com/news/articleView.html?idxno=420437,"Sun, 12 Apr 2026 12:36:00 +0900"
경기침체,국내,"음성군, 음성행복페이 카드수수료 지원사업 추진","현연호 일자리경제과장은 ""고물가 및 경기침체 등으로 소상공인들이 많은 어려움을 겪고 있다""며 ""소상공인들에게 실질적인 도움이 되는 사업들을 지속적으로 추진해 소상공인 경영 안정에 힘쓰겠다""고 말했다. 한편...","충북 음성군이 고물가·고금리로 인한 관내 소상공인 경영 부담 완화를 위해 ‘음성행복페이 카드수수료 지원사업’을 추진하고 있다. 지원 대상은 공고일 기준 사업장 소재지가 음성군인 음성행복페이 가맹점 중 2025년도 음성행복페이 연매출액이 6백만원 이상~3억원 이하인 소상공인이다. 지원 금액은 전년도 음성행복페이 연매출액에 대한 카드수수료 0.15%에 해당하는 금액으로 1개 업체당 최대 45만 원까지 지원된다. 단, 공고일 기준 사업장 소재지가 음성군이 아닌 업체 및 폐업 업체, 유흥·단란, 사행성·투기조장 업종 등은 지원이 제외된다. 기타 자세한 사항은 음성군 일자리경제과(043-871-3613)로 문의하면 된다. 신청 기간은 오는 7월 24일까지이며, 신청을 원하는 소상공인은 온라인(팩스 043-871-1915, 이메일 kwonje123@korea.kr) 또는 오프라인(음성군청 일자리경제과, 각 읍면 행정복지센터 산업개발팀)으로 신청서, 사업자등록증 사본, 통장 사본을 제출하면 된다. 현연호 일자리경제과장은 “고물가 및 경기침체 등으로 소상공인들이 많은 어려움을 겪고 있다”며 “소상공인들에게 실질적인 도움이 되는 사업들을 지속적으로 추진해 소상공인 경영 안정에 힘쓰겠다”고 말했다. 한편 군은 이 외에도 음성군 소상공인 충북신용보증 보증료 지원사업, 소상공인 경영환경 패키지 개선사업, 노란우산공제 희망장려금 지원, 직업전환 소상공인 지원 등 다양한 소상공인 정책을 추진하고 있다. 음성=이근복 기자 lkb0020@ggilbo.com",ggilbo.com,https://www.ggilbo.com/news/articleView.html?idxno=1152150,"Sun, 12 Apr 2026 11:02:00 +0900"
재정적자,주식,[증시전망] 종전 기대감·불확실성 교차…달러 약세 수혜주 '주목',"미국 경제성장률 둔화 우려로 단기 시중금리 하락 가능성이 커지는 가운데 전쟁 장기화에 따른 미국의 재정적자 확대 우려가 달러 약세를 자극할 수 있다는 분석이다. 이재만 하나증권 연구원은 ""달러 약세 국면에서는...","이전 기사보기 다음 기사보기 [증시전망] 종전 기대감·불확실성 교차…달러 약세 수혜주 '주목' 바로가기 복사하기 본문 글씨 줄이기 본문 글씨 키우기 스크롤 이동 상태바 금융 [증시전망] 종전 기대감·불확실성 교차…달러 약세 수혜주 '주목' 달러 약세 시 외국인 수급 개선…반도체·기계·조선 유리 미 CPI·연준의장 청문회 등 매크로 이벤트 '주시' 기자명 오상엽 기자 입력 2026.04.12 08:26 수정 2026.04.12 08:39 댓글 0 다른 공유 찾기 바로가기 본문 글씨 키우기 본문 글씨 줄이기 이 기사를 공유합니다 페이스북(으)로 기사보내기 페이스북 카카오톡(으)로 기사보내기 카카오톡 네이버블로그(으)로 기사보내기 네이버블로그 닫기 [사진: 연합뉴스] [디지털투데이 오상엽 기자] 중동 지역의 군사적 충돌이 임시 휴전 합의로 전환점에 진입하면서 국내 증시에 종전 기대감과 불확실성이 교차하고 있다. 증권가는 이번 주 달러 약세 수혜주와 실적 개선이 기대되는 업종을 주목해야 한다고 제언했다. 코스피는 지난 10일 전 거래일 대비 1.40% 상승한 5858.87로 거래를 마쳤다. 미국과 이란 사이의 협상이 재개되며 종전으로 나아가는 방향성은 유효하지만 호르무즈 해협의 공급망 정상화 여부와 통행료 부과 등 협상 과정에서의 변동성은 불가피할 것으로 보인다. 다만 미국 연방준비제도(Fed)의 기준금리 인하 기대감과 달러 약세 전환 가능성은 국내 증시에 우호적인 요인이 될 것으로 보인다. 미국 경제성장률 둔화 우려로 단기 시중금리 하락 가능성이 커지는 가운데 전쟁 장기화에 따른 미국의 재정적자 확대 우려가 달러 약세를 자극할 수 있다는 분석이다. 이재만 하나증권 연구원은 ""달러 약세 국면에서는 삼성전자나 SK하이닉스로 외국인 자금이 유입될 가능성이 높다""며 ""삼성전자의 외국인 지분율은 48.6%로 2020년 이후 최저치 수준""이라고 설명했다. 이에 따라 외국인 자금 유입 가능성이 높은 업종과 종목으로의 압축 전략이 요구된다. 국내 증시에서 달러 약세 시 외국인 순매수 강도가 강했던 업종은 기계, 정보기술(IT) 하드웨어, 조선, 방산, 화학 등이다. 각 업종의 이익 변수를 고려할 때 두산에너빌리티, HD현대일렉트릭, 삼성중공업, 현대로템, 대덕전자 등이 유망 종목으로 제시됐다. 다만 예정된 주요 매크로 지표 발표와 통화정책 이벤트는 시장의 변동성을 키울 수 있다. 14일 미국 3월 생산자물가지수(PPI)가 발표되며 오는 16일에는 케빈 워시 차기 연준의장 지명자의 인사 청문회가 예정돼 있다. 또 미국 3월 소비자물가지수(CPI) 역시 예상을 상회하는 수치로 발표된다면 에너지 가격 급등 영향으로 물가 상승 우려를 자극할 수 있다. 정해창 대신증권 연구원은 ""전략적 관점에서 종전으로 나아가는 방향성에 집중하되 협상 과정에서의 노이즈와 단기 심리변동을 활용하는 전술적 대응을 권고한다""며 ""향후 경기와 물가 불안을 반영하더라도 등락을 활용한 적극적인 비중 확대가 유효하다""고 진단했다. 노동길 신한투자증권 연구원은 ""2주 휴전 기간이 종전에 충분한 지 의문""이라며 ""반도체 및 고배당, 국내 내수 소비주들 같은 이익 가시성이 높고 밸류에이션 부담이 높지 않은 업종 선별이 필요하다""고 덧붙였다. 오상엽 기자 yub@d-today.co.kr 키워드 #코스피 #미국 #이란 #증시전망 저작권자 ? 디지털투데이 (DigitalToday) 무단전재 및 재배포 금지 SNS 기사보내기 공유 이메일 기사저장 관련기사 [증시전망] 중동발 리스크 딛고 코스피 반등 시도…주도주는 '반도체' [증시전망] 중동 불안·반도체 우려에 '흔들'…미·이란 협상 분수령 [증시전망] 중동 전쟁 장기화에 증시 변동성 확대…유가·환율이 향방 가른다 [증시전망] 코스피 5000선 지지력 확인...FOMC·엔비디아 GTC '주목' [주간증시전망] AI 밸류 부담 완화에도 금리 불확실성 변수 여전 이 시각 추천뉴스 2008년 금융위기 적중 경제학자 ""비트코인, 결국 0원 된다""…이유는 GPU 임대료 6개월 새 40% 급등…HBM·디램 품귀 현상 심화 베일 벗는 '알루미늄 OS'…구글, 안드로이드·크롬 통합 속도 낸다 휴림로봇 최대주주 휴림홀딩스, 휴림로봇 주식등의 수 517만8655주 감소…총 지분율 0.92% 리플 SWIFT 파트너 합류에 XRP 기대 들썩…갈링하우스 전망 재소환 테슬라 FSD, HW3 vs HW4 체감 격차 확대…자동화 완성도 급상승 밈코인 SPX6900 곧 터진다…""도지코인·페페처럼 시총 바닥 다져"" 2008년 금융위기 적중 경제학자 ""비트코인, 결국 0원 된다""…이유는 개의 댓글 로그인하고 댓글 작성하기?? 댓글 정렬 BEST댓글 BEST 댓글 답글과 추천수를 합산하여 자동으로 노출됩니다. 닫기 더보기 댓글삭제 삭제한 댓글은 다시 복구할 수 없습니다. 그래도 삭제하시겠습니까? 비밀번호 삭제 닫기 댓글수정 댓글 수정은 작성 후 1분내에만 가능합니다. 본문 / 400 비밀번호 수정 닫기 내 댓글 모음 닫기",digitaltoday.co.kr,https://www.digitaltoday.co.kr/news/articleView.html?idxno=656081,"Sun, 12 Apr 2026 08:28:00 +0900"
재정적자,국내,“스태그 가능성 낮지만”...올해 韓 성장률 2% 하회 [기준금리 동결],"추가경정예산(추경)에 대해서는 재정적자 대신 초과세수로 재원을 조달하기 때문에 재정건전성을 크게 해치지 않고 지방으로 흘러가는 것은 긍정적이지만, 경기 부양 차원의 정책인데 기계적으로 일정부분을 교육에...","디지털 신문보기 기후·에너지 금융 산업 생활경제 건설부동산 국제 정치·경제 오피니언 전국·사회 문화/스포츠 나광호 나광호기자 기사모음 한은 기준금리 7연속 동결...연 2.50% 에너지 공급 차질에 물가 2%대 중후반 금리 “일시 충격엔 대응 자제” “확산 시 정책 대응 필요” 이창용 “떠나는 발걸음 가볍다” 환율엔 아쉬움도 토로 ▲이창용 한국은행 총재가 10일 서울 중구 한국은행에서 열린 통화정책방향 기자간담회에서 발언하고 있다. 이창용 한국은행 총재가 중동전쟁을 한국 경제의 최대 변수로 지목하며, 향후 물가와 성장, 통화정책 방향 모두가 전쟁 전개에 달려 있다는 인식을 분명히 했다. 사태가 장기화될 경우 스태그플레이션(경기침체 속 물가 상승) 가능성도 배제할 수 없지만, 현 시점에서는 가능성이 높지 않다는 판단이다. 이 총재는 10일 금융통화위원회가 기준금리를 연 2.5%로 동결한 뒤 열린 기자간담회에서 (호르무즈해협) 인근 에너지 인프라가 훼손될 경우 종전 이후에도 장기적인 영향이 불가피하다고 진단하면서도, 현재로서는 스태그플레이션 가능성은 낮다고 밝혔다. 미국과 이란의 휴전 이후에도 중동 지역의 군사적 긴장이 이어지고 에너지 공급 차질이 지속되면서, 공급망 정상화는 단기간 내 어렵다는 진단이다. 이에 따라 올해 경제성장률은 기존 전망치(2.0%)를 밑돌고, 물가상승률은 2%대 중후반으로 2월 전망치(2.2%)를 웃돌 것으로 내다봤다. 향후 통화정책에 대해서는 전쟁 충격의 성격을 판단하는 것이 핵심이라고 강조했다. 이 총재는 “(공급 충격 등에 따른 영향이) 일시적일 경우 정책 시차 등을 고려해 기준금리 조정으로 대응하지 않는 것이 바람직하지만, 물가 상승 압력이 확산되고 기대 인플레이션이 불안정해지는 경우 정책적 대응이 필요하다""고 말했다. 러시아-우크라이나 전쟁과의 차이점도 설명했다. 코로나19 팬데믹으로 억눌렸던 수요가 폭발했던 당시에는 금리 인상으로 대응할 필요가 있던 반면, 이번에는 업종별로 경기회복세가 다르게 나타나고 있어 전쟁에 따른 물가-경기간 상충이 심화될 수 있다는 것이다. ◇ 7차례 연속 금리 동결한 한은, 결정 유보 아닌 신중 이 총재를 포함한 금통위원 7명 모두는 이날 기준금리를 또다시 연 2.50%로 동결했다. 그는 “단순히 불확실성이 커졌기 때문에 결정을 유보한 것이 아니다""라며 “중동전쟁 전개와 (물가·성장에 미치는) 파급 영향을 보다 면밀히 점검하면서 정책방향을 판단해야 하기 때문에 내린 결정""이라고 설명했다. '국내 경제 상황을 어떻게 보는가'라는 질문에는 “수출이 생각보다 좋지만, 건설이 좋지 않다""며 “주가상승률이 높고 경기가 회복세지만 충분하다고 보기는 어렵고, 인플레이션 리스크가 커진 것을 부인할 수 없다""고 답변했다. 향후 금리 가이던스에 대해서는 현지 상황이 어떻게 전개되느냐에 따라 방향을 논할 수 있다며 말을 아꼈다. 한은은 전쟁 조기 종결과 장기화 등 시나리오별 성장률·경상수지 전망 등을 다음달 발표할 예정이다. 환율의 경우 특성 시점과 단순 비교하는 것에서 벗어나 달러인덱스(DXY)와 비교해서 얼마나 절상/절하됐는지 살펴봐야 한다고 설파했다. 다만, 지난해말 DXY 보다 빠르게 움직이고 중동전쟁 이후 아시아 다른 통화 보다 원화의 절하폭이 컸던 부분에 대해서는 정책적 대응을 고민할 필요가 있다는 입장이다. 원/달러 환율이 급속히 높아졌던 점을 들어 사태가 조기에 안정화되면 빠르게 안정화될 수 있다는 기대감도 표출했다. ◇ “그간 말 실수 많이했다...신현송 후보 애국심 클 것"" 이번 금통위는 이 총재가 마지막으로 주재한 자리다. 그는 2022년 4월21일 취임했고, 오는 20일 임기가 만료된다. '고환율·고물가·저성장 중 무엇이 가장 아쉬운가'라는 질문에 “환율이 안정된 상태에서 후임자에게 넘기면 일을 잘했다고 생각했겠지만, 도널드 트럼프 미 대통령이 도와주지 않았다""며 씁쓸한 미소를 지었다. 이어 한은을 떠나는 발걸음이 무겁지 않고, 오랜기간 있었던 공직 생활 바깥에서 무슨 일을 할지 기대가 많다고 덧붙였다. 그는 “그간 말 실수 많이했다""면서도 “'서학개미 발언'은 ETF를 포함한 자본유출이 많았으니 달리 표현할 길이 없었다""고 발언했다. '쿨하잖아요'는 본인의 표현이 아니라 다른 이의 말을 전한 것이었지만, 후회하는 대목이라고 밝혔다. 특히 통화정책 기조가 바뀔 수 있다고 말한 것은 실수였다고 평가했다. 금리인하 대신 동결을 생각했는데 시장에서 인상으로 받아들였다는 것이다. 추가경정예산(추경)에 대해서는 재정적자 대신 초과세수로 재원을 조달하기 때문에 재정건전성을 크게 해치지 않고 지방으로 흘러가는 것은 긍정적이지만, 경기 부양 차원의 정책인데 기계적으로 일정부분을 교육에 할당하는 것이 목적에 맞는가 돌아봐야 한다고 소신을 밝혔다. 마지막으로 이 총재는 그간 함께한 금통위원들에게 감사를 표하고, 신현송 한은 총재 후보에 대해 “애국심이 (외화)자산 보다 클 것으로 믿는다""고 덕담했다. 나광호 기자 spero1225@ekn.kr 실시간 Live “21시간 협상이 빈손”…美·이란 결렬에 글로벌 증시 휘청일까 [이슈+] 美·이란, 첫 종전 협상 결렬… 밴스 “합의 없이 미국으로 복귀” 美·이란, 마라톤협상 일단 종료…트럼프 “결과 내게 차이 없어” ‘휴전·반도체 실적’ 맞물려 반등…방향키는 ‘유가·환율’ [주간증시] 재개발 표류하던 관악 난곡…LH 소규모 정비 첫 공공단독시행 민주당 차지호 의원, 세계 최고 권위 ‘란셋’ 위원회 공동의장 선임 [기후 신호등] 호르무즈 사태, 인류의 석유중독을 드러내다 SKT·KT 이탈 가입자 줍줍 LGU+ ‘1분기 나홀로 성장’ 미국·이란, 중재국 파키스탄서 종전 협상 돌입 ‘사장님’ 밀어주는 은행권…소상공인 금융 달라진다 “21시간 협상이 빈손”…美·이란 결렬에 글로벌 증시 휘청일까 [이슈+] 미국·이란, 중재국 파키스탄서 종전 협상 돌입 美·이란, 마라톤협상 일단 종료…트럼프 “결과 내게 차이 없어” 美·이란, 첫 종전 협상 결렬… 밴스 “합의 없이 미국으로 복귀” [기후 신호등] 호르무즈 사태, 인류의 석유중독을 드러내다 4월 전국 아파트 입주전망지수 15개월 만에 최저치…당분간 먹구름 이어질 듯 SKT·KT 이탈 가입자 줍줍 LGU+ ‘1분기 나홀로 성장’ ‘사장님’ 밀어주는 은행권…소상공인 금융 달라진다 “외국인 손님 모시자”…은행권, 사랑방 만들고 외국인 특화 상품까지 교황 “하느님은 전쟁 축복 안 해”…美 트럼프 지적 Opinion 에너지·환경 칼럼 부존자원 없는 나라의 필수전략, 에너지절약 에너지·환경 칼럼 석유공급 위기가 몰고 올 에너지전환 정책의 방향은? 신연수 칼럼 브라보! K-반도체 이슈&인사이트 새로운 중앙아시아가 온다 데스크 칼럼 [데스크 칼럼] 한은 새수장 신현송, 위기 겹친 경제 속 역할 무겁다 기자의 눈 유통가 AI전환, 대체자 아닌 조력자 만들어야 Copyright © 2020 에너지경제신문. All rights reserved.",ekn.kr,https://www.ekn.kr/web/view.php?key=20260410024195952,"Fri, 10 Apr 2026 15:56:00 +0900"
공급망,국내,"한은 ""AI 반도체 수요 확대에 확장세 내년 상반기까지 지속 전망""","한은은 ""전쟁이 장기화될 경우 AI 투자 수익성 검증 시기가 앞당겨지거나 빅테크 기업의 자금 확보 여건이 악화되면서 반도체 수요가 감소할 가능성이 있다""며 ""에너지·소재·장비 조달 차질이 공급망에 영향을 줄...","과거보다 수급 불균형 심화…확장기 장기화 가능성 중동전쟁 영향 제한적…""데이터센터 투자 지연 조짐 없어"" (서울=연합인포맥스) 윤시윤 기자 = 글로벌 반도체 경기가 인공지능(AI) 인프라 투자 확대에 힘입어 최소 내년 상반기까지 확장세가 이어질 것으로 분석됐다. 한국은행 조사국은 12일 발표한 '글로벌 반도체 경기 확장세 지속가능성 점검' 보고서에서 ""AI 주도권 확보를 위한 경쟁적 인프라 투자로 반도체 수요는 빠르게 증가하는 반면 공급 확대는 기술적 제약 등으로 제한되고 있다""며 ""이러한 수급 불균형을 감안할 때 적어도 내년 상반기까지 확장세가 이어질 것""이라고 예상했다. 보고서는 ""AI 서버 확산에 따라 고대역폭메모리(HBM)와 범용 D램 수요가 빠르게 증가하고 있다""며 ""국내 반도체 기업들도 유례없이 높은 수준의 수익을 기록하고 생산 능력 확충에 속도를 내고 있다""고 설명했다. ◇AI 인프라 경쟁 심화…과거보다 확장기 길어질 가능성 한은은 이번 반도체 경기 확장 국면이 과거 사이클보다 수급 불균형 폭이 크고 지속 기간도 길어지는 특징을 보인다고 평가했다. 보고서에 따르면 2010년 이후 반도체 경기 상승 국면은 스마트폰 대중화(2013~2015년), 클라우드 확대(2017~2018년), 팬데믹 이후 데이터센터 및 IT기기 교체 수요(2020~2021년) 등을 중심으로 전개됐다. 최근에는 AI 확산이 새로운 상승 사이클을 이끌고 있다. 보고서는 ""이번 확장기의 반도체 수요 증가는 AI 주도권 확보를 위한 경쟁적 인프라 투자에 기반해 가파르게 확대되고 있다""며 ""반면 반도체 공급 확대는 첨단 공정 전환 등 기술적 어려움으로 제약되면서 과거 확장기보다 수급 불균형이 더 크게 나타나고 있다""고 설명했다. 특히 우리나라는 메모리 산업의 독보적 경쟁력을 바탕으로 AI 패러다임 전환 과정에서 수혜를 크게 받고 있다고 한은은 분석했다. ◇확장세 전환 시점은 AI 투자 수익성 검증이 관건 다만 향후 반도체 경기 확장세 지속 기간은 AI 투자 수익성 검증 시기와 글로벌 빅테크의 자금조달 여건 등에 크게 좌우될 것으로 봤다. 보고서는 ""현 경기 확장세의 지속 가능성은 AI 투자의 수익성 검증 시기와 빅테크 기업의 지속적인 자금 확보 여부, AI 모델의 기술 효율성 진전 정도 등에 영향을 받을 것""이라고 설명했다. 또 메모리 생산업체의 증설 속도와 중국 기업의 기술 추격 속도 역시 주요 변수로 지목됐다. 한은은 특히 피지컬 AI 등으로 AI 활용 범위가 확대될 경우 반도체 수요 증가세가 예상보다 더 장기간 이어질 가능성도 있다고 평가했다. 주욱 한은 조사국 과장은 ""향후 로봇·자율주행·스마트 제조분야에서 AI 활용이 본격화될 경우, AI 투자 확대 기조가 예상보다 오래 이어질 가능성이 있다""고 설명했다. ◇중동전쟁 영향 제한적…데이터센터 투자 지연 조짐 없어 최근 중동전쟁이 반도체 경기에 미치는 영향은 현 단계에서는 제한적인 수준으로 평가됐다. 보고서는 ""유가 상승과 금리 상승, 글로벌 성장 둔화 우려에도 불구하고 데이터센터 건설 계획이 지연되거나 메모리 공급이 늦춰지는 움직임은 아직 포착되지 않고 있다""고 설명했다. 다만 전쟁 상황이 심화될 경우 반도체 경기의 하방 리스크로 작용할 가능성은 남아 있다고 진단했다. 한은은 ""전쟁이 장기화될 경우 AI 투자 수익성 검증 시기가 앞당겨지거나 빅테크 기업의 자금 확보 여건이 악화되면서 반도체 수요가 감소할 가능성이 있다""며 ""에너지·소재·장비 조달 차질이 공급망에 영향을 줄 가능성도 있다""고 밝혔다. syyoon@yna.co.kr",news.einfomax.co.kr,https://news.einfomax.co.kr/news/articleView.html?idxno=4409053,"Sun, 12 Apr 2026 12:06:00 +0900"
공급망,주식,"""주가는 결국 정보"" 국민연금·여당 vs 금융위, ESG 공시 두고 충돌, 쟁...","스코프3가 기업들 입장에서 난감하다고 생각하는 이유는, 이게 자기 정보가 아니라 자기 공급망에 있는... 우리나라 기업들이 수출을 많이 하다 보니까, 해외의 다국적 기업들 중에서는 자기 협력업체들, 자기 공급망에...","뉴스 이용 설정을 할 수 있어요 노컷뉴스 언론사 구독되었습니다. 메인 뉴스판에서 주요뉴스를 볼 수 있습니다. 보러가기 닫기 노컷뉴스 언론사 구독 해지되었습니다. 닫기 언론사가 주요기사로선정한 기사입니다. 언론사별 바로가기 닫기 이동 통신망을 이용하여 음성을 재생하면 별도의 데이터 통화료가 부과될 수 있습니다. CBS경제연구실 owl@cbs.co.kr Copyright ⓒ 노컷뉴스. All rights reserved. 무단 전재 및 재배포, AI 학습-활용 금지. 기사의 섹션 정보는 해당 언론사의 분류를 따르고 있습니다. 언론사는 개별 기사를 2개 이상 섹션으로 중복 분류할 수 있습니다. 구독 노컷뉴스 구독하고 메인에서 바로 만나보세요!구독하고 메인에서 만나보세요! 구독중 언론사의 주요 뉴스를 메인에서 바로 만나보세요!주요 뉴스를 메인에서 만나보세요! 기사 추천은 24시간 내 50회까지 참여할 수 있습니다. 노컷뉴스가 이 기사의 댓글 정책을 결정합니다. 안내 댓글 정책 언론사별 선택제 섹션별로 기사의 댓글 제공여부와 정렬방식을 언론사가 직접 결정합니다. 기사 섹션 정보가 정치/선거를 포함하는 경우 정치/선거섹션 정책이 적용됩니다. 언론사의 결정에 따라 동일한 섹션이라도 기사 단위로 댓글 제공여부와 정렬 방식이 달라질 수 있습니다. 단, 일부 댓글 운영 방식 및 운영규정에 따른 삭제나 이용제한 조치는 네이버가 직접 수행합니다. 레이어 닫기 네이버 AI 뉴스 알고리즘 뉴스 추천 알고리즘이 궁금하다면? 언론사에서 직접 선별한 이슈입니다. 이 기사를 본 이용자들이 함께 많이 본 기사, 해당 기사와 유사한 기사, 관심 기사 등을 자동 추천합니다 프리미엄콘텐츠는 네이버가 인터넷뉴스 서비스사업자로서 제공, 매개하는 기사가 아니고, 해당 콘텐츠 제공자가 프리미엄 회원을 대상으로 별도로 발행·제공하는 콘텐츠입니다. 본문 듣기를 종료하였습니다. 로그인 전체서비스 서비스안내 오류신고 고객센터 기사배열 책임자 : 김수향 청소년 보호 책임자 : 이정규 각 언론사가 직접 콘텐츠를 편집합니다. ⓒ 노컷뉴스 이 콘텐츠의 저작권은 저작권자 또는 제공처에 있으며, 이를 무단 이용하는 경우 저작권법 등에 따라 법적 책임을 질 수 있습니다. NAVER",n.news.naver.com,https://n.news.naver.com/mnews/article/079/0004135706?sid=101,"Sun, 12 Apr 2026 12:01:00 +0900"
잠재 GDP,국내,"[인터뷰]이재영 민주연구원장 ""지방선거는 먹사니즘..북극항로 활용을""",실질 GDP(국내총생산)와 잠재 GDP 간 차이를 보면 지금은 오히려 물가 하락 압력이 조금 있는 것으로 보인다. 한국은행이 물가 안정 목표를 2%로 보는데 3월에도 전년 동월 대비 2%대 초반이다. 지금은 전 세계적으로 대단한...,"지난해 12월8일 취임한 이재영 민주연구원장. /사진=민주연구원 제공 2013년 9월 러시아 노브고로드주에서 열린 러시아 전문가 모임인 '발다이 클럽'. 블라디미르 푸틴 러시아 대통령은 한국 대표단의 대외경제정책연구원(KIEP) 유럽팀장으로부터 한 가지 제안을 받고 고개를 끄덕였다. 러시아가 극동 개발 등을 위해 한국·일본·중국과의 인적 교류를 늘리고 투자를 받으려면 무비자 협정부터 맺어야 한다는 얘기였다. 실제로 두 달 뒤 푸틴 대통령은 한국을 방문해 한·러 무비자 협정을 체결했다. 당시 푸틴 대통령에게 이 같은 구상을 직접 설명한 인물은 발다이 클럽의 한국인 최초 정회원인 이재영 민주연구원장이다. 지난해 12월 더불어민주당 싱크탱크인 민주연구원 수장에 오른 이 원장은 내로라하는 북방경제 전문가다. 1990년대 냉전의 잔흔이 남아 있던 시절 그는 한국 최초의 소련 교환연구원으로 러시아행을 택했다. 독학으로 익힌 러시아어를 바탕으로 모스크바국립대에서 경제학 박사 학위를 받았다. 2018년 대외경제정책연구원장에 임명된 뒤 2020년 더불어민주당 18호 영입 인재로 정치권에 입문했다. 이후 정청래 민주당 대표로부터 ""더 활력 있는 연구원을 만들어 달라""는 당부와 함께 민주연구원을 맡았다. 지난 7일 서울 여의도 민주당사에서 취임 후 첫 언론 인터뷰로 '동행미디어 시대'와 만난 이 원장은 중동 전쟁으로 인한 한국의 에너지 공급망 위기와 관련해 '북극항로 개척'과 '에너지 믹스'를 해법으로 제시했다. 그는 ""중동 전쟁이 끝난 뒤에는 그동안 관심에서 멀어졌던 '에너지 주권'에 다시 집중해야 한다""며 ""한국은 정교한 에너지 믹스 전략, 공급망 다변화, 북방국가와의 관계 재설정, 글로벌 사우스와의 협력을 포함한 국가 전략을 새롭게 세워야 한다""고 말했다. 특히 호르무즈 해협 봉쇄 사태 등에 대응한 에너지 운송망 다변화 방안으로 북극항로 진출 필요성을 강조했다. 이 원장은 ""러시아 북극항로가 당장 상업화된다고 보기는 어렵지만 10년 정도를 내다보면 가능성이 있다""고 했다. 6월 지방선거에 대해선 ""이념으로 접근해서는 안 된다. 가장 중요한 것은 유권자에게 삶이 나아질 수 있다는 희망을 주는 것""이라며 ""이재명 대통령도 늘 말씀하시듯 '먹사니즘', 즉 먹고사는 문제가 가장 중요하다. 우리가 이 문제를 실제로 체감할 수 있도록 집중한다면 무당층도 우리 쪽으로 많이 끌어들일 수 있다""고 밝혔다. 다음은 이 원장과의 일문일답. 2019년 러시아 국제회의에 참석해 외신과 인터뷰를 하고 있는 이재영 민주연구원장. /사진=이재영 민주연구원장 제공 -원장 취임 이후 역점을 둔 것은. ▶취임 후 모든 직원과 면담을 하고 강점과 약점을 파악한 뒤 3월 초부터 (조직을) 바꾸기 시작했다. 아주 장기적이진 않더라도 호흡을 길게 가져갈 수 있는 정책들을 준비하기 위해 조직 내 전략기획을 강화했다. 인력이 31명 정도인데 모든 분야를 다루기는 힘들다. 대외 네트워크와 전문가들을 많이 활용하려고 한다. 정청래 대표가 글로벌 상황이 중요하다고 해서 '글로벌 정세 브리핑'도 하고 있다. -6·3 지방선거가 다가온다. 판세를 어떻게 보나. ▶한국갤럽 기준으로 민주당과 국민의힘이 20%포인트(p)대 격차를 계속 유지하는 것 같다. 수치보다 민심의 방향이 중요하다고 생각한다. 국민 눈높이에 맞춰 변화하는 상황을 잘 읽어내고 따라야 한다. 실제 국민은 이념이나 진영보다 민생과 안정을 더 중요하게 여기는 것 같다. 이번 선거는 누가 실질적인 변화를 이끌어내고 성과로 보여주는지에 따라 승패가 갈릴 것으로 본다. -최근 민주당과 정부에 대한 20대 지지율이 높아진다. 이유를 무엇으로 보는가. ▶젊은 층이 실용적인 생각을 많이 하는 것 같다. 일자리나 주거 문제 등 청년의 삶을 나아지게 하는 것이 중요하다. 옛날처럼 이념적으로 고정된 것이 아니라는 것이다. 이는 한국뿐 아니라 전 세계적으로도 그렇다. 기존에는 내로남불이나 불공정을 싫어하고 분노도 많았다. 이재명 정부가 실용적인 정책을 많이 하고 있지 않은가. 외교·안보, 경제도 그렇고 사안별로 투명하게 많이 보여주니 각자 이해관계에 맞는 부분에서 (지지율이) 회복되는 느낌을 받는다. 피부에 와닿는 정책을 잘 써야겠다고 생각한다. -민주당이 이번 지방선거에서 내놓은 정책 핵심 타깃은 누구인가. ▶지방선거에서 특정 계층만 겨냥하는 건 적절치 않다. 전반적으로 지역 주민이 변화를 체감할 수 있는 정책을 내놓는 게 중요하다고 본다. 최근에는 자영업자와 소상공인, 청년, 중년층까지 모두 경제적 어려움을 느낀다. 특히 지역은 수도권보다 더 어려움이 많다. 한 집단을 대상으로 하기보다 삶의 불안을 느끼는 지역 주민을 중심에 두고 정책을 제안하고 연구해야 한다. 일자리, 주거, 돌봄, 교통 등 생활 인프라를 통해 '내가 여기서 살아도 행복하게 잘 살 수 있겠다'는 확신을 줄 수 있는 정책도 중요하다고 생각한다. -대구 지역이 화제다. 6·3 지방선거 판세는 어떻게 보는지. ▶2018년 지방선거 때도 당 지지율은 민주당이 더 높았지만 결과는 졌다. 대구에서 민주당이 승리하는 것은 하늘의 별 따기보다 어렵다고 (한다). 최근 대구 민심이 변하는 것은 분명해 보인다. 여기서 중요한 것은 대구 시민이 과연 무엇을 원하고 어떻게 느끼는지 파악하는 것이다. 지금까지 대구·경북은 산업 구조도 크게 변화가 없고 인구는 감소한다. (대구 시민은) 정치권이 그동안 잘했는지 질문을 던질 것이다. 그런 이유로 김부겸 전 총리 같은 분에게 대구를 위해 일할 기회를 주자는 분위기가 높아진 것으로 본다. -중동 전쟁 장기화로 스태그플레이션 우려가 있다. 현실화할 경우 통화정책과 재정정책이 충돌하는 것 아닌가. ▶현재까지 볼 때 스태그플레이션(경기 침체와 물가 상승이 동시에 나타나는 현상)이 현실화하지는 않을 것으로 본다. 실질 GDP(국내총생산)와 잠재 GDP 간 차이를 보면 지금은 오히려 물가 하락 압력이 조금 있는 것으로 보인다. 한국은행이 물가 안정 목표를 2%로 보는데 3월에도 전년 동월 대비 2%대 초반이다. 지금은 전 세계적으로 대단한 위기 상황이다. 이런 상황에서는 과감한 비상조치가 필요한데 지금이 추경(추가경정예산)을 편성할 적기라고 본다. 초과 세수로 10조원 이상을 더 걷었기 때문에 국채를 새로 많이 발행해 부채를 크게 늘리는 것도 아니고 이럴 때는 마중물로 재정을 써야 한다. 추경이 신속하게 집행돼야 한다. -최근 원/달러 환율이 1500원대에 고착되는 '하이플랫' 현상이 나타나는데 한국이 이를 감당할 수 있나. ▶물가 하락 압력도 조금 나타나고 있어 추경으로 경제 성장률을 방어하는 데는 큰 문제가 없을 것으로 본다. 경제 체력이 이 정도는 대응할 수 있는 수준이다. 26조원 넘는 긴급 추경을 신속하게 투입하고 최근 국회에서 환율 안정법도 통과됐다. 해외 투자자를 국내로 유인하는 인센티브를 제공하는 등 간접 개입 수단도 생겼기 때문에 1500원대 정도는 견딜 만하다고 본다. -중동 전쟁으로 글로벌 에너지 공급망이 흔들린다. 향후 에너지 안보를 위해 러시아 북극항로를 활용할 경우 한미동맹 균열의 위험은 없나. ▶한미 동맹은 중요하고 훼손돼서도 안된다. 한미 동맹과 유럽 등 우군들과의 협력 체제 속에서 우리의 에너지 외교도 다변화해야 한다고 생각한다. 호르무즈 해협이 막히면 다른 대안도 마련해야 한다. 그것이 한미 동맹과 상충하진 않는다. 북극항로 연안은 러시아가 가장 길지만, 지나가는 것이 국제법상 허용된다. -북극항로 진출은 러시아 협조가 필요한데 러우 전쟁 이후 경색된 한러 관계 어떻게 해결하나. ▶한국과 러시아 간 관계는 우크라이나 전쟁이 시작되기 전까지 1988년 노태우 정부의 북방정책부터 해서 30여 년 동안 여야의 갈등 없이 잘 이어져 왔다. 윤석열 정부의 편향적인 진영외교를 제외하고는 서로 여야가 똑같이 생각했다. 북방정책 덕분에 대한민국 경제 영토가 많이 넓어졌고, 새로운 시장을 개척해 우리가 10대 경제대국에 올라오는 데 크게 기여하지 않았는가. 지금은 우크라이나 전쟁 때문에 미국의 제재도 있고, (한미) 동맹 문제도 있어서 당장 과거처럼 돌아가기는 어렵다. 그러나 전쟁 이후를 대비해서 한-러 협력을 재개하는 방법을 서서히 준비할 필요는 있다. 민간 차원에서부터 할 수 있는 것들을 준비해 나가는 것이 필요하다. -주택 시장 안정을 위해 구상하는 정책이 있는가. ▶이재명 대통령 취임 이후 부동산 가격이 안정세를 찾은 것은 사실이다. 대통령의 부동산 정책 방향에 국민 50% 이상이 긍정적으로 평가한다. 국민이 정부의 의지와 방향을 신뢰한다는 의미이며 옛날처럼 부동산 정책을 많이 낸다고 해서 실효성이 있다고 보지는 않는다. 정책의 일관성과 신뢰성이 중요하기 때문에 자주 발표하기보다 같은 방향으로 일관성 있는 정책을 추진하는 것이 더 중요하다고 생각한다. -정부의 5극 3특 구상 완성을 위해 행정통합특별법이 추진되는데 주변부 공동화 문제에 관한 지적이 나온다. ▶우려에 충분히 공감한다. 초광역 거점이 커질수록 그 안에 시도 있고 군도 있다. 아직 정확하게 (행정통합특별법이) 다 나온 건 아니지만 앞으로 특별협약을 체결하고 특별계정을 만들어 시·군·구와 어떻게 연계하고 지원할지 논의될 것으로 보인다. 초광역으로 된다고 하더라도 그 안에 하나의 중심만 있는 것이 아니라 여러 핵이 연결된 구조가 생길 수 있다. 권역 내에서 다핵 구조를 만들어 발전시키면 공동화 현상 우려는 기우가 될 수 있다고 본다. -청년 고용 문제도 심각하다. 노동 이중구조 해결이 필요하다는 주장이 나온다. ▶비정규직과 단기 일자리가 많다. 그러면 청년이 꺼릴 수밖에 없다. 민주당은 공정한 노동시장 정책을 최우선으로 하며 그 핵심은 동일노동-동일임금이다. 동일한 노동을 하면 동일한 임금을 주는 구조를 만들어야 청년이 노동시장 이중구조에 빠지지 않고 제대로 된 일자리를 얻을 수 있다고 생각한다. 이를 위해 중소기업 등에 대한 지원도 필요하다. ▶이재영 민주연구원장 프로필 ▲1964년 경남 양산 원동면 출생 ▲성도고 졸업 ▲한양대 경영학과 학사 ▲한양대 경영학 석사 ▲러시아 모스크바국립대 박사 ▲한양대 아태지역연구센터 교수 ▲대외경제정책연구원(KIEP) 유럽팀장, 러시아·CIS팀장 ▲제10대 대외경제정책연구원(KIEP) 원장 ▲더불어민주당 제18호 영입 인재 ▲더불어민주당 민주연구원장 2020년 2월 6일 서울 여의도 국회에서 열린 인재영입 발표회에서 이인영 더불어민주당 원내대표가(오른쪽) 18호 영입인사인 이재영 전 대외경제정책연구원장(왼쪽)에게 당헌당규 책자를 전달하고 있다. /사진=머니투데이",n.news.naver.com,https://n.news.naver.com/mnews/article/417/0001138120?sid=162,"Thu, 09 Apr 2026 05:43:00 +0900"
잠재 GDP,국내,"박홍근 ""중동 전쟁, 경제적 여파 조기 대응 필요… 선거와는 전혀 무관...","박 장관은 ""현재 우리 GDP는 잠재 GDP를 못 따라가고 있다""며 ""국채 발행을 안 하기 때문에 물가에 미치는 영향은 미미하고 제한적인 만큼 선거와는 전혀 무관하다고 생각한다""고 강조했다. 박 장관은 2차 추경 가능성에 관해...","[천지일보=김누리 기자] 박홍근 기획예산처 장관이 야당의 전쟁 추경 비판에 대해 “방어막을 쌓지 않으면 나중에 경제에 미칠 여파가 얼마나 클지 모르는 만큼 조기 대응이 필요하다”고 반박했다. 박 장관은 6일 MBC 라디오 ‘김종배의 시선집중’에 출연해 “중동 상황이 우리 민생과 경제 산업에 미치는 여파가 매우 크다”며 이같이 밝혔다. 박 장관은 “다른 나라도 여러 가지 보조금이나 예비비 편성, 지원금을 만들고 있다”며 “한국은행이나 KDI, 국회예산정책처, 민간연구기관도 조기 대응이 필요하다, 추경 편성을 통하면 경제성장률이 0.2~0.3%p 높아질 것이다고 이야기 하고 있다”고 설명했다. 박 장관은 “현재 우리 GDP는 잠재 GDP를 못 따라가고 있다”며 “국채 발행을 안 하기 때문에 물가에 미치는 영향은 미미하고 제한적인 만큼 선거와는 전혀 무관하다고 생각한다”고 강조했다. 박 장관은 2차 추경 가능성에 관해 “상황이 정말 장기화되고 또는 심대한 타격이 더 추가적으로 있을 경우에는 재정 여력을 봐가면서 판단할 수는 있을 것”이라고 말했다. 박 장관은 “(전쟁이) 장기화되면서 원윳값이 우리 예상보다 더 폭등할 수도 있지 않다”며 “그런 것들은 다 우리가 예상할 수 없는 만큼 ‘전혀 고려하지 않는다’ 이렇게는 그 누구도 예상할 수 없는 것”이라고 언급했다. 박 장관은 이재명 대통령이 언급한 ‘긴급재정명령’에 대해 “경제 위기나 비상 상황에서는 모든 정책 수단을 강구하라는 취지에서 한 말”이라고 일축했다. 박 장관은 “긴급재정명령은 결국은 헌법이나 또는 법규상 국회의 승인을 다 요구하는 것”이라며 “경제 위기나 비상 상황에서는 모든 정책 수단을 강구하라는 이런 취지에서 말씀하신 것”이라고 재차 강조했다. 박 장관은 ‘고유가 민생지원금’ 선별 기준에 대해 “중동전쟁 때문에 생긴 고유가 부담 또는 물가 상승이나 경기 둔화에 가장 타격을 받는 취약계층과 중산층에 해당하는 ‘소득하위 70%’에 지급하는 것이 옳다고 판단했다”고 설명했다. 박 장관은 “고소득층은 소득이 높다 보니 필수재 소비도 적은데 고물가 충격이 상대적으로 적다”며 “대응 여력이 있는 만큼 고소득층은 제외했다”고 전했다. 박 장관은 이어 “취약계층이라고 하는 기초수급자, 차상위계층, 한부모 가정은 이미 행정데이터가 있다”며 “이분들의 경우는 행정데이터를 국회에서 처리되는 대로 바로 가동하면 4월 중으로 지급이 가능할 것으로 이렇게 보고 있다”고 말했다. 박 장관은 이번 추경에서 국채 발행 없이 초과 세수를 재원으로 삼기로 했지만, 앞으로 전쟁 여파로 세수 증가세가 꺾일 수 있다는 우려가 있다는 지적에 대해 “반도체나 증권은 중동시장의 여파는 있기는 하지만 당분간 (호황이) 유지될 것”이라고 전망했다. 추경으로 지방 정부의 재정 부담이 늘어난다는 주장에는 “지방자치단체가 사업비 일부를 매칭해야 하는 부분이 있지만 지방교부세가 내려가기 때문에 그 돈으로도 하고도 충분히 남는다”고 반론했다.",newscj.com,https://www.newscj.com/news/articleView.html?idxno=3391557,"Mon, 06 Apr 2026 11:08:00 +0900"
양적 완화,국내,[김상철의 경제포커스]돈 풀린 韓…정책은 막혔다,"오랫동안 시행된 양적 완화의 결과로 해석된다. 210% 정도인 중국은 부채 주도의 성장이 지속되면서 유동성이 급격히 팽창한 결과일 것이다. 반대로 자본시장 중심의 금융 구조로, 기업이 은행보다 주식이나 채권으로...","올 1월 '총통화량' M2 4565조원 작년 3분기엔 GDP 대비 150% 넘어 유동성 규모보다 중요한 건 '구조' 가계부채 비중 높아 금리인상 어렵고 美 금리 차이 탓 인하도 부담 유동성은 결국 정책 유연성 제약 경제학에서 유동성은 자산을 손실 없이 현금으로 전환할 수 있는 정도를 말한다. 그래서 '과잉 유동성'은 말 그대로 유동적인 금융 자산이 국민경제에 필요한 적정 수준을 웃도는 상태로, 통화가 과잉 공급된 상황을 의미한다. 자산가격 상승과 관련한 과잉 유동성 논란은 꽤 오래된 얘기다. 시중에 넘치는 유동성이 우리 경제의 근본적인 불안 요인이라는 일부의 주장에 대해 한국은행은 줄곧 동의하지 않는다는 입장을 밝혀왔다. 한국은행은 최근 통화량 증가 폭이 장기 평균보다 높은 수준은 아니며, 특히 과거 금리 인하기에 견줘 보면 낮은 수준이라고 주장한다. 특히 환율 상승 압력은 유동성 요인보다는 해외 증권투자 확대와 수출기업의 외화 보유 선호 등 외환시장의 수급 요인이 더 크게 작용하고 있다는 설명이다. 하지만 한국은행의 반박에도 불구하고 논란은 이어진다. 통화량 지표 중에 가장 많이 인용되는 것은 총통화량인 'M2'다. 'M1'이 현금 외에 즉시 현금이 될 수 있는 '요구불예금' 정도를 포함한다면, M2는 M1에 '머니마켓펀드(MMF)'와 2년 미만의 정기 예금 등 곧바로 현금화할 수 있는 단기 금융상품을 더한 넓은 의미의 통화 지표다. 세계 경제지표를 제공하는 사이트 '트레이딩 이코노믹스'에 따르면, 우리나라의 M2는 지난 1월 4565조원이었다. 한국은행이 지난달 13일 발표한 '2026년 1월 통화 및 유동성'에선 4108조9000억원으로 집계됐다. 국내총생산(명목 GDP) 대비 M2 비율은 지난해 3분기에 153% 수준이었다. GDP 대비 M2의 비율이 150%를 넘는다는 건 경제 규모에 비해 시중에 풀린 돈이 매우 많다는 뜻이다. 이걸 흔한 현상이라고 할 수는 없다. 세계 주요 국가들 가운데 이 수치를 넘어서는 나라는 손에 꼽을 정도다. 일본이 약 240%로 전 세계에서 가장 높다. 오랫동안 시행된 양적 완화의 결과로 해석된다. 210% 정도인 중국은 부채 주도의 성장이 지속되면서 유동성이 급격히 팽창한 결과일 것이다. 반대로 자본시장 중심의 금융 구조로, 기업이 은행보다 주식이나 채권으로 자금조달을 하는 경우가 많은 미국은 그렇게 달러를 찍어 냈음에도 불구하고 71% 수준에 불과하다. 조금씩 다르긴 하지만 유럽 국가들은 평균적으로 100% 내외를 유지하고 있다. 우리나라의 M2가 비교적 많은 배경에는 구조적으로 몇 가지 이유가 겹쳐 있다. 본래 1997년 외환위기 이전의 우리나라는 M2가 GDP보다 적어 오히려 유동성이 부족했다. M2가 GDP를 넘어선 건, 외환위기를 계기로 경제 구조가 바뀐 결과라고 할 수 있다. 외환위기 이후 기업의 은행 의존도가 높아졌고 동시에 가계대출도 늘었다. 특히 부동산 금융 확대는 통화량을 직접 밀어 올렸다. 물론 의도적인 통화정책의 결과이기도 하다. 장기간의 저금리가 대출 확대로 이어지면서 통화량 증가를 가져왔다. 우리나라에서 M2가 GDP를 확실하게 넘기 시작한 시기는 2000년대 중반 이후다. 유동성은 늘어났지만, 통화량의 증가와는 달리 실물 성장은 제한적이어서 격차는 더욱 확대됐다. 2010년 이후 M2의 증가 속도는 성장의 속도보다 항상 빨랐다. M2 증가율이 성장률보다 높다는 건, 돈이 실물보다 더 빠르게 불어나고 있다는 뜻이다. 물론 통화량 규모 자체가 심각한 문제라고 할 순 없다. M2와 GDP의 규모를 비교하는 것만으로 유동성이 과도하다거나 너무 적다고 단정할 수도 없는 일이다. 우려를 많이 제기하는 유동성과 자산 시장의 관계는 흔히 생각하듯 결론이 명쾌하게 내려진 문제는 아니다. 부동산 가격과의 연관 관계만 해도 그렇게 분명하지는 않아서 유동성이 늘어난다고 무조건 부동산 가격이 오르는 건 아니다. 연구 결과를 보면 주택가격 하락기에는 통화량을 늘리더라도 주택가격이 반드시 상승하지는 않는다고 한다. 실제로 역대 정부별로 M2 증가 규모를 보면 노무현 정부 406조원, 이명박 정부 555조원, 박근혜 정부 596조원, 문재인 정부 1248조원, 윤석열 정부 594조원이었다. 특히 코로나19 사태를 겪으면서 재정 확대와 초저금리를 유지했던 문재인 정부 시절만 제외하면 정부의 이념적 지향에 따른 통화량 증가의 차이는 거의 없었지만, 부동산 시장은 다른 모습을 보였다. 주식시장에 미치는 영향도 마찬가지다. 코스피가 뛰기 시작한 시기는 지난해부터였지만 M2가 GDP의 150%를 넘은 건 이미 2020년부터였다. 유동성의 영향이 없다고 할 수야 없겠지만 그것 때문에 주가가 뛰었다고 하는 건 무리다. 유동성의 규모 자체보다 중요한 것은 구조일 것이다. M2 증가는 실제로는 대부분 신용, 그러니까 부채로부터 비롯된다. M2는 결국 경제 주체들이 빚을 많이 얻어 자산을 보유하고 있다는 뜻이기도 하다. 6500조원의 국가 총부채 중에서도 특히 부담스러운 건 2000조원에 이르는 가계부채다. 정부부채는 세금이나 통화정책으로 어느 정도 통제가 가능하지만, 가계부채는 경기 충격이나 금리 변화에 취약하다. 절대적 수준만 보면 유동성 규모가 과도하다고 단정하기 어렵지만, 구조까지 보면 과도하게 기울어져 있다고 판단하는 것이 맞을 것이다. 지나치게 많은 유동성은 우리 경제의 양극화 구조를 강화하기도 한다. 유동성 증가가 경기 전반의 개선보다 자산 가격의 상승으로 이어지면 유동성 증가의 수혜는 자산 보유층에게만 돌아가게 된다. 한국은행 총재가 이제 곧 바뀐다. 유력 외신인 '블룸버그 통신'은 오는 21일 취임할 것으로 보이는 신현송 새 한국은행 총재를 통화 긴축을 선호하는 '매파'로 분류했다. 그러나 현재 우리나라의 경제 상황에서는 매파와 비둘기파의 구분이 큰 의미가 없다. 쉽게 금융정책의 방향을 바꿀 수 있는 여건이 아니기 때문이다. 미국과 이란 간 전쟁으로 촉발된 고유가가 고물가로 이어져 금리를 올리고 싶은 상황이 된다고 해도 가계부채 규모를 생각하면 금리 인상은 간단한 일이 아니고, 반대로 내수 진작을 위해 금리를 내리고 싶다고 해도 1% 포인트가 넘는 미국과의 금리 차이를 생각하면 금리 인하는 부담스러운 일이 될 것이다. 과잉 유동성의 문제는 유동성 자체보다는 정책의 유연성을 제약한다는 점이 크다. 우리나라의 M2는 이재명 정부 들어서도 매달 30조원 이상 늘고 있다. 김상철 경제평론가",n.news.naver.com,https://n.news.naver.com/mnews/article/277/0005747731?sid=110,"Fri, 10 Apr 2026 11:22:00 +0900"
양적 완화,주식,석달새 ‘사이드카’만 11번…역대급 변동성 증시에 손바뀜 5년새 최고,"3월 회전율은 코로나19 확산 뒤 각국 통화당국이 일제히 양적 완화에 나서 주식시장 급등세를 보였던 2021년 6월 기록했던 회전율 2.74% 이후 최고치다. 일평균 거래량도 11억765만주로, 2021년 6월(16억702만주) 이후...","1일 오전 서울 중구 우리은행 본점 딜링룸 전광판에 코스피와 환율이 표시돼 있다. 연합뉴스 한 달 넘도록 이어지는 미국-이스라엘과 이란 전쟁으로 국내 증시가 크게 널뛰면서, 투자자들의 주식 손바뀜도 지난 5년 새 가장 활발한 것으로 나타났다. 1일 한국거래소 자료를 보면, 지난 3월 유가증권시장에서 상장주식의 일평균 회전율은 1.73%로 나타났다. 유가증권시장에 상장된 주식 총 638억4174만주 가운데 하루 평균 1.73%인 11억446만주가 거래됐다는 의미다. 주식 회전율은 특정 기간 주식이 얼마나 자주 사고 팔리는지를 나타내는 지표로, 지난해 1월부터 올해 1월까진 1%를 하회하다가, 코스피가 급상승하며 6000대를 돌파한 2월(1.65%)부터 1%를 넘어섰다. 3월 회전율은 코로나19 확산 뒤 각국 통화당국이 일제히 양적 완화에 나서 주식시장 급등세를 보였던 2021년 6월 기록했던 회전율 2.74% 이후 최고치다. 일평균 거래량도 11억765만주로, 2021년 6월(16억702만주) 이후 최대치다. 일평균 거래량도 지난 2월(10억4844만주)부터 늘기 시작했다. 미국-이란 전쟁으로 증시의 변동성이 커지며 단타(단기매매)를 통해 차익 실현이나 손익 보전을 하려는 개인 투자자가 늘어난 영향으로 보인다. 지난달 유가증권시장에서 사이드카는 총 7번 발동했다. 사이드카는 코스피200선물지수가 5% 이상 상승 또는 하락이 1분간 지속하는 경우 발동된다. 코스피가 8% 이상 폭락한 상태가 1분 이상 지속할 때 거래를 일시 중단시키는 서킷브레이커도 지난달에만 두 차례 발동했다. 증권가에선 이번 장세가 ‘W자 반등’ 패턴을 닮은 듯하지만 그보다 변동성이 더 높은 상태라 지적한다. 이은택 케이비(KB)증권 연구원은 “보통 W자 반등에서는 두번째 급락에서 크게 매수할 기회가 주어지지만, 현재는 고변동성이 지속하고 있다”며 “때문에 2차 바닥을 기다리기보다 조정 때마다 매수하는 전략이 유리하다”고 지적했다. 지난달 19.08% 급락하며 금융위기 당시인 2008년 10월(-23.13%) 이후 최대 하락 폭을 기록했던 코스피는, 이날 미국-이란 전쟁이 끝날 것이란 기대감이 커지며 전 거래일 대비 8.44% 급등한 5478.70로 거래를 마쳤다. 이날 코스피 상승 폭(426.24)은 역대 두 번째였다. 장 초반 코스피200선물 지수가 5% 이상 상승하며 오전 9시7분 올해 유가증권시장에서의 11번째 사이드카가 발동되기도 했다.",n.news.naver.com,https://n.news.naver.com/mnews/article/028/0002798717?sid=101,"Wed, 01 Apr 2026 16:08:00 +0900"
필립스 곡선,국제,호르무즈해협에 기뢰 설치까지…'스태그플레이션' 공포 확산,"1970년대 이전까지 경제학에서는 세로축에 물가상승률, 가로축에 실업률을 놓고 실업률과 물가 상승은 반비례 관계에 있다는 '필립스 곡선' 그래프를 기준으로 설명했기에 당시로선 스태그플레이션은 설명할 수 없는...","[이승용 시사저널e 기자 romancer@sisajournal-e.com] 70년대 오일쇼크 재현 우려…유가 급등에 물가 상승 압력 확대 반도체·화학·물류 산업 타격…경제 전방위 충격 불가피 미국과 이스라엘의 이란 공습에 대항한 이란의 호르무즈해협 봉쇄가 예상보다 길어지면서 교과서에서나 배웠던 1970년대 '오일쇼크'가 재현되는 게 아니냐는 우려가 확산하고 있다. 1970년대 오일쇼크는 경기 침체와 물가 상승이 동시에 일어나는 스태그플레이션이라는 전대미문의 충격을 남겼고, 스태그플레이션은 경제학자들이 가장 두려워하는 공포의 대명사가 됐다. 중동 에너지 의존도가 높은 우리나라는 산업 전반에 걸친 피해가 우려되고 있다. 여기에 스태그플레이션 해결을 위해 각국의 중앙은행들이 금리 인상 카드를 꺼내들 경우 소비 위축으로 이어져 경제 성장의 발목을 잡을 것으로 예상된다. ⓒGemini 생성 이미지 꽉 막힌 오일 대동맥, 경제 숨통을 조이다 지금까지 이란의 호르무즈 봉쇄에 따른 유가 급등은 1970년대 오일쇼크와 비슷한 과정을 보여주고 있다. 1973년 1차 오일쇼크 당시 아랍과 이스라엘 간 전쟁으로 석유수출국기구(OPEC) 국가들은 이스라엘을 지원하는 미국과 서유럽 국가를 대상으로 원유를 무기화했다. 그 결과 원유 가격은 배럴당 3~12달러 가까이 폭등했다. 1979년 2차 오일쇼크는 이란 혁명으로 인한 파업으로 원유 생산량이 급감하면서 발생했다. 우리나라는 중동에서 나오는 원유와 천연가스 등에 대한 의존도가 높기 때문에 호르무즈해협 봉쇄가 장기화하면 국가 경제 전반에 큰 타격이 예상된다. 당장 원유 및 LNG 가격이 상승하면 한전의 전기요금 인상도 불가피해지고, 이는 물가 및 공공요금 인상 등으로 이어진다. 물가 및 공공요금 인상은 1차 충격에 불과하다. 산업계 전반에 여진이 이어질 것으로 보인다. 당장 국가의 핵심 산업인 반도체 분야부터 경고등이 켜진 상태다. 반도체 공정에는 크립톤(Kr), 제논(Xe), 네온(Ne), 헬륨(He), 아르곤(Ar) 등 5가지 희귀가스가 필요한데, 우리나라는 지난해 카타르로부터 전체 헬륨 수입분의 59%를 수입했다. 헬륨은 반도체 웨이퍼 냉각에 필수적인 원료로 천연가스를 냉각해 LNG를 만드는 과정에서 분리되기에 카타르가 전 세계 1위 수출국이다. '산업의 쌀' 나프타 생산 역시 비상이 걸렸다. 나프타는 원유를 증류할 때 얻을 수 있는 탄화수소 혼합물로 플라스틱, 합성섬유 등 각종 화학제품 생산에 쓰인다. 우리나라는 필요한 나프타 중 절반은 수입하고 절반은 자체 생산하는데 국내 생산공장인 여천NCC 등은 고객사에 제품 공급 지연을 선언한 상태다. 항공 산업과 물류 사업은 유가 급등에 따른 직격탄을 맞고 있다. 항공 산업과 물류 사업은 유류비 비중이 커 국제유가 급등은 비용 급증으로 이어진다. 자동차 업계도 생산비용 상승이 불가피하다. 특히 유가 상승으로 타이어 비용이 올라갈 것으로 예상된다. 김귀연 대신증권 연구원은 ""원재료 상승이 지속될 경우 타이어에서 부품으로, 부품에서 완성차 순으로 영향이 확대될 것""이라고 분석했다. 이번 호르무즈해협 봉쇄로 전 세계가 우려하고 있는 것은 고유가에 따른 스태그플레이션이다. 스태그플레이션은 경기 침체와 물가 상승이 동시에 일어나는 현상이다. 1970년대 이전까지 경제학에서는 세로축에 물가상승률, 가로축에 실업률을 놓고 실업률과 물가 상승은 반비례 관계에 있다는 '필립스 곡선' 그래프를 기준으로 설명했기에 당시로선 스태그플레이션은 설명할 수 없는 현상이었다. 현재 경제학에서는 임금과 원자재 가격 등이 오르면서 전체 생산이 감소하면 필립스 곡선 자체가 왼쪽으로 이동하면서 이전보다 경기 상황 및 고용은 부진하고 상품 가격 등 물가는 상승하는 스태그플레이션 현상이 나타나게 된다고 설명한다. 결국 스태그플레이션은 공급 감소, 생산비용 상승으로 촉발되는 현상이다. 우리나라를 비롯해 대다수 나라에서는 원유가 국가 공급망의 핵심 생산 원재료다. 이란의 호르무즈해협 봉쇄가 장기화하면 국내외 경제에 스태그플레이션이 발생할 것이라는 관측이 쏟아지는 이유다. 실제 모건스탠리는 고유가 충격이 스태그플레이션 압력으로 전이될 수 있다고 우려하는 보고서를 내놓은 상태다. 현대경제연구원도 최근 보고서에서 국제유가가 배럴당 100달러 안팎까지 상승한다면 국내 경제성장률은 최소 0.3%포인트 하락하고 소비자물가 상승률은 1.1%포인트 상승할 수 있다고 분석했다. 호르무즈해협 봉쇄가 장기화하면 성장률이 0.8%포인트 낮아지고 소비자물가는 2.9%포인트 상승할 수도 있다고 예상했다. 스태그플레이션 닥치면 끔찍한 고통 예상 1970년대 오일쇼크를 겪으면서 스태그플레이션을 해결하는 '파훼법'은 금리 인상으로 알려져 있다. 금리 인상으로 화폐가치를 높여 인플레이션을 최대한 억제하는 방법으로 공급 및 생산 가격을 낮추는 것이다. 앞서 1970년대 오일쇼크로 국제유가가 급등하면서 스태그플레이션이 지속되자 당시 미국 연방준비제도 의장이었던 폴 볼커는 금리를 20% 수준까지 올려 이에 대응했고 성공을 거뒀다. 하지만 이 같은 금리 인상이 실제로 실행되면 자산시장 위축과 이자 부담 증가, 증시 급락 등 국가의 전방위적 고통이 수반된다. 2022년 미국발 금리 인상 당시 국내외 경제가 얼어붙었던 경험이 강도 높게 재현되는 것이다. 우리나라를 비롯해 세계 각국이 스태그플레이션에 발작하는 이유가 있다. 특히 GDP 대비 부채비율이 높은 국가는 금리 인상에 따른 이자 지출 급증으로 국가재정 위험이 한층 가중된다. 미국만 하더라도 연간 국가재정의 20%가량을 국채 이자 비용으로 써야 하기에 미국 국채 금리는 도널드 트럼프 대통령의 아킬레스건이다. 우리나라는 당장 시장의 혼란을 막기 위해 정부와 한국은행을 중심으로 금리 인상 가능성에 대해 최대한 보수적인 입장을 유지하고 있다. 하지만 실제로 미국과 유럽, 우리나라 등은 이번 호르무즈해협 봉쇄 사태로 시장금리가 올라가는 방향으로 반응하고 있다. 민지희 미래에셋증권 연구원은 ""이란 사태가 장기화할 경우 유가 수준이 배럴당 90달러에서 고착화되는 경로를 배제하기 어렵다""며 ""인플레가 재차 3%대로 반등해 높은 수준을 유지한다면 채권시장의 금리 인상 경계심이 강화될 수 있다""고 분석했다.",n.news.naver.com,https://n.news.naver.com/mnews/article/586/0000124282?sid=101,"Fri, 13 Mar 2026 09:10:00 +0900"
필립스 곡선,국제,"한은 ""글로벌 물가 1%p 오를 때 국내 0.2%p↑…상방 요인 산재""","특히 필립스곡선 추정 결과, 글로벌 인플레이션이 1%포인트(p) 상승할 경우 국내 물가는 0.2%p 높아지는 것으로 분석했다. 한은에 따르면 글로벌 경제 성장 기조와 인공지능(AI) 투자 확대, 중동 리스크, 자국 우선주의...","수요·공급·정책 측면서 모두 상방 리스크 중동·유가 불안 장기화 땐 글로벌 물가 상승압력 크게 높아질 것 (서울=연합인포맥스) 정선미 기자 = 한국은행이 글로벌 인플레이션을 둘러싸고 수요와 공급, 정책 측면 모두에서 상방압력이 제기되는 가운데 국내 물가로의 전이가 우려된다는 입장을 보였다. 한은은 12일 국회에 제출한 통화신용정책보고서에서 물가 리스크 요인들이 현실화하면 국내에도 직간접적 경로를 통해 물가 상방압력으로 작용할 수 있다고 짚었다. 특히 필립스곡선 추정 결과, 글로벌 인플레이션이 1%포인트(p) 상승할 경우 국내 물가는 0.2%p 높아지는 것으로 분석했다. 한은에 따르면 글로벌 경제 성장 기조와 인공지능(AI) 투자 확대, 중동 리스크, 자국 우선주의 산업정책 등이 향후 물가 안정 경로에 변수로 작용할 전망이다. 보고서는 먼저 수요 측면에서 예상보다 양호한 주요국의 성장세와 확장적 재정 기조 등이 글로벌 물가의 수요 압력을 높일 수 있다고 지적했다. IT 경기 호조와 완화적인 통화 및 재정정책으로 선진국과 신흥국 모두 성장세가 양호하기 때문이다. 필립스 곡선 분석을 보면 선진국과 신흥국 국내총생산(GDP) 갭이 모두 플러스일 경우 물가 압력이 더 커지는 것으로 추정됐다. 확장적 재정 기조는 기대 인플레이션을 자극할 우려를 낳는다고 지적했다. 공급 측면에서는 AI 투자 확대, 지정학적 리스크 증대 등으로 원자재와 중간재 가격 상승 가능성이 있다고 지적했다. 최근 데이터센터 구축 등 AI 관련 투자가 확대되면서 반도체와 천연가스, 비철금속 가격이 높은 오름세를 지속했다. 아울러 최근 미국과 이스라엘의 이란 공습 이후 국제유가가 급등한 것에 대해서는 불안이 장기화될 경우 글로벌 물가 상승 압력이 크게 높아질 수 있다고 경고했다. 정책적으로는 자국 우선주의 산업 정책으로 인한 비용 상승, 미국 관세정책의 영향 확대 가능성에 따른 리스크도 있다고 지적했다. 코로나19와 러시아·우크라이나간 전쟁 이후 자국 우선주의 산업 정책이 강화하면서 공급망 분절화가 심해졌고 생산비용이 상승했다고 꼬집었다. 미국 대법원의 상호관세 무효 파결과 관련해서는 관세정책 불확실성이 커졌다면서 관세 품목이 늘어나거나 관세율이 높아진다면 미국내 인플레이션 압력이 높아질 수 있다고 우려했다. 미 연방준비제도(Fed·연준) 통화정책 경로를 둘러싼 불확실성이 커지면 달러 강세 등을 통해 환율 경로로도 다른 국가의 물가도 높일 수 있다고 지적했다. smjeong@yna.co.kr",news.einfomax.co.kr,https://news.einfomax.co.kr/news/articleView.html?idxno=4403308,"Thu, 12 Mar 2026 12:02:00 +0900"
총수요,국내,"[논현논단] 디지털 전환, 두 개의 혁신효과 잡아야","다만, 공정혁신이 충분히 보급되면 상품가격 하락 및 이에 힘입은 총수요·투자·생산 증가, 나아가 고용 증가로 이어질 수 있다. 한편, 제품혁신은 새로운 제품을 개발하는 것으로 신시장·신산업 성장을 유발하여 관련 투자...","입력 2026-04-10 06:00 카카오톡 페이스북 엑스 URL공유 가장작게 작게 기본 크게 가장크게 AI 도입 따라 직업소멸 공포 크지만공정·제품혁신 통해 생산성 높이고신산업 선점하면 고용 창출 낙관적 최근 디지털전환의 정점이라고 할 수 있는 인공지능(AI)과 로봇기술이 생산현장 및 실생활에서 폭넓게 활용되기 시작했다. 바야흐로 인간이 없는 생산현장, 상품매장이 본격 등장할 전망이고 기업의 정형적 사무직무와 연구소의 연구보조직무, 심지어 의사·변호사·회계사·교수 등의 업무 중 많은 부분도 AI와 로봇이 맡게 될 것이다. 기업들의 신입직원 채용 기피 현상, 미국 소프트웨어 기업들의 대규모 해고 바람이 그 전조다. 이로 인해 디지털전환 또는 자동화가 가져올 일자리 소멸에 대한 공포가 확산하고 있다. 특히 우리경제는 수출의존도가 높아 디지털전환발(發) 국제경쟁력의 부침에 민감하고, 따라서 우려가 더 큰 편이다. 디지털전환은 사회와 경제의 기반 기술을 바꾸는 대규모 혁신의 물결인 바, 혁신은 그 내용을 기준으로 두 가지로 구분할 수 있다. 신공정 창출형 혁신과 신제품 창출형 혁신이다. 공정혁신은 기존 상품의 생산 과정 또는 가치사슬을 재편하는 것으로 생산성을 향상할 수 있지만 대체로 인건비를 포함한 생산원가의 절감에 집중하기 때문에 고용을 줄인다. 다만, 공정혁신이 충분히 보급되면 상품가격 하락 및 이에 힘입은 총수요·투자·생산 증가, 나아가 고용 증가로 이어질 수 있다. 한편, 제품혁신은 새로운 제품을 개발하는 것으로 신시장·신산업 성장을 유발하여 관련 투자·생산과 고용을 늘린다. 신제품 생산을 위한 새로운 기계설비 도입, 신기술을 체화한 기업가와 전문가가 다수 필요하기 때문이다. 이러한 점을 고려할 때 우리나라의 디지털전환 추진 방향은 명확하다. 우선, 기존 산업의 국제경쟁력 향상과 세계시장 점유 확대를 위해 공정혁신에 노력해야 한다. 대표적으로 사무실과 공장·상점의 스마트화를 가속할 필요가 크다. 이로써 우리나라가 가진 제조업·서비스업의 경쟁력을 디지털시대에도 유지하고 고용 감소를 최소화할 수 있다. 또한, 디지털경제에 적합한 능력을 개발하는 교육·훈련을 강화하여야 한다. 생산활동의 디지털화·자동화는 디지털 트윈, 빅데이터 분석 등의 AI 도구 활용을 늘려 가치사슬 스마일곡선의 왼쪽(신제품 설계, 알고리즘 개발 등 연구개발 활동) 및 오른쪽(데이터 기반 고객맞춤화, 물류 최적화 등 대고객 서비스 활동)에 위치한 직무의 생산성과 부가가치를 높이는 반면, 곡선의 가운데(가공·제조·조립 등 생산공정활동)에 위치한 직무는 산업용 로봇, 스마트팩토리 도입을 통해 대체한다. 암기·계산·규칙 적용 등과 같은 정형적·수리적 활동 중심의 직무는 대체될 위험이 높으며 판단, 책임, 인간적 신뢰 등을 필요로 하는 비정형적·사회적 활동 중심의 직무는 대체 위험이 낮다. 미래의 인재는 디지털 기술에 능숙하면서도 융복합 기반 창조 역량, 공감·협력하는 사회적 역량을 조화롭게 갖춘 사람인 바, 학교 교육·근로자 훈련이 이러한 역량 발달을 지원하는 방향으로 변해야 한다. 아울러, 제품혁신에 더욱 노력해야 한다. 디지털 전환이 가져오는 지식·기술의 폭발과 이를 활용한 신제품·신산업의 성장 잠재력은 매우 클 것으로 기대된다. 디지털 분야에서만 해도 고성능 컴퓨팅 및 글로벌 네트워킹을 위한 양자컴퓨터·초고도반도체·데이터센터 및 초고속광대역 통신망, 산업용·가정용 AI 솔루션과 로봇 등의 산업이 발전할 것이다. AI 등으로 인해 급증하는 전력수요의 충족 및 지구온난화 방지를 위해 핵융합 및 우주태양광 발전, 글로벌 초전도 전력망, 수소에너지·탄소배출 축소 관련 산업이 발전해야 한다. 인간의 신체적·정신적 능력 확장 및 무병장수 욕망 추구가 본격화되면서 신약과 신소재 개발, 유전자공학과 인공 신체·장기 제조, 맞춤형 의료 등의 산업이 성장할 것이다. 높아진 행복 욕구는 각종 엔터테인먼트, 문화와 인간적 네트워킹 관련 산업의 발달로 이어질 것이며 지구 자원의 한계를 돌파하기 위한 우주교통·통신기술, 우주자원 채취 산업도 본격 발전할 것이다. 요컨대, 지능기계를 활용한 연구개발의 효율성 향상 및 지식의 기하급수적 증가와 이에 힘입은 혁신의 급증으로 향후 신제품·신산업이 우리의 상상 이상으로 늘어날 것이 분명하다. 이러한 신제품 기회를 다른 나라보다 앞서 발굴, 산업화할 수 있느냐가 향후 우리 경제의 성장 및 고용창출 역량을 좌우할 것이다. 미래에 대한 낙관을 가지고 신속히 디지털 전환을 추진해 새로운 일자리를 만들어내고 세계시장을 선점하는 데 힘쓸 시점이다. 한국 경제는 AI 반도체, 전력인프라, 로봇, 바이오, 디지털 헬스케어, 문화오락 등 여러 분야에서 강점을 갖고 있어 그 잠재력이 충분하다. 주요 뉴스 많이 본 뉴스 최신 영상 최신 뉴스 뉴스발전소 한 컷 마켓 뉴스 오늘의 상승종목 실시간 암호화폐 시세 (주)이투데이 (제호 : 이투데이) ㅣ 서울시 강남구 강남대로 556 이투데이빌딩 ㅣ ☎ 02) 799-2600 등록번호 : 서울아00197 ㅣ 등록일자 : 2006.04.27 ㅣ 발행일자 : 2006.04.27 ㅣ 발행인 : 김상우 ㅣ 편집인 : 이종재 ㅣ 청소년보호책임자 : 이초희 이투데이의 모든 콘텐츠(기사)는 저작권법의 보호를 받으며, 무단전재 및 수집, 복사, 재배포, AI학습 이용 등을 금지합니다. Copyright 2006. 이투데이. All rights reserved. ㅣ 보도자료 및 기사제보 press@etoday.co.kr 이투데이 임직원은 모두의 의견을 모아 언론 윤리강령, 기자윤리강령, 임직원 윤리강령 및 실천규정을 제정, 준수하고 있습니다. 한국기자협회와 한국신문방송편집인협회, 한국신문윤리위원회 윤리강령 및 실천요강도 준수합니다. 이투데이 독자편집위원회는 독자의 권익보호를 위해 정정?반론 보도를 신속하고 효율적으로 처리하고 있음을 알려드립니다.",etoday.co.kr,https://www.etoday.co.kr/news/view/2574494,"Fri, 10 Apr 2026 06:00:00 +0900"
총수요,국내,"[금융포커스]신현송 후보 청문회, 긴축·미래금융 로드맵 나올까","완화는 총수요를 자극해 단기적으로 인플레이션을 높일 수 있으며, 이는 통화정책의 완화를 제약하거나 추가 긴축을 유도할 수 있다""고 밝혔다. 재정이 유동성을 공급하는 가운데 통화정책이 긴축으로 전환될 경우...","오는 15일 국회 기획재정위원회에선 신현송 한국은행 총재 후보에 대한 인사청문회가 열린다. 사진은 지난달 31일 오전 서울 중구 한화금융플라자에서 기자들의 질문에 답하는 신 후보자. /사진=뉴스1 오는 15일 신현송 한국은행 총재 후보자에 대한 인사청문회가 열린다. 시장에서는 '실용적 매파'로 꼽히는 신 후보자가 취약한 상태로 평가되는 국내 금융시스템 리스크에 대해 어떤 해법을 내놓을지에 주목한다. 8일 금융권에 따르면 국회 기획재정위원회는 오는 15일 신 후보자 인사청문회를 개최한다. 지난달 이재명 대통령이 신 후보자를 지명한 후 시장에선 연내 기준금리 인상 등 긴축 기조로 전환될 것이란 전망이 퍼지고 있다. 대외 변수도 긴축 전망에 힘을 더한다. 한국은 원유 도입의 약 70%를 중동에 의존하고 있어 최근 중동 리스크가 물가 상승으로 전이될 가능성이 높다. 시장 금리 상승압력을 키우는 요인이다. 금리 상승이 현실화할 경우 수신 기반을 갖춘 시중은행과 달리 회사채 발행 등 시장 자금 의존도가 높은 카드사 등 여신전문금융사(여전사)가 조달비용 급증에 따른 직격탄을 맞는다. 특히 여전사는 2022~2024년 고금리 시기에 발행한 회사채 만기가 도래하는 가운데 차환 금리가 오르면 이자 부담도 재차 커질 수 있다. 저축은행도 순이자마진(NIM) 관리에 부담이 커질 것으로 보인다. ━ [NEXT: ""가계부채·부동산 PF, 통화정책 핵심 고려 대상""] ━ 이같은 환경에서 신 후보자의 정책 대응이 금리 조정에만 국한되지 않을 것이라는 관측도 나온다. 신 후보자는 국제결제은행(BIS) 재직 시절부터 금융위기의 본질을, 은행의 전통적 예금이 아닌 단기차입 등 '비핵심부채'에 의존한 과도한 레버리지로 꼽아 왔다. 단순한 금리 인상보다는 특정 취약 부문을 겨냥한 선별적 긴축이 병행될 가능성이 크다는 분석도 있다. 국내 시장에서 비핵심부채로 거론될 만한 부문으로는 부동산 프로젝트파이낸싱(PF)과 전세금을 활용한 '갭투자'가 대표적이다. 정부에 따르면 지난해 말 기준 부동산 PF 익스포저(위험노출액)는 174조3000억원이다. 1년 전보다 3조6000억원 줄었지만 여전히 높은 수준이다. PF 상당 부분이 수신 기반이 약한 비은행권에 집중돼 있다는 점을 고려하면 기존 통화정책만으론 리스크를 제어하기 어렵다는 우려가 꾸준히 제기됐다. 신얼 상상인증권 리서치센터 투자전략팀장은 ""신 후보자의 레버리지 사이클 이론은 가계부채와 부동산 시장에도 직접적인 영향을 미칠 것으로 예상된다""며 ""이 관점에서 보면 가계부채와 부동산 PF 문제는 통화정책의 핵심 고려 대상이 된다""고 말했다. 사진은 신 후보. /사진=뉴스1 ━ [RISK: 통화·재정정책 엇박자 우려…균형점 찾아야] ━ 문제는 긴축 강도와 시점이다. 지난해 말 기준 금융위원회에 따르면 한국 가계부채 비율은 국내총생산(GDP) 대비 89.4%로 주요국에 비해 현저히 높다. 이에 따라 시중은행 등 1금융권 역시 고금리의 충격에서 안전구역이 아니라는 우려도 제기된다. 신용공급 축소나 레버리지 억제가 본격화되면 1금융권을 이용하는 가계와 한계기업 등 취약차주의 이자 상환 부담이 커질 수 있기 때문이다. 이는 곧 연체율 상승, 대손충당금 적립 부담으로 이어져 은행권 전반의 건전성을 위협하는 요인이 될 수도 있다. 이재명 정부가 민생회복과 경기 부양에 초점을 맞추고 재정지출 등 경기 보완에 나설 경우 통화정책과 재정정책 간 엇박자가 시장 변동성을 키울 수 있다는 분석도 제기된다. 피에르-올리비에 구린샤스 IMF 이코노미스트는 지난해 1월 IMF 블로그에 게재한 '하나의 경기 사이클이 끝나고, 격차 확대 속 새로운 국면이 시작된다'(As One Cycle Ends, Another Begins Amid Growing Divergence) 보고서를 통해 ""재정 완화는 총수요를 자극해 단기적으로 인플레이션을 높일 수 있으며, 이는 통화정책의 완화를 제약하거나 추가 긴축을 유도할 수 있다""고 밝혔다. 재정이 유동성을 공급하는 가운데 통화정책이 긴축으로 전환될 경우 정책 간 방향이 엇갈리며 시장 불확실성이 커질 수 있다는 분석이다. 서기수 서경대 교수는 ""물가 상승세는 다소 꺾였지만 서비스 가격과 임금이 여전히 높은 수준을 유지하고 있어 한국은행이 금리를 빠르게 내리긴 어려울 것""이라며 ""이 경우 경기 부양과 금융시장 안정을 동시에 달성하기 어려운 상황이 나타날 수 있다""고 말했다. ━ [VIEW: 디지털 화폐, CBDC 중심?…한은의 선택은] ━ 스테이블코인 등 디지털 화폐 생태계 주도권 역시 주요 쟁점이다. 신 후보자는 그동안 민간 스테이블코인에 대해 통화주권과 금융안정 측면에서 경계심을 드러내 왔다. 2021년 6월 발표된 BIS 보고서에서 그는 ""중앙은행 디지털화폐(CBDC)는 기존 화폐의 신뢰를 디지털로 확장한 것""이라며 ""중앙은행이 발행을 맡고 민간 은행이 유통과 결제를 지원하는 방식으로 추진돼야 한다""고 밝혔다. 현재 글로벌 시장에선 테더 등 민간 발행 스테이블코인이 빠르게 확산하며 국경 간 결제 영역을 넓히고 있다. 국내 정치권 일각에서도 핀테크 중심의 디지털 자산 생태계 육성을 거론한다. 반면 한은은 '프로젝트 한강' 2단계에 본격 착수하는 등 CBDC를 중심으로 한 통제 가능한 통화 체계 구축에 무게를 두고 있다. 신 후보자가 총재로 취임한 뒤 민간 스테이블코인을 일정 부분 수용할지, 기존 CBDC 중심 재편을 유지할지에 시선이 쏠린다. 신 후보자의 취임 후 행보에 따라 국내 디지털 금융산업 구조가 달라질 수 있다는 얘기까지 나온다. 이민혁 KB국민은행 연구원은 ""최근 신 후보자가 스테이블코인에 대해 국회에 제출한 답변을 보면 긍정적인 측면도 함께 검토하는 것으로 보인다""며 ""금융시장에서 중요성이 커지는 만큼 해당 부분을 반영해 관련 정책을 추진할 것으로 예상한다""고 말했다. ━ [PLUS: 신 후보 가족 모두 외국 국적…외화자산 비중도 화제] ━ 이외에도 이번 청문회에선 신 후보자의 장녀가 영국 국적을 보유했단 사실을 27년 동안 정부에 신고하지 않은 점 역시 핵심 쟁점 중 하나다. 그의 장녀는 1999년 영국 국적을 후천적으로 취즉했다. 이에 한국 국적은 자동 상실됐으나 이를 신고해야 하는 의무를 다하지 않은 것이다. 장녀 외에도 신 후보자 본인을 제외한 가족 모두가 외국 국적을 선택한 사실도 드러났다. 1995년생인 신 후보자 장남은 만 18세가 되기 전 국적이탈 신고를 마쳐 병역 의무에서 제외됐다. 신 후보자 배우자도 2011년 국적상실 신고를 마쳤다. 아울러 신 후보자 본인과 가족 명의의 재산은 총 82억4100만원 수준으로 신고됐다. 이 중 절반가량인 45억7470만원이 해외 금융자산 및 부동산으로 확인됐다. 차기 외환당국 수장인 한은 총재 후보자의 재산이 고환율일수록 더 늘어나는 포트폴리오로 구성된 점은 이번 청문회에서 논란을 예고하는 대목이다. 신 후보자는 또 한국과 미국에 걸쳐 주택 3채를 보유한 다주택자이기도 하다. 국내에선 본인 명의로 서울 강남구 언주로 동현아파트, 부부 공동 명의로 서울 종로구 신문로 디팰리스 오피스텔을 소유했다. 그의 배우자는 미 일리노이주 소재 아파트를 자녀와 절반씩 공동 소유하고 있다.",n.news.naver.com,https://n.news.naver.com/mnews/article/417/0001138056?sid=101,"Wed, 08 Apr 2026 14:46:00 +0900"
총공급,국내,"여야, 전쟁 추경 증액 놓고 격돌···스태그플레이션 우려엔 '이견'","그는 재정 지출 대신 감세와 규제 완화를 통해 기업의 총공급을 늘리는 것이 물가 안정과 성장이라는 두 마리 토끼를 잡는 길이라고 역설했다. 김민석 총리는 ""유동성 문제도 분명히 환율과 관련된 하나의 요인이고...","중동 분쟁에 따른 에너지 가격 급등과 민생 위기를 타개하기 위해 정부와 여당이 추가경정예산(추경) 규모를 확대하기로 뜻을 모았다. 그러나 국민의힘 측에서는 추경 확대로 인한 '스태그플레이션' 가능성을 제기하며 속도 조절과 공급 측면의 해법을 촉구하고 나섰다. 당정 ""추경 확대로 리스크 대응해야"" 6일 국회 본회의 경제 분야 대정부질문에서 더불어민주당과 정부 측은 중동 사태라는 대외 변수에 대응하기 위한 적극적인 재정 투입 필요성에 공감대를 형성했다. 오기형 더불어민주당 의원은 ""선제적으로 과감하게 대응해야 한다""며 구체적인 지원책을 제안했다. 오 의원은 석유화학 업계의 나프타 수입 단가 상승분에 대한 차액 보전율을 50%에서 80%로 확대하고, 차액보전 대상을 기초유분 및 중간제품까지 넓힐 것을 제안했다. 또한 에너지 전환 가속화를 위해 태양광 베란다 사업의 중앙정부 부담 비중을 현행 25%에서 대폭 늘려야 한다고 강조했다. 정부 부처 수장들도 추경 확대가 경기 방어에 필수적이라는 입장을 보였다. 박홍근 기획예산처 장관은 추경 집행 시 경제성장률이 0.2%포인트 제고되는 효과가 있다고 말했으며, 김정관 산업통상자원부 장관 역시 중동 사태의 악화를 이유로 증액 필요성에 동의했다. 국힘 ""감세·규제 완화가 해법"" 반면 국민의힘 박수영 의원은 추경 확대가 경제의 불확실성을 키울 수 있다고 경고했다. 박 의원은 최근 환율이 장중 1536원까지 폭등한 사례를 언급하며, 현재를 경기 침체와 물가 상승이 결합된 ‘스태그플레이션’의 초입 단계로 규정했다. 현 상황에 대해 박 의원은 경제성장률은 떨어지고 물가는 오르는 스태그플레이션 초기 단계라고 지적했다. 그는 ""새 정부 출범 이후 제일 부담스러운 지표는 환율""이라며 ""지난해 7월 소비쿠폰 13조원 살포 후 광의통화(M2)가 많아지니까 우리 돈의 가치가 떨어진 것""이라고 밝혔다. 박 의원은 ""이런 때 추경을 집행하면 총수요가 늘어나면서 GDP(국내총생산)는 조금 늘겠지만 물가 상승을 가져와서 민생은 더 어려울 수 있다""고 비판했다. 그는 재정 지출 대신 감세와 규제 완화를 통해 기업의 총공급을 늘리는 것이 물가 안정과 성장이라는 두 마리 토끼를 잡는 길이라고 역설했다. 김민석 총리는 ""유동성 문제도 분명히 환율과 관련된 하나의 요인이고 간과할 문제는 아니다""라면서도 ""그것만을 주요인으로 삼기는 어렵다""고 답했다. 지금이 스태그플레이션의 전조가 아니냐는 질의에 대해 김 총리는 ""중동이라는 외생 변수에 의한 급격한, 일시적인 변동으로 보는 것이 타당하다""며 ""단적으로 얘기해서 윤석열 정부 말기에 비해서 이재명 정부가 들어서서 한국 경제가 왕창 더 망할 이유가 없었지 않냐""고 반문했다. 10일 본회의 처리 목표···증·감액 협상 돌입 추경의 부작용에 대한 우려에도 불구하고, 국민의힘은 고유가로 인한 서민 경제의 고통을 완화하기 위해 오는 10일 국회 본회의 처리에 합의했다. 이에 오는 7일부터 9일까지 사흘간 국회 예산결산특별위원회에서 본격적인 증·감액 협상이 진행된다. 이번 추경안 심사는 정부의 석유 최고가격제 실시에 따른 정유사 손실 보전과 화물차 운영 소상공인 및 운수업자 등에 대한 집중 지원에 초점이 맞춰질 전망이다. 미-이란 종전 분수령 한편, 극심한 긴장 상태인 중동 정세는 외교적 해법의 분수령을 맞이했다. 로이터 통신 등에 따르면 파키스탄과 이집트 등 중재국은 미국과 이란에 '2단계 종전 계획'을 전달했다. 중재안은 즉각적인 휴전과 호르무즈 해협 재개방을 1단계로 하고, 이후 15~20일 내 포괄적인 종전 합의를 도출하는 2단계 접근법을 골자로 한다. 중재안에는 단순 휴전을 넘어선 핵심 교환 조건도 포함된 것으로 알려졌다. '이슬라마바드 협정'으로 불리는 이번 합의안에는 이란이 핵무기 개발을 영구히 포기하는 대신, 미국이 경제 제재를 완화하고 동결 자산을 해제하는 내용이 담겼다. 해당 협상은 파키스탄 군 총사령관 아심 무니르 원수가 주도한 것으로 전해졌다. 무니르 원수는 JD 밴스 미국 부통령, 스티브 윗코프 중동 특사, 아바스 아라그치 이란 외무장관과 연쇄 접촉을 이어가며 합의문을 조율했다. 양측의 유일한 소통 창구 역할을 한 파키스탄은 전자 방식의 양해각서(MOU) 체결을 통해 신속하게 합의를 매듭짓겠다는 구상이다. ☞국회 대정부질문= 본회의 회기 중 기간을 정하여 국정 전반 또는 국정의 특정분야를 대상으로 정부에 대하여 질문하는 것을 말한다. '대정부 질문제도'는 제정헌법과 제정국회법에서 '국회의 국무위원출석요구권'과 '국무위원의 출석·답변의무'(헌62, 국121)를 규정함으로써 도입됐다. ☞M2 = 시장에 풀려 있는 통화량을 나타내는 지표로 현금과 예금통장 등의 돈을 모두 포함하는 개념. M2가 증가하면 시중 유동성이 늘어나면서 화폐 가치가 하락해 물가 상승과 환율 상승을 초래할 수 있다는 것이 통상적인 경제학 이론이다. 여성경제신문 서은정 기자 sej@seoulmedia.co.kr *여성경제신문 기사는 기자 혹은 외부 필자가 작성 후 AI를 이용해 교정교열하고 문장을 다듬었음을 밝힙니다. 기사에 포함된 이미지 중 AI로 생성한 이미지는 사진 캡션에 밝혀두었습니다.",womaneconomy.co.kr,https://www.womaneconomy.co.kr/news/articleView.html?idxno=252121,"Tue, 07 Apr 2026 05:34:00 +0900"
총공급,국내,"與 ""추경 확대""… 野 ""스태그플레이션 우려""","이어 해법으로 감세와 규제완화로 기업 투자를 유도해 총공급을 늘려야 GDP 확대와 물가 하락으로 이어진다고 제시했다. 이에 김민석 국무총리는 ""유동성 확대가 간과할 문제는 아니지만 그것만을 환율 상승의 주된...","국회, 경제 분야 대정부질문 김민석 국무총리(왼쪽)가 6일 국회에서 열린 경제 분야 대정부 질문에서 더불어민주당 이언주 의원의 질문에 답하고 있다. 연합뉴스 더불어민주당과 정부는 6일 국회 심사 중인 추가경정예산(추경)안을 확대하겠다는 방침을 밝혔다. 국민의힘은 추경이 '스태그플레이션(경기침체 속 물가 상승)'을 부추길 수 있다는 우려를 표명했다. 여야는 이날 국회 본회의 경제 분야 대정부질문에서 추경에 대한 논쟁을 펼쳤다. 민주당은 미국·이스라엘과 이란 간 전쟁으로 인한 유가 급등과 공급망 위기에 대응키 위해 추경을 확대해야 한다는 데 정부와 의견을 같이했다. 오기형 의원은 추경에 대해 ""선제적으로 과감하게 대응해야 한다""면서 석유화학기업 대상 나프타 수입단가 상승분 차액보전율을 50%에서 80%로 확대, 차액보전 대상을 기초유분과 중간제품까지 확대, 태양광 베란다 사업 중앙정부 부담 비율을 25%에서 대폭 확대 등을 제안했다. 이에 박홍근 기획예산처 장관은 중동 사태 충격으로 경제성장률 하락 전망이 나오는 가운데, 추경이 집행되면 0.2%p 오르는 효과가 있다며 동조했다. 김정관 산업통상부 장관도 ""중동 사태가 애초 생각보다 악화되고 있어 추경 확대에 필요성에 공감하고 있다""고 답했다. 특히 김성환 기후에너지환경부 장관은 태양광에 대한 중앙 정부 지원에 대해 ""재정자립도를 고려해 수도권과 지방에 차이를 두자""며 ""(또) 입법으로 넓은 공장은 신축 때부터 태양광 설치를 의무화하는 방안도 검토할 것""이라고 적극 의견을 개진했다. 반면 박수영 국민의힘 의원은 현재 경제 상황을 스태그플레이션 초입이라고 진단하며 추경 집행이 이를 더 부추길 수 있다고 우려했다. 박 의원은 중동 사태 이후 최근 환율이 장중 1536원까지 치솟은 점을 짚으며 ""경제성장률은 떨어지고 물가는 오르는 스태그플레이션 초기 단계이고, 지난해 7월 소비쿠폰 13조원 살포도 한 요인""이라면서 ""이런 때 추경을 집행하면 총수요가 늘어나면서 GDP(국내총생산)는 조금 늘겠지만 물가 상승을 가져와서 민생은 더 어려워질 수 있다""고 지적했다. 이어 해법으로 감세와 규제완화로 기업 투자를 유도해 총공급을 늘려야 GDP 확대와 물가 하락으로 이어진다고 제시했다. 이에 김민석 국무총리는 ""유동성 확대가 간과할 문제는 아니지만 그것만을 환율 상승의 주된 요인이라고 보기는 어렵다""며 ""중동 사태 전에 물가가 유지되면서 성장률이 오르고 있었다는 점에서 외생변수에 의한 일시적 변동으로 보는 것이 타당하다""고 반박했다. 국민의힘은 추경의 부작용을 우려하면서도 고유가 부담 완화를 위해 10일 국회 본회의 처리에 합의한 상태다.",n.news.naver.com,https://n.news.naver.com/mnews/article/014/0005503345?sid=100,"Mon, 06 Apr 2026 18:22:00 +0900"
실질 금리,국내,"KB금융, '산업안전 구축 지원사업' 50개 중소기업에 33억 지원","적용하여 실질적인 사고 예방 효과가 확인되는 기업과 산업현장에 지원이 집중될 수 있을 것으로 기대된다.... 중동 사태로 물류비 상승과 계약 지연 등 어려움을 겪는 기업을 대상으로 특별 금리우대, 보증료 지원·감면...",AP경제 전체 금융 Markets IT·전자 Autos·Battery Aerospace·Defense 건설·부동산 게임·엔터 제약·바이오 유통·생활경제 에너지 산업·재계 정책·거버넌스 ESG경영 AP광고평론 전체 AP Award 일반기업 광고평론 금융·증권 광고평론 공기업·기타 광고평론 AD·PR·MEDIA 전체 스타마케팅 AD동향 PR동향 미디어동향 OTT미디어 해외광고 엔터 & 문화 전체 K-culture AP스페셜 전체 Opinion Audience Insight MZ세대의 눈 전체 MZ경제의 눈 전체기사 닫기,apnews.kr,https://www.apnews.kr/news/articleView.html?idxno=3047743,"Sun, 12 Apr 2026 13:00:00 +0900"
실질 금리,국내,"KB국민은행, 중진공과 중동 피해기업에 6조원 '핀셋' 지원","지원 대상은 정책자금 이용기업이며 KB국민은행은 이들 기업에 특별 금리우대를 제공한다. 또 '특별출연... KB국민은행 관계자는 ""이번 생산적금융 우대 프로그램이 중동 사태로 피해를 입은 기업들에게 실질적인...","[포인트데일리 조혜승 기자] KB국민은행은 오는 13일부터 중소벤처기업진흥공단과 함께 6조원 규모 생산적금융 활성화를 위한 '중진공 정책자금 이용기업 우대 프로그램'을 운영한다고 12일 밝혔다. 이번 프로그램은 KB금융그룹의 'KB국민행복 성장 프로젝트' 일환이다. 지난해 양 기관이 체결한 업무협약에 따라 마련됐다. 지원 대상은 정책자금 이용기업이며 KB국민은행은 이들 기업에 특별 금리우대를 제공한다. 또 '특별출연 협약보증 대상 기업'은 3년간 보증비율 100%가 적용되고 최대 0.3%포인트(p)의 보증료 감면 혜택을 받는다. '보증료 지원 협약보증 대상 기업'은 2년간 연 1.0%p씩, 총 2%p의 보증료 지원을 받을 수 있다. 특히 KB국민은행은 중동 사태로 물류비 상승과 계약 지연 등 어려움을 겪는 기업을 대상으로 신속한 금융지원을 확대해 자금난 해소를 돕는다. 아울러 지역 단위 협업을 통해 중소벤처기업의 금융 수요를 충족시키고 지역 균형 발전에도 기여할 계획이다. KB국민은행 관계자는 ""이번 생산적금융 우대 프로그램이 중동 사태로 피해를 입은 기업들에게 실질적인 도움이 되길 바란다""며 ""앞으로도 생산적금융 지원을 지속 확대해 기업의 경영 안정과 경쟁력 강화를 적극 지원하겠다""고 말했다. 「열린보도원칙」 당 매체는 독자와 취재원 등 뉴스이용자의 권리 보장을 위해 반론이나 정정보도, 추후보도를 요청할 수 있는 창구를 열어두고 있음을 알려드립니다.고충처리인 : 최영운 02-852-8445 thekpm@thekpm.com",pointdaily.co.kr,https://www.pointdaily.co.kr/news/articleView.html?idxno=300776,"Sun, 12 Apr 2026 12:58:00 +0900"
유동성 함정,국내,개미도 기업도 '투자 피신'… 단기 예금 45개월 만 최대,반면 일각에선 돈은 넘치지만 돌지 않는 이른바 '유동성 함정'의 초기 신호로 분석했다. 시중 자금이 생산적인 투자처를 찾지 못하고 은행에 머물 경우 경기 회복 속도 역시 더뎌질 수 있다는 우려다. 특히 자금이...,"불확실성 커지면서 은행으로 '머니 무브' 안전대기 장기화땐 '자금 동맥경화' 우려 미국과 이란 간 군사적 긴장이 길어지자 국내 기업과 개인 자금이 빠르게 은행으로 몰리고 있다. 기업은 일단 유동성 확보에 집중하고 있다. 개인 투자자 역시 변동성을 피해 '현금 대기'에 나서면서 단기예금인 5대 은행(KB국민·신한·하나·우리·NH농협)의 요구불예금(MMDA 포함) 잔액이 700조원 문턱까지 불었다. 5일 금융권에 따르면 지난 3월 말 기준 5대 은행의 요구불예금 잔액은 699조9081억원으로 집계됐다. 전달(684조8604억원)보다 15조477억원 증가한 수치다. 699조원대 잔액은 지난 2022년 6월(725조6808억원) 이후 약 45개월 만에 최대 수준이다. 당시에는 2021년까지 뜨겁게 달아올랐던 주식, 부동산, 코인 시장이 2022년 들어 급격히 얼어붙으면서 투자자가 대거 은행으로 돈을 피신시켰다. 코로나19 사태 동안 시중에 풀린 돈 자체가 역사적으로 가장 많았던 시기였다. 지난 1월 요구불예금은 22조4705억원 빠졌다가 2월 들어 33조3225억원이나 급증했다. 두 달 새 약 50조원 가까운 자금이 은행으로 유입됐다. 시장에 풀린 유동성이 다시 은행으로 회귀하는 흐름이 뚜렷해졌다는 분석이 나온다. 요구불예금은 금리가 사실상 0%대에 머무는 대표적인 투자 대기성 자금이다. 이 같은 급증은 금융소비자들이 낮은 이자를 감수하면서도 당장 투자에 나서기보다는 자금을 손에 쥐고 시장 상황을 지켜보겠다는 의미로 해석된다. 최근 미국과 이란 간 군사적 긴장이 장기화하면서 글로벌 금융시장의 변동성이 확대된 점이 요구불예금의 급증 배경으로 꼽힌다. 증시와 원자재 가격이 급등락을 반복하고 환율 불안까지 겹치자 기업들은 설비투자나 신규 투자 집행을 미루고 현금성 자산 비중을 늘리는 보수적 재무 전략에 나서고 있다. 언제든 인출이 가능한 요구불예금에 자금을 쌓아두며 '피신 모드'에 들어간 것이다. 한 시중은행 관계자는 ""최근 기업 고객들의 자금은 투자보다는 대기성 자금으로 들어오는 비중이 확연히 늘었다""며 ""당장의 수익보다 유동성 확보를 우선시하는 분위기""라고 전했다. 개인 투자자 역시 주식·가상자산 등 위험자산에서 일부 자금을 회수해 언제든 인출이 가능한 요구불예금으로 옮기며 '관망 모드'에 들어간 모습이다. 고금리 기조 장기화로 경기 둔화 우려가 커진 점도 영향을 미쳤다. 실물경기 불확실성이 커질수록 기업은 유동성 확보를 우선시하고 가계 역시 소비와 투자를 줄이며 현금 보유를 확대하는 경향이 강해진다. 금융권에서는 이 같은 흐름이 단기적인 안전자산 선호를 넘어 향후 투자 기회를 노린 대기성 자금 성격이 강한 만큼, 시장 불확실성이 해소될 경우 다시 증시나 부동산 등으로 이동할 가능성이 크다고 내다봤다. 반면 일각에선 돈은 넘치지만 돌지 않는 이른바 '유동성 함정'의 초기 신호로 분석했다. 시중 자금이 생산적인 투자처를 찾지 못하고 은행에 머물 경우 경기 회복 속도 역시 더뎌질 수 있다는 우려다. 특히 자금이 금융권 내부에만 머물고 실물경제로 흘러가지 않을 경우 고용과 설비투자 감소로 연결될 가능성도 있다. 권의종 금융시장연구원 연구위원은 ""전쟁 리스크로 인해 시중 자금이 생산적인 투자처 대신 은행의 안전 대기실에 갇혀버린 형국이다""며 ""이러한 유동성 편중 현상은 자산 가치 하락에 대비한 고육지책이나, 장기화할 경우 실물 경제의 선순환을 가로막는 '자금 동맥경화'를 초래할 수 있다""고 우려했다. 주형연 기자 jhy@dt.co.kr 제미나이가 그린 일러스트.",n.news.naver.com,https://n.news.naver.com/mnews/article/029/0003019970?sid=101,"Sun, 05 Apr 2026 14:58:00 +0900"
유동성 함정,주식,"비트코인, 중동 전쟁 2개월 돌입...주말 대폭락 '적신호'",가상자산 분석 기업 QCP 캐피털(QCP Capital)은 거래량이 줄어드는 주말 동안 작은 매도 물량에도 가격이 크게 요동칠 수 있는 유동성 함정을 주의해야 한다고 분석했다. 이미 지난 24시간 동안 시장 전체에서 2억 달러가 넘는...,"시작페이지로 l 즐겨찾기 l RSS l 편집 2026.04.12 [13:30] 전체기사 l 로그인 l 회원가입 l KOR 전체기사 Breaking news Headline News Today Crypto & Blockchain Money & Stock English Special ▲ 비트코인(BTC) 가격 하락 비트코인(Bitcoin, BTC)이 중동 전쟁 발발 한 달을 맞아 극심한 지정학적 위기와 유동성 부족이 겹치며 이번 주말 가격 변동성이 극에 달할 수 있다는 강력한 경고가 나왔다. 3월 28일(현지시간) 암호화폐 전문 매체 크립토포테이토에 따르면, 비트코인은 미국과 이스라엘, 이란 사이의 군사적 충돌이 장기화되면서 투자자들의 위험 회피 심리가 확산되어 가격 하방 압력을 강하게 받고 있다. 특히 이란 혁명수비대의 추가 보복 공격 예고와 이에 대응하는 미국의 군사적 움직임이 긴장감을 고조시키며 가상자산 시장의 불확실성을 키우는 중이다. 전쟁이 두 번째 달로 접어드는 시점과 맞물려 시장은 이례적인 변동성을 준비하고 있다. 가상자산 분석 기업 QCP 캐피털(QCP Capital)은 거래량이 줄어드는 주말 동안 작은 매도 물량에도 가격이 크게 요동칠 수 있는 유동성 함정을 주의해야 한다고 분석했다. 이미 지난 24시간 동안 시장 전체에서 2억 달러가 넘는 강제 청산이 발생했으며 대다수가 가격 상승에 베팅한 롱 포지션 물량인 것으로 확인되었다. 비트코인 가격이 6만 6,000달러 지지선을 시험하는 상황에서 유동성이 낮은 주말은 대규모 가격 변동이 일어나기에 최적의 환경이다. 분석가들은 현재의 시장 상황이 과거의 급락장 직전 모습과 흡사하다며 투자자들에게 신중한 대응을 주문하고 있다. 가상자산 데이터 분석 기업 샌티먼트(Santiment)는 개인 투자자들 사이에서 비관론이 확산되고 있지만 오히려 고래 투자자들은 공포를 틈타 매집에 나서고 있다고 진단했다. 하지만 전쟁의 향방이 불투명하고 거시 경제적 불확실성이 해소되지 않은 상태에서 섣부른 저가 매수는 위험할 수 있다는 관측이 지배적이다. 비트코인이 단기적인 하락 추세를 멈추기 위해서는 우선 6만 8,000달러 저항선을 확실하게 돌파하여 안착해야 한다. 만약 주말 동안 지정학적 리스크가 폭발하며 6만 4,000달러 선이 무너질 경우 시장은 더 깊은 조정 국면에 진입하며 투자 심리가 완전히 얼어붙을 수 있다. 현재 시장은 전쟁의 전개 상황을 실시간으로 반영하며 어느 때보다 민감하게 반응하고 있다. 가상자산 시장 참여자들은 이번 주말 발생하는 가격 변동을 향후 분기 시장의 방향성을 결정지을 중대한 신호로 받아들이고 있다. 기관 투자자들의 자금 유입이 주춤한 가운데 개인들의 투심 악화와 지정학적 위기가 맞물리며 비트코인은 다시 한번 거대한 시험대에 올랐다. 주말 사이 전개될 중동 정세와 글로벌 유동성 변화가 비트코인의 운명을 가를 최대 변수로 작용할 전망이다. *면책 조항: 이 기사는 투자 참고용으로 이를 근거로 한 투자 손실에 대해 책임을 지지 않습니다. 해당 내용은 정보 제공의 목적으로만 해석되어야 합니다.*",coinreaders.com,http://coinreaders.com/227340,"Sat, 28 Mar 2026 23:32:00 +0900"
경상수지,국내,"전쟁에도 끄떡없는 K반도체… 한은 ""확장기, 최소 내년 상반기까진 지속...","한편, 한은은 지난 10일 발표한 ‘경제상황 평가’를 통해 올해 경상수지 흑자 규모가 지난 2월 전망치인 1700억달러를 상회할 것으로 예상된다고 밝혔다. 유가 급등에도 슈퍼 사이클에 올라탄 우리 기업들의 반도체...","한은, 글로벌 반도체 경기 확장세 지속 가능성 점검 중동전쟁·금리 불안에도 AI 데이터센터 투자 멈추지 않아 공급 부족 이어지며 메모리 호황 당분간 유지될 전망 빅테크 수익성 검증·중국 추격 등 변수 주시 필요 [이데일리 장영은 기자] 최근 중동 전쟁 등 글로벌 불확실성이 커지고 있음에도 우리 경제의 ‘버팀목’인 반도체 수출 호황이 내년 상반기까지는 무난히 이어질 것이라는 분석이 나왔다. 글로벌 반도체 경기는 인공지능(AI) 인프라 투자 열풍에 힘입어 역대 최장 기간의 확장세를 이어가고 있다. (사진= AFP) 고사양·범용 반도체 모두 부족…시장 선점 경쟁 치열 한국은행은 12일 ‘글로벌 반도체 경기 확장세 지속가능성 점검’ 보고서에서 공급 제약이 지속되는 점을 고려할 때 수요 증가에 따른 반도체 확장기가 적어도 내년 상반기까지는 이어질 것으로 전망했다. 전 세계 경기에 부정적인 영향을 주고 있는 중동 전쟁도 현 단계에서는 반도체 경기에 미치는 영향이 제한적이라는 분석이다. 이번 반도체 호황의 핵심 동력은 단연 AI 관련 투자 확대다. 구글, 아마존, 메타 등 글로벌 빅테크 기업들이 AI 주도권을 잡기 위해 데이터센터 투자를 공격적으로 늘리고 있다. 특히 AI 가속기에 필수적인 고대역폭메모리(HBM)는 물론 일반 범용 D램 수요까지 함께 폭발하고 있다. 수요가 공급을 앞지르는 수급 불균형 상태가 과거보다 더 길게 유지되는 이유가 여기에 있다. 기술적 난이도가 높은 HBM 생산에 공정이 집중되면서 일반 D램 공급까지 타이트해지는 현상이 나타나고 있는 것이다. (자료= 한국은행) 일각에서 우려하는 중동 전쟁의 여파에 대해 한은측은 반도체 경기에 미치는 영향은 제한적이라고 평가했다. 유가와 금리가 오르는 등 대외 여건이 나빠지더라도, 빅테크 기업들은 현재 수익성보다 시장 선점이 더 시급한 과제이기 때문이다. 오히려 이번 중동 전쟁에서 AI 기술이 적극적으로 활용되면서 새로운 수요가 창출되고 있다는 분석도 나온다. 각국이 자체 AI 데이터를 관리하기 위한 ‘소버린(Sovereign) 데이터센터’ 구축 필요성을 느끼면서다. 브롬이나 헬륨 같은 주요 반도체 소재 역시 수개월 분의 재고가 확보돼 있어 당장의 생산 차질 가능성은 낮은 것으로 파악됐다. (자료= 한국은행) 내년 상반기 이후는 ‘수익성’이 관건 한은은 이른바 ‘슈퍼 사이클’로 불리는 현재의 반도체 경기 확장세가 적어도 내년 상반기까지는 지속될 것으로 내다봤다. 다만, 그 이후의 흐름에 대해서는 몇 가지 변수를 지적하며 ‘유동적’이라는 신중한 입장을 보였다. 향후 반도체 경기를 좌우할 핵심 요인으로는 △AI 투자의 수익성 검증 △빅테크의 자금 여력 △기술 효율성 △공급 증설 속도 △중국의 추격 등 5가지를 꼽았다. 빅테크 재무 건전성 악화나 AI 기술 효율화가 빠르게 진행될 경우 경기 전환이 앞당겨질 수 있다. 또 중국 메모리 기업은 현재 국내 기업 대비 기술이 4년 뒤처져 있지만, D램 공급 증가 속도는 국내 기업의 3배 이상 빠를 전망이다. 한은 관계자는 “우리 수출은 메모리 산업의 독보적 경쟁력을 바탕으로 AI 패러다임 전환의 수혜를 크게 받고 있다”며 “향후 로봇이나 자율주행 등 ‘피지컬 AI’ 분야로 활용이 확대될 경우 반도체 수요가 예상보다 더 오래 지속될 가능성도 있다”고 덧붙였다. 한편, 한은은 지난 10일 발표한 ‘경제상황 평가’를 통해 올해 경상수지 흑자 규모가 지난 2월 전망치인 1700억달러를 상회할 것으로 예상된다고 밝혔다. 유가 급등에도 슈퍼 사이클에 올라탄 우리 기업들의 반도체 수출이 크게 증가하면서 흑자 규모가 늘어날 것이란 전망이다. (자료= 한국은행)",n.news.naver.com,https://n.news.naver.com/mnews/article/018/0006255475?sid=101,"Sun, 12 Apr 2026 12:02:00 +0900"
경상수지,국내,"[이선영의 나이스샷] 트럼프와 전쟁, 그리고 노스텔지어",에너지 수입 의존도가 절대적인 한국 경제에는 경상수지 악화와 제조 기업의 채산성 저하라는 구조적 악재로도 이어질 수 있다. 에너지 공급망 균열의 여파는 골목 경제 전반으로 확산되고 있다. 나프타 등 석유화학...,"기원전 218년 한니발 바르카 장군이 코끼리 부대를 몰아 눈 덮인 알프스 절벽을 오른 이유는 단 하나였다. 1차 포에니 전쟁 패배로 비참하게 꺾였던 카르타고의 자존심, 그 찬란했던 과거의 영광을 로마의 심장부에서 되찾겠다는 처절한 집념이었다. 알프스 만년설조차 막지 못한 것은 한니발의 전략적 치밀함만이 아니었다. 그것은 과거 영광을 향한 맹목적인 ‘노스텔지어’였다. 역사는 반복된다. 오늘날 도널드 트럼프 대통령의 미국 우선주의(MAGA)도 노스텔지어를 동력 삼아 글로벌 질서의 재편을 가속하고 있다. 특히 이란을 향한 이번 강경 노선은 군사적 긴장을 초래하는 것만이 아니라 글로벌 가치사슬(GVC)에 직접적인 하방 압력을 가하고 있다. 미국 중심의 영광을 복구하려는 정치적 행보가 결국 현대 경제의 복잡한 상호의존성을 압박하는 형국이다. 이러한 노스텔지어 정치가 이란을 정조준하는 논리 구조는 크게 두 갈래로 나뉜다. 우선 미국 관점에서 이란은 미국이 압도적 영향력을 행사하던 1970년대 이전의 중동 질서를 무너뜨린 주체이자 재건해야 할 위대한 미국의 권위를 자극하는 역사적 트라우마에 가깝다. 또 미국이 세계 원유 물동량의 20%가 통과하는 호르무즈 해협을 압박하는 것은 이란이라는 지정학적 리스크를 배제하여 중동 내 미국 중심의 새 질서를 세우겠다는 의지의 표현으로 읽힌다. 호르무즈 해협이 이란 원유가 세계로 나가는 핵심 통로라는 점도 작용한다. 문제는 이 과정에서 발생하는 유가 급등과 물류 마비라는 부수적 피해를 한국을 포함한 수출 주도형 국가들이 고스란히 떠안는다는 데 있다. 실물 경제 지표는 이미 심리적 저지선을 상회했다. 최근 며칠 사이 국제 유가는 요동치고 있다. 일시적으로 배럴당 90달러 중반대를 오르내리며 100달러 선을 위협하고 있다. 국내 휘발유 가격 역시 리터당 2000원대 안팎을 유지하며 가계 경제에 실질적 압박을 가하기 시작했다. 에너지 수입 의존도가 절대적인 한국 경제에는 경상수지 악화와 제조 기업의 채산성 저하라는 구조적 악재로도 이어질 수 있다. 에너지 공급망 균열의 여파는 골목 경제 전반으로 확산되고 있다. 나프타 등 석유화학 원료의 수급 차질로 인해 최근 약국의 비닐 약봉지 공급이 불안정해졌고, 지자체별 종량제 쓰레기봉투의 제작 단가 급등으로 인해 일부 지자체와 유통 현장에서는 공급난 우려가 커지고 있다. 심지어 의료 업계에선 주사기와 수액 포장재 등 플라스틱 소재 소모품의 수급 불안 가능성마저 제기된다. 수천 년 전 알프스를 넘던 코끼리의 발 구름 소리는 이제 최첨단 무인기와 정밀 타격 미사일의 기동음으로 대체됐다. 기술은 진보했으나 자국 이익을 위해 타국을 배제하는 전쟁의 본질은 알프스를 넘던 시대와 궤를 같이한다. 문제의 본질은 전쟁 그 자체보다 정치적 노스텔지어가 초래한 경제적 불확실성을 한국 산업이 얼마나 빨리 비용·물류·생활 인프라 리스크로 번역해 대응하느냐에 있다. 이제 우리 정부와 기업은 △ 석유화학 원료의 대체 조달선 확보 △ 중동발 해상운송·보험 리스크 대응 △ 수출 제조업의 원가 충격 완충 장치 마련 △ 생활·의료용 플라스틱 소모품 비축 체계 점검이라는 냉철한 대응 전략을 수립해야 한다. 산업부장 ? 나이스경제. All rights reserved.",niceeconomy.co.kr,http://www.niceeconomy.co.kr/news/articleView.html?idxno=89632,"Fri, 10 Apr 2026 16:34:00 +0900"
기저 효과,주식,SKT·KT 이탈 가입자 줍줍 LGU+ ‘1분기 나홀로 성장’,"여기에 유심 무상 교체와 이용자 보상안 마련 등 추가 비용이 발생했고, 지난해 비용 절감으로 실적이 높았던 기저 효과까지 겹치며 수익성 하락 폭이 커졌다는 분석이다. 김태현 IBK투자증권 연구원은...","디지털 신문보기 기후·에너지 금융 산업 생활경제 건설부동산 국제 정치·경제 오피니언 전국·사회 문화/스포츠 김윤호 김윤호기자 기사모음 SK텔레콤 영업이익 10.5%↓ KT 20.8%↓ 위약금 면제·가입자 감소 ‘해킹 피해 여진’ LGU+만 10.6%↑…이탈자 흡수 반사이익 ▲서울 시내 한 통신사 대리점에 통신사 로고가 붙어 있다. 연합뉴스. SK텔레콤, KT, LG유플러스 등 국내 이동통신 3사의 올해 1분기 실적이 해킹 후폭풍 속에 희비가 엇갈릴 전망이다. 지난해 발생한 대규모 보안 사고 여파로 SK텔레콤과 KT는 수익성이 둔화한 반면, 상대적으로 영향이 적었던 LG유플러스는 성장세를 이어가며 실적 격차가 뚜렷해지는 양상이다. 11일 금융정보업체 에프앤가이드에 따르면 SK텔레콤은 올 1분기 매출 4조4022억원, 영업이익 5080억원을 기록할 것으로 추산됐다. 전년 동기 대비 매출은 약 1.2%, 영업이익은 10.5% 감소할 전망이다. KT는 매출 6조8027억원, 영업이익 5455억원이 예상된다. 매출은 0.6% 줄고, 영업이익은 20.8% 감소할 것으로 보인다. 반면 LG유플러스는 통신 3사 중 유일하게 실적 개선이 기대된다. 1분기 매출은 3조8609억원, 영업이익은 2825억원으로 전년 동기 대비 각각 3%, 10.6% 증가할 것으로 전망된다. 통신 3사 실적을 가른 핵심 변수는 지난해 발생한 해킹 사고 여파다. SK텔레콤과 KT는 위약금 면제 조치 이후 가입자 이탈이 본격화되며 1분기 실적에도 부담으로 작용한 것으로 분석된다. SK텔레콤은 지난해 4월 약 2696만건의 고객 정보가 유출된 유심(USIM) 해킹 사태를 겪었다. 이후 7월 위약금 면제를 시행하면서 약 72만명 수준의 가입자가 이탈하며 무선 점유율 40% 선이 무너졌다. 이후 일부 가입자를 회복했지만 아직 이전 수준에는 미치지 못한 상태다. 과학기술정보통신부가 지난달 20일 발표한 올 1월 기준 '무선 통신서비스 통계 현황'에 따르면 SK텔레콤의 무선 점유율은 38.8%다. 여기에 유심 무상 교체와 이용자 보상안 마련 등 추가 비용이 발생했고, 지난해 비용 절감으로 실적이 높았던 기저 효과까지 겹치며 수익성 하락 폭이 커졌다는 분석이다. 김태현 IBK투자증권 연구원은 “SK텔레콤의 무선 가입자 수는 전년 동기 대비 약 50만명 감소한 상태로, 이에 따른 실적 감소는 불가피하다""고 말했다. KT 역시 보안 사고 여파에서 자유롭지 못했다. 지난해 9월 불법 소형기지국(팸토셀)을 통한 정보 유출 사고가 소액결제 피해로 이어지며 이용자 신뢰도에 타격을 입었다. 여기에 연초 위약금 면제 조치까지 더해지며 약 31만명의 가입자가 이탈했고, 이를 방어하기 위한 마케팅 비용 확대도 수익성에 부담으로 작용했다. 안재민 NH투자증권 연구원은 “KT는 정보유출 사건 이후 위약금 면제를 시행하면서 가입자 이탈이 발생했다""며 “2월 이후 순증으로 전환됐지만 1분기 전체 영향은 불가피하다""고 설명했다. 결과적으로 수혜를 본 곳은 SK텔레콤과 KT의 이용자를 흡수한 LG유플러스다. LG유플러스의 지난 1월 무선 가입자 수는 1105만1595명으로 전년 동기(1077만5791명) 대비 27만5804명 늘었다. 통신 3사 가운데 증가 폭이 가장 크다. 여기에 지난해 구조조정으로 인건비 등 비용 부담이 완화된 점도 실적 개선에 주효하게 작용할 거란 분석이 나온다. 김홍식 하나증권 연구원은 “LG유플러스는 이동전화 매출액 등이 큰 폭의 증가세를 나타낼 전망""이라며 “경쟁사 해킹 여파에 따른 반사 이익이 이번 분기에 두드러질 것으로 보인다""고 말했다. 이어 “지난해 일회성 비용이 많았던 탓에 올해는 높은 연결 영업이익 성장이 예상된다""고 덧붙였다. 결과적으로 보안 리스크 대응 여부가 통신사 간 실적 격차를 가르는 핵심 변수로 작용했다는 분석이다. 업계에서는 향후에도 보안 신뢰도와 가입자 기반 회복 속도가 실적 흐름을 좌우할 것으로 보고 있다. 김윤호 기자 kyh81@ekn.kr 실시간 Live “21시간 협상이 빈손”…美·이란 결렬에 글로벌 증시 휘청일까 [이슈+] 美·이란, 첫 종전 협상 결렬… 밴스 “합의 없이 미국으로 복귀” 美·이란, 마라톤협상 일단 종료…트럼프 “결과 내게 차이 없어” ‘휴전·반도체 실적’ 맞물려 반등…방향키는 ‘유가·환율’ [주간증시] 재개발 표류하던 관악 난곡…LH 소규모 정비 첫 공공단독시행 민주당 차지호 의원, 세계 최고 권위 ‘란셋’ 위원회 공동의장 선임 [기후 신호등] 호르무즈 사태, 인류의 석유중독을 드러내다 SKT·KT 이탈 가입자 줍줍 LGU+ ‘1분기 나홀로 성장’ 미국·이란, 중재국 파키스탄서 종전 협상 돌입 ‘사장님’ 밀어주는 은행권…소상공인 금융 달라진다 “21시간 협상이 빈손”…美·이란 결렬에 글로벌 증시 휘청일까 [이슈+] 미국·이란, 중재국 파키스탄서 종전 협상 돌입 美·이란, 마라톤협상 일단 종료…트럼프 “결과 내게 차이 없어” 美·이란, 첫 종전 협상 결렬… 밴스 “합의 없이 미국으로 복귀” [기후 신호등] 호르무즈 사태, 인류의 석유중독을 드러내다 4월 전국 아파트 입주전망지수 15개월 만에 최저치…당분간 먹구름 이어질 듯 SKT·KT 이탈 가입자 줍줍 LGU+ ‘1분기 나홀로 성장’ ‘사장님’ 밀어주는 은행권…소상공인 금융 달라진다 “외국인 손님 모시자”…은행권, 사랑방 만들고 외국인 특화 상품까지 교황 “하느님은 전쟁 축복 안 해”…美 트럼프 지적 Opinion 에너지·환경 칼럼 부존자원 없는 나라의 필수전략, 에너지절약 에너지·환경 칼럼 석유공급 위기가 몰고 올 에너지전환 정책의 방향은? 신연수 칼럼 브라보! K-반도체 이슈&인사이트 새로운 중앙아시아가 온다 데스크 칼럼 [데스크 칼럼] 한은 새수장 신현송, 위기 겹친 경제 속 역할 무겁다 기자의 눈 유통가 AI전환, 대체자 아닌 조력자 만들어야 Copyright ? 2020 에너지경제신문. All rights reserved.",ekn.kr,https://www.ekn.kr/web/view.php?key=20260411022266107,"Sat, 11 Apr 2026 21:26:00 +0900"
기저 효과,주식,"""LG유플러스, 1분기 영업익 2,791억원으로 실적 우위 전망"" -하나증권","김 연구원은 ""이는 경쟁사 해킹 여파에 따른 반사 이익과 더불어, SKT 영업정지 이후 이동전화 매출 증가 효과가 지속되고 있기 때문""이라며 ""2025년 1분기에 집중되었던 각종 행사 비용 기저 효과까지 더해지며 2026년...","하나증권은 10일 LG유플러스가 이동전화 및 IDC 매출 증가와 비용 효율화에 힘입어 1분기 통신 3사 중 가장 돋보이는 실적을 기록할 것으로 분석했다. 김홍식 하나증권 연구원은 ""LG유플러스는 오는 5월 7일 2026년 1분기 실적을 발표할 예정""이라며 ""1분기 연결 영업이익은 2,791억 원으로 전년 동기 대비 9%, 전 분기 대비 64% 증가하며 시장 컨센서스에 부합할 것으로 보인다""고 했다. 통신 3사 간 경쟁 심화로 마케팅 비용 증가가 예상됨에도 불구하고, 인건비가 전년 및 전 분기 대비 모두 감소하며 수익성을 방어했다는 평가다. 특히 이동전화 매출과 IDC(데이터센터) 매출이 전년 동기 대비 큰 폭의 증가세를 나타낼 전망이다. 김 연구원은 ""이는 경쟁사 해킹 여파에 따른 반사 이익과 더불어, SKT 영업정지 이후 이동전화 매출 증가 효과가 지속되고 있기 때문""이라며 ""2025년 1분기에 집중되었던 각종 행사 비용 기저 효과까지 더해지며 2026년 연간 두 자릿수 영업이익 성장에 대한 기대감이 높아지고 있다""고 분석했다. 김 연구원은 2분기 중 발표될 자사주 매입 및 소각 계획에 주목했다. 그는 ""LG유플러스는 지난해 대비 유의미하게 증가한 900억 원에서 1,000억 원 수준의 자사주 소각을 결정할 가능성이 높으며 이는 장기 주주환원 금액 증가에 대한 투자자들의 신뢰를 회복시키는 계기가 될 전망""이라고 설명했다. 김 연구원은 2026년 추정 주당배당금(DPS)을 700원 수준으로 예상하며, 현재 주가 수준에서 기대 배당수익률 매력이 충분하다고 분석했다. 글로벌 5G SA(단독모드) 도입 기대감 속에 배당수익률 3.5% 수준인 2만 원까지 주가 상승 여력이 충분하다는 판단이다. 그는 ""1분기 실적이 내용면에서 양호할 뿐만 아니라, 실적 개선이 DPS 성장으로 이어지는 선순환 구조가 확인될 것""이라며 ""자사주 소각을 통한 수급 개선 효과까지 고려하면 현재 주가는 저점 매수가 유효한 구간""이라고 평가했다. [비즈트리뷴=정유현 기자] 저작권자 ? 비즈트리뷴 무단전재 및 재배포 금지 정유현 기자 dasein414@biztribune.co.kr 다른기사 보기",biztribune.co.kr,http://www.biztribune.co.kr/news/articleView.html?idxno=352171,"Fri, 10 Apr 2026 08:44:00 +0900"
구축 효과,국내,가본 적 없는 길을 간다...‘부채 광풍’ 세계 경제 [스페셜리포트],전통적 의미의 구축효과는 정부 재정 지출 확대 → 국채 공급 증가 → 금리 상승 → 민간 투자 위축을 초래한다. 현재 글로벌 금융시장에서는 선진국 정부 차입 확대 → 무위험 자산(국채) 공급 증가 → 유동성 흡수...,"346조달러(51경원). 2025년 3분기 기준 글로벌 총부채다(국제금융협회·IIF). 2025년 들어 몸집을 불린 글로벌 부채만 26조4000억달러다. 매일 약 1000억달러(약 147조원) 빚이 세계 경제에 쌓였다는 의미다. 1000억달러는 불가리아, 에콰도르 GDP와 맞먹는다. ‘부채 광풍’이 세계 경제를 휩쓸고 있다. 고도 성장기 땐 가계·기업이 부채 증가를 주도했지만, 이젠 상황이 달라졌다. 2025년 들어 늘어난 세계 부채 대부분은 미국 등 선진국이 주도했다. 한국도 부채 증가 상위국에 이름을 올렸다. 작금의 ‘부채 광풍’을 예사롭지 않게 바라보는 이유는 차입 주체 때문이다. 민간이 아니라 정부가 세계 최대 차입자가 돼 부채 감축이 구조적으로 더 힘들어졌다고 전문가들은 입을 모은다. 가계·기업 부채는 위기를 겪으며 정리되지만, 정부 부채는 위기 때 더 늘어난다. 눈덩이 국가 부채는 중앙은행 통화정책에도 제약 요인으로 작용한다. 금리를 올려야 할 상황에서 막대한 정부 부채 탓에 긴축을 주저할 수 있다. 특히, 한국은 부채를 줄이기 더 힘들다는 지적이 많다. 가파른 고령화로 연금·의료 서비스 비용에 더 많은 나랏돈을 투입해야 해서다. 중장기적으로 한국 역시 재정적자 확대 → 국채 금리 급등 → 이자 부담 증가 → 재정 압박 악순환 고리에 빠져들 가능성을 배제하기 어렵게 됐다. 저성장으로 통화당국이 금리를 내리고 정부가 지속적으로 확장재정을 펼 경우 종국에는 물가가 말이 뛰는 식으로 급등하는 ‘캘로핑 인플레이션’을 맞닥뜨릴 수 있다고 전문가들은 지적한다. 악순환 고리 1 선진·신흥국 부채 빚으로 빚 갚는 개도국 늘어 국제금융협회(IIF)에 따르면, 2025년 3분기 기준 글로벌 총 부채는 약 346조달러로 사상 최고치를 경신했다. 이는 세계 GDP의 310%에 해당하는 규모다. 2022년 중반 이후 부채 절대 규모는 계속 늘고 있다. 이번 부채 증가는 완화적 통화정책과 확장재정이 맞물린 결과로 분석된다. 2025년 들어서만 세계 부채가 26조4000억달러 늘었는데, 대부분 선진국 정부 차입 때문이다. 특히 미국과 중국이 ‘부채 광풍’ 진원지다. 프랑스·이탈리아·브라질이 뒤를 이었다. 선진국 전체 미상환 부채는 230조6000억달러, 신흥국도 115조달러를 넘어 각각 사상 최고치를 기록했다. 러시아·한국·폴란드·멕시코 등도 부채 증가 상위국에 포함됐다. 기업 부채도 만만찮다. 보고서에 따르면, 비금융 기업 부채는 100조달러에 육박한다. 인공지능(AI) ·데이터센터·신재생에너지 등 미래 산업에 집중됐다. AI 낙관론이 기업 차입 구조를 바꾸고 있다는 평가다. 가계는 정반대 흐름을 보였다. 같은 기간 글로벌 가계부채는 64조달러로 늘었지만, GDP 대비 비율은 57%로 2015년 이후 최저다. 이는 건전성 개선이라기보다, 고물가·주거비·정책 불확실성 여파로 가계 차입 여력이 위축된 결과로 해석된다. 우려를 키우는 대목은 만기 위험이다. 2026년 한 해 동안 신흥국은 약 8조달러, 선진국은 16조달러 이상 채권·대출을 차환해야 한다. 경기 둔화나 금융 여건 악화가 겹칠 경우, 막대한 부채는 재정·정책 위험으로 급속도로 전이될 수 있다. 전망도 녹록지 않다. 2026년부터 미국·일본·독일·중국에서 대규모 재정 부양책이 줄줄이 예정돼 있다. 적자 재정이 구조화된 상황에서 정부 부채와 이자 비용이 추가로 늘어날 가능성이 높다. 선진국이 깔고 앉은 막대한 부채는 시차를 두고 개발도상국 부채에도 영향을 끼친다. 선진국이 경쟁적으로 확장 재정을 펼치자 시차를 두고 글로벌 유동성 ‘구축효과’로 이어진다고 전문가들은 지적한다. 전통적 의미의 구축효과는 정부 재정 지출 확대 → 국채 공급 증가 → 금리 상승 → 민간 투자 위축을 초래한다. 현재 글로벌 금융시장에서는 선진국 정부 차입 확대 → 무위험 자산(국채) 공급 증가 → 유동성 흡수 → 개발도상국 자금 조달 환경 악화로 나타난다는 진단이다. 글로벌 유동성 구축 효과는 금리 상승을 자극하므로, 시차를 두고 개발도상국 부채 부담을 더욱 키우는 악순환을 낳는다고 전문가들은 지적한다. 세계은행 ‘국제부채보고서 2025(International Debt Report 2025)’에 따르면, 저소득·중소득 국가(LIC·LMIC) 총대외부채는 약 9조달러 안팎으로 조사됐다. 부채 절대 규모는 전년 대비 큰 변화가 없었으나 원리금 상환 부담은 사상 최고 수준으로 확대됐다. 이들 국가 정부 부채가 천문학적인 수준으로 불어나 재정이 더 이상 성장 마중물이 아니라, 이자를 갚으려 국채를 찍는 수준으로 변질됐다고 보고서는 지적한다. 이를 보여주는 핵심 지표가 ‘순대출’(Net Transfers)이다. 이는 신규 차입에서 이자·원금·수수료를 제외한 자금 순유입을 뜻한다. 세계은행에 따르면, 아프리카 일부 국가를 포함한 저소득국(LIC) 순대출은 2022년 -48억달러에서 2024년 -121억달러로 악화일로를 걸었다. 이 수치가 마이너스면 차입국에서 해외로 빠져나가는 돈이 새로 들어오는 돈보다 많다는 의미다. 성장을 위해 부채를 조달하는 게 아니라 기존 부채 원리금을 갚으려 다시 빚을 내는 악순환 초입에 들어섰다는 진단이다. 구윤철 부총리 겸 기획재정부 장관이 12월 16일 정부세종청사 기재부 대회의실에서 열린 산업경쟁력강화 관계장관회의 겸 성장전략 TF 회의를 주재하고 있다. (연합뉴스) [배준희 기자 bae.junhee@mk.co.kr] [본 기사는 매경이코노미 제2341호 (2026.01.01~01.06일자) 기사입니다] [Copyright (c) 매경AX. All rights reserved. 무단 전재, 재배포 및 AI학습 이용 금지]",n.news.naver.com,https://n.news.naver.com/mnews/article/024/0000102568?sid=101,"Tue, 06 Jan 2026 07:50:00 +0900"
구축 효과,국제,프랑스 초유의 사태…'더는 안전하지 않다' 국민연금 어쩌나 [글로벌 머...,2026년 본예산이 확정될 때까지 정부 지출을 전년 수준으로 동결하고 최소한의 세금 징수 권한만 유지하는... 발행 금리까지 동반 상승하는 ‘구축 효과’가 발생해 민간 투자를 위축시킬 수 있다. ‘PIGS’의 오명을...,"이탈리아가 프랑스 넘었다…유럽 금융의 충격적 지각변동 이 기사는 국내 최대 해외 투자정보 플랫폼 한경 글로벌마켓 에 게재된 기사입니다. 세바스티앙 르코르뉘 프랑스 총리(가운데)가 지난 12월 23일 의회 정부 질의 시간 동안 다른 정치인의 연설을 듣고 있다. /EPA연합뉴스 최근 세계 금융의 핵심 지역 중 하나인 유로존의 채권 시장이 크게 흔들리고 있다. 1999년 유로화 출범 이후 금융 시장을 지배해 온 독일과 프랑스 등 핵심 국가와 남유럽의 주변국의 국가 신용 위계질서가 변화면서다. 이탈리아와 스페인은 뼈를 깎는 구조개혁으로 16년 만에 최고의 성적표를 받았다. 하지만 프랑스는 신용등급 강등의 수모를 겪었고 내년 예산안 합의에 실패했다. 엇갈린 프랑스와 이탈리아 국채 금리 30일 로이터통신과 트레이드웹에 따르면 지난 9월 18일 장중 프랑스 10년물 국채 금리와 이탈리아 10년물 국채 금리가 약 3.48%~3.56% 구간에서 만났다. 양국 국채의 금리 차이, 즉 스프레드가 ‘0bp(베이시스 포인트)’를 기록한 것이다. 보통 국채 금리는 그 나라의 부도 위험을 반영한다. 프랑스는 독일과 함께 ‘더블 A(AA)’ 이상의 초우량 신용등급을 유지해 온 유로존의 핵심 국가였다. 반면 이탈리아는 만성적인 재정 적자와 정치 불안으로 ‘트리플 B(BBB)’ 등급을 오갔다. 5년 전인 2020년 코로나19 팬데믹 당시만 해도 양국의 금리 차이는 최대 200bp(2%포인트)에 달했다. 그러나 시장은 프랑스의 정치적 마비 리스크와 이탈리아의 부채 리스크를 ‘동급’으로 평가하기 시작했다. 26년간 유지된 유로존의 신용 카르텔이 무너졌다는 평가도 나왔다. 지난 29일 기존 독일 국채 대비 프랑스 국채의 스프레드는 약 76~80bp 수준에서 굳어졌다. 이는 유로존 재정위기가 한창이던 2012년 이후 가장 높은 범위를 유지하고 있다. 프랑스 국채를 보유하는 것이 더 이상 안전하지 않다는 투자자의 생각이 시장 가격에 반영된 것이다. 반면 이탈리아와 스페인은 독일과 스프레드를 각각 69bp, 43bp 수준까지 좁히며 2008년 금융위기 이후 16~17년 만에 최저치를 기록했다. claude.ai 프랑스 경제를 벼랑 끝으로 내몬 계기는 내부의 정치적 문제였다는 분석이다. 최근 프랑스 의회는 정파 간의 극심한 대립 끝에 결국 2026년 본예산안 합의에 실패했다. 미셸 바르니에 전 총리 내각과 바이루 전 총리 내각 모두 불신임으로 붕괴했고, 급히 등판한 세바스티앙 르코르뉴 총리 내각마저 의회 과반 확보에 난항을 겪으면서 프랑스 제5공화국의 정치 시스템은 사실상 ‘뇌사 상태’에 빠졌다는 지적이다. 국가 기능의 마비라는 최악의 시나리오를 피하기 위해 프랑스 정부는 '긴급 예산 롤오버 법안'을 통과시켰다. 로이터에 따르면 이 조치는 프랑스 헌법 제47조 및 유기적 예산법 제45조에 근거한 것이다. 2026년 본예산이 확정될 때까지 정부 지출을 전년 수준으로 동결하고 최소한의 세금 징수 권한만 유지하는 것이 골자다. 이런 정치적 난맥상은 재정 성적표로 이어졌다. 올해 프랑스의 재정적자는 국내총생산(GDP) 대비 5.4%로 추산된다. 유로존 안정성장협약(SGP) 기준인 3%를 두 배 가까이 상회하는 수치다. 국제신용평가사 피치는 지난 9월 프랑스의 국가신용등급을 ‘AA-’에서 ‘A+’로 한 단계 강등했다. 프랑스가 주요 신용평가사로부터 ‘더블 A’ 지위를 박탈당한 것은 이번이 처음이다. 유럽 금융 시스템 '흔들' 프랑스 국채 위기는 단순히 정부가 부담해야 할 이자 비용이 늘어나는 것에 그치지 않는다. 유로존 금융 시스템의 혈관인 레포(Repo·환매조건부채권) 시장과 파생상품 시장의 담보 가치도 훼손할 수 있다. 프랑스 국채는 발행 잔액만 3조 4160억 유로에 달하는 유로존 최대의 단일 담보 자산이다. 독일 국채는 발행 물량이 적어 품귀 현상을 빚는다. 반면 프랑스 국채는 풍부한 유동성과 높은 신용도를 바탕으로 유럽의 은행과 보험사, 연기금들이 현금을 빌릴 때 가장 선호하는 담보로 쓰여왔다. 그러나 이 ‘최상급 담보’의 지위가 흔들리면서 금융권 전체에 유동성 경색 경보가 켜졌다. claude.ai 프랑스 산업계는 비상이 걸렸다. ‘예산 롤오버’ 사태로 정부 발주 사업이 전면 중단될 위기에 처했다. 프랑스 정부가 추진하던 친환경 에너지 전환 인프라 사업과 파리 광역 급행 철도만 확장 등 대형 국책 사업의 자금 집행이 무기한 지연될 가능성이 커졌다. 우크라이나 지원과 자체 국방력 강화를 위해 내년 국방비 대폭 증액을 계획했던 다소 항공, 탈레스 등 프랑스 방산 기업들은 예산 동결로 인한 ‘수주 절벽’에 직면할 수 있다. 프랑스 재무부 산하 국채관리청(AFT)에 따르면 올해 프랑스 정부가 시장에서 조달해야 할 자금 규모(순 발행+상환)는 3100억 유로에 달한다. 정치적 마비로 대규모 자금을 조달하는 금리가 급등할 경우, 프랑스 기업들의 회사채 발행 금리까지 동반 상승하는 ‘구축 효과’가 발생해 민간 투자를 위축시킬 수 있다. ‘PIGS’의 오명을 씻고 반면 이탈리아와 스페인 산업계는 부활했다. 2010년대 재정위기 당시 ‘PIGS(포르투갈·이탈리아·그리스·스페인)’로 조롱받던 이들 국가는 이제 유로존의 성장을 견인하는 우등생이 됐다는 분석이다. ‘프랑스 엑소더스’ 자금이 남유럽 국채와 자산으로 흘러 들어가면서 기업들의 조달 금리가 낮아지고 투자가 활성화되는 선순환이 나타나고 있다. 파이낸셜타임스(FT)에 따르면 스페인 중앙은행(BdE)은 올해 스페인 경제성장률 전망치를 2.9%로 상향 조정했다. 유로존 평균 성장률 전망치(약 0.8~1.0%)의 3배에 달하는 수치다. 국제통화기금(IMF) 역시 스페인이 2년 연속 주요 선진국 중 가장 높은 성장세를 보일 것으로 내다봤다. 관광 산업의 호조와 EU의 경제회복기금(NGEU)이 디지털·친환경 제조업에 집중적으로 투입되면서 스페인 기업들의 펀더멘털이 강화됐다. 국제신용평가사 S&P는 지난 9월 스페인의 신용등급을 ‘A+’로 상향 조정했다. 지난 26일 기준 스페인 국채 10년물 금리는 3.10% 수준에서 안정되면서 스페인 기업들은 프랑스 경쟁사보다 더 싼 이자로 자금을 빌려 설비를 증설하고 고용을 늘리고 있다. 이탈리아 역시 조르자 멜라니 총리의 안정적인 리더십 아래 재정 건전화에 속도를 내고 있다. 로이터에 이탈리아 상원은 찬성 113표 대 반대 70표로 2026년 예산안을 통과시켰다. 이 예산안은 재정적자 목표치를 2025년 3.0%에서 2026년 2.8%로 낮추는 내용을 담고 있다. 이는 프랑스의 2025년 적자 추정치(5.4%)와 대조되는 수치다. 만성 적자국이었던 이탈리아가 프랑스보다 더 건전한 재정 상태를 달성하게 됐다. claude.ai 미카엘 니자르 에드몽드 로칠드 자산운용 멀티에셋 책임자는 ""남유럽 국가들은 구조 개혁과 정치적 안정을 통해 투자자들의 신뢰를 되찾았다""며 ""반면 프랑스는 정치적 불확실성이 해소되지 않는 한 ‘준 주변국’ 취급을 면치 못할 것""이라고 평가했다. 최근 시장의 극단적인 ‘프랑스 매도-남유럽 매수’ 현상에 대한 반론도 있다. 일부 전문가들은 현재의 국채 금리 스프레드 축소가 남유럽의 펀더멘털 개선보다는 독일의 국채 발행 증가에 따른 이른바 ‘분모 효과’ 때문이라는 지적이다. 스프레드는 상대적인 값이다. 분모인 독일 국채 금리가 상승하면 스프레드는 자연스럽게 축소된다. 실제로 독일 정부는 최근 경기 부양을 위해 헌법상의 ‘부채 브레이크’ 규정을 완화하고, 5000억 유로 규모의 인프라 펀드를 조성하기로 합의했다. 독일 국채 발행 물량이 늘어날 것이라는 우려로 지난 4일 기준 독일 10년물 금리는 2.76%까지 상승했다. 제프리스의 모히트 쿠마르 수석 이코노미스트는 ""이탈리아 스프레드 축소의 상당 부분은 이탈리아가 잘해서가 아니라, 독일 금리가 올랐기 때문에 발생한 기술적 현상""이라며 ""독일 역시 예전만큼 압도적인 안전자산은 아니다""라고 분석했다. 남유럽 부채는 여전히 문제 남유럽의 구조적 부채 문제도 여전히 뇌관이라는 지적이다. 유럽연합(EU) 통계기관 유로스타트(Eurostat)에 따르면 지난 2분기 기준 정부 부채 비율은 이탈리아는 GDP 대비 138.3%로 여전히 유로존 내에서 그리스 다음으로 높다. 스페인 역시 103.4%로 100%를 상회한다. 프랑스(115.8%)보다 높은 부채 비율은 언제든 다시 재정 위기의 불씨가 될 수 있다. 알프레드 카머 MF 유럽국장은 ""EU에는 투자자들이 안심하고 보유할 만한 대형 안전자산이 충분치 않다""며 ""독일마저 재정 지출을 늘리는 상황에서 유로존 전체를 아우르는 안전자산의 부재가 금융 시스템의 취약성을 키우고 있다""고 지적했다. 최근 유로존 전체의 신용 등급이 ‘싱글 A’ 수준으로 하향 평준화됐다. 과거 ‘AAA(독일) - AA(프랑스) - BBB(이탈리아)’로 명확히 나뉘었던 차이가 사라졌다. 현재 대부분의 유럽 국가는 ‘A+’에서 ‘A-’ 사이의 중간 지대에서 만나는 구조로 재편됐다. claude.ai 로이터의 칼럼니스트 마이크 돌란은 ""유로존 GDP 가중 평균 신용등급이 이제 ‘높은 싱글 A’ 수준으로 수렴하고 있다""며 ""이는 유로존 전체가 ‘중위험 중수익’ 지역으로 변모했음을 의미하며, 글로벌 안전자산으로서 유로화의 매력을 떨어뜨리는 요인이 된다""고 진단했다. 유럽중앙은행(ECB)의 통화정책 셈법도 복잡해졌다. 프랑스 국채 금리가 계속 치솟을 경우 ECB가 2022년 도입한 ‘전달보호수단(TPI)’을 가동해야 할지 논란이 될 수 있다. TPI는 펀더멘털과 무관하게 금리가 급등하는 국가의 국채를 ECB가 매입해 주는 제도다. 하지만 프랑스의 위기는 ‘펀더멘털(재정 적자)’과 ‘정치’에서 비롯된 것이다. ECB가 개입할 명분이 약하다. 섣불리 개입했다간 '방만한 재정 운용을 중앙은행이 돈을 찍어 막아준다'는 비판이 나올 수도 있다. 유로존의 변화는 한국의 투자자와 정책 당국에도 영향을 미친다. 한국은 아시아에서 유로존 국채, 특히 프랑스 국채에 대한 노출이 높은 국가 중 하나다. 로이터에 따르면 프랑스 국채의 비거주자(외국인) 보유 비중은 약 50%에 달한다. 한국 국민연금과 한국투자공사 등 아시아계 자금이 상당수 포함돼 있다. 한국 기관투자자들은 전통적으로 독일 국채보다 금리는 높으면서도 부도 위험은 거의 없는 ‘가성비 좋은 안전자산’으로 프랑스 국채를 선호해왔다. claude.ai 그러나 프랑스 신용등급 강등과 가격 하락은 국내 기관들의 평가 손실로 이어질 수 있다. 특히 환 헤지 비용이 상승하는 상황에서 자산 가치까지 하락하면, 한국 기관들이 프랑스 채권을 매도하고 미 국채나 다른 자산으로 갈아타는 포트폴리오 재조정이 불가피하다는 분석이다. 국내 증권사들이 발행한 유로스탁스50(EuroStoxx50) 지수 연계 ELS(주가연계증권) 상품도 영향권이다. 프랑스 기업들은 유로스탁스50 지수에서 큰 비중(LVMH, 토탈에너지사, 사노피 등)을 차지한다. 프랑스 재정 위기가 실물 경제로 전이돼 프랑스 우량주들의 주가가 하락할 경우 국내 ELS 투자자들의 원금 손실 구간에 진입할 수 있다. [글로벌 머니 X파일은 중요하지만 잘 알려지지 않은 세계 돈의 흐름을 짚어드립니다. 필요한 글로벌 경제 뉴스를 편하게 보시려면 기자 페이지를 구독해 주세요]",n.news.naver.com,https://n.news.naver.com/mnews/article/015/0005230438?sid=104,"Tue, 30 Dec 2025 07:01:00 +0900"
스태그플레이션,주식,안전자산 귀환? 급락 후 반등한 금값…중동 휴전에 다시 ‘꿈틀’,최진영 대신증권 연구원도 “이란 전쟁이 종료되면 스태그플레이션(고물가 경기 침체) 우려가 후퇴하며 금의 헤지 수요가 다시 올라가 반등이 가능하다”고 내다봤다. 서울 종로구 삼성금거래소에서 직원이 골드바를...,"고유가·금리 인하 기대 후퇴에 흔들린 금값…지난달 급락 후 반등 흐름 중국 인민은행, 대거 금 매입 국제 금 가격이 다시 상승 흐름을 보이고 있다. 최근 종전 기대감이 반영되며 소폭 반등하고 있고, 금 시장의 최대 ‘큰 손’인 중국이 금 매입에 나서면서 향후 금값 상승 동력이 될 수 있다는 전망이 나온다. 서울시내 금은방에서 금 제품이 거래되고 있다. 뉴시스 12일 한국거래소에 따르면 KRX 금시장의 금 가격(99.99_1kg)은 전장보다 0.62% 오른 1g당 22만6700원에 지난주 거래를 마쳤다. 이는 지난달 23일, 도널드 트럼프 미국 대통령이 이란에 대해 최후통첩 시한을 하루 앞두고 7.87% 급락해 20만8530원까지 밀렸던 것 대비 낙폭을 회복한 모습이다. 다만 이란 전쟁 발발 직전인 지난 2월 27일 종가 23만9300원과 비교하면 여전히 5.27% 낮은 수준이다. 전쟁 초기에 안전자산으로 인식된 금 가격은 잠시 상승했지만 이후 이란의 호르무즈 해협이 봉쇄로 유가가 급등하면서 하락세로 돌아섰다. 유가 상승에 따른 인플레이션 우려와 달러 강세가 맞물리며 금리 상승 압력이 확대되자 금과 은 등 귀금속 가격이 급락한 것이다. 이날 금융정보업체 연합인포맥스에 따르면 시카고파생상품거래소그룹(CME) 산하금속선물거래소 코멕스(COMEX)에서 거래되는 6월 인도분 금 선물 가격은 9일 4,818.00달러로 전날 대비 0.85% 상승했다. 전문가들은 향후 전쟁이 마무리될 경우 금 가격이 다시 상승 흐름을 탈 것이라면서도 상승 강도에 대한 의견을 달리했다. 황병진 NH투자증권 연구원은 글로벌 자산 시장의 ‘긴축 발작’에도 전쟁 이후에는 귀금속 강세 사이클이 이어질 것이라고 판단했다. 그는 차기 연방준비제도(연준·Fed) 의장으로 지목된 케빈 워시가 통화정책 완화 기조를 유지할 것으로 보고 안전자산과 위험자산 구분 없는 ‘에브리씽 랠리’가 재현을 전망했다. 또 “2분기에는 3월 급락 이후 저가 매수세가 유입될 것”이라며 귀금속에 대한 ‘비중 확대’ 의견을 유지했다. 그러면서 원자재 투자 최선호 섹터로 귀금속을 제시하고 연내 금 가격을 온스당 4400∼6000달러 범위로 예상했다. 최진영 대신증권 연구원도 “이란 전쟁이 종료되면 스태그플레이션(고물가 경기 침체) 우려가 후퇴하며 금의 헤지 수요가 다시 올라가 반등이 가능하다”고 내다봤다. 서울 종로구 삼성금거래소에서 직원이 골드바를 정리하고 있다. 뉴시스 한편 중국 인민은행이 지속적으로 대거 금을 매입하고 있어 주목된다. 블룸버그 통신은 7일(현지시간) 인민은행이 지난 3월 금 보유량을 1년여 만에 최대 규모인 16만 온스(약 5t)를 추가로 늘려 17개월 연속 순매수를 기록했다고 보도했다. 인민은행은 세계 최대 금 매입 주체 중 한 곳이다. 이번 추가 매입은 최근 금값이 급락하는 상황에서도 금에 대한 중국의 정책적 신뢰가 유지되고 있다는 신호로도 읽힌다. 중국 관영 통신 중국신문사는 전문가를 인용해 글로벌 중앙은행들이 최근 1년여 동안 달러 자산 변동성과 지정학적 리스크에 대응하기 위해 금 비중을 확대하는 추세라고 전했다.",n.news.naver.com,https://n.news.naver.com/mnews/article/022/0004120117?sid=101,"Sun, 12 Apr 2026 10:42:00 +0900"
스태그플레이션,주식,"“휴전했다니 다시 금 사모아볼까”…폭락했던 금 시세, 반등 흐름",최진영 대신증권 연구원도 “이란 전쟁이 종료되면 스태그플레이션(고물가 경기 침체) 우려가 후퇴하며 금의 헤지 수요가 다시 올라가 반등이 가능하다”고 내다봤다. 다만 그는 케빈 워시의 정책 성향을 되레 상승...,"휴전 합의 뒤부터 금가격 상승세 전쟁 발발 전보다는 여전히 낮아 종전되면 ‘자산랠리’ 가능성도 서울 시내 한 금은방에서 직원이 골드바와 실버바를 정리하는 모습. [연합뉴스] 지난해 사상 최고치를 경신했던 국제 금 가격이 올해 중동전쟁 여파로 올해 조정을 겪은 가운데, 휴전 이후 다시 상승 흐름을 이어갈 수 있을지 주목된다. 12일 한국거래소에 따르면, 지난주 KRX 금시장의 금 가격(99.99_1kg)은 전장보다 0.62% 오른 1g당 22만6700원에 거래를 마쳤다. 지난달 23일 도널드 트럼프 미국 대통령이 이란에 대해 최후통첩 시한을 하루 앞두고 7.87% 급락하며 20만8530원까지 밀렸지만, 최근에는 낙폭을 회복한 것. 다만 이란 전쟁 발발 직전인 지난 2월 27일 종가 23만9300원과 비교하면 여전히 5.27% 낮은 수준이다. 전쟁 초기에 안전자산으로 인식된 금의 가격은 잠시 상승했지만, 이란의 호르무즈 해협이 봉쇄로 유가가 급등하면서 금리 상승 압력이 확대되자 금과 은 등 귀금속 가격이 급락했다. 금리 인상 기대가 커지면 이자를 지급하지 않는 자산인 금에 대한 투자심리는 위축된 것. 이후 미국과 이란이 휴전에 합의하며 달러 강세가 주춤하자 금값은 다시 반등했다. 전문가들은 향후 전쟁이 마무리될 경우 금 가격이 다시 상승 흐름을 탈 것이라면서도 상승 강도에 대한 의견을 달리했다. 황병진 NH투자증권 연구원은 글로벌 자산 시장의 ‘긴축 발작’에도 전쟁 이후에는 귀금속 강세 사이클이 이어질 것이라고 판단했다. 그는 차기 연방준비제도(연준·Fed) 의장으로 지목된 케빈 워시가 통화정책 완화 기조를 유지할 것으로 보고 안전자산과 위험자산 구분 없는 ‘에브리씽 랠리’가 재현을 전망했다. 최진영 대신증권 연구원도 “이란 전쟁이 종료되면 스태그플레이션(고물가 경기 침체) 우려가 후퇴하며 금의 헤지 수요가 다시 올라가 반등이 가능하다”고 내다봤다. 다만 그는 케빈 워시의 정책 성향을 되레 상승 제한 이유로 지목했다. 워시는 정책금리 인하에는 우호적이지만 양적완화(QE)에는 비판적인 입장을 보여왔다는 점에 주목한 것이다. 세계금협회(WGC)는 최근 보고서를 통해 이번 금 가격 하락은 금리나 인플레이션 등 거시 경제 변수보다는 현금 확보 수요에 따른 것이라고 진단했다.",n.news.naver.com,https://n.news.naver.com/mnews/article/009/0005664553?sid=101,"Sun, 12 Apr 2026 10:08:00 +0900"
자연 실업률,국제,"[트럼프 스톡커] 연내 금리 올릴 수도 있다는 연준, 가만 두려나","이에 따라 실업률은 올해부터 점진적으로 하락해 2028년에는 자연 실업률 아래로 내려갈 것으로 관측했다.... FOMC 여러 위원, 금리 인상 가능성까지 열어둬...뉴욕 증시, 상승분 곧장 반납 미국의 물가와 고용, 성장...","■윤경환 특파원의 트럼프 스톡커(Stocker) 연준, FOMC서...“고용은 안정, 물가는 높아” “소비·성장 견조...빅테크, AI 빚 감당 가능” 여러 위원들, 올 금리인상 가능성까지 열어둬 멤버 바뀌고도 분열...뉴욕 증시, 상승분 반납 워시 불확실성에 트럼프와 마찰 지속 불안도 올해 1년간 미국 연방준비제도(Fed·연준) 연방공개시장위원회(FOMC) 정례회의에서 금리 결정 관련 투표권을 행사하게 된 로리 로건 댈러스 연방준비은행(연은) 총재. 그녀는 비투표권자였던 지난해에도 10월과 12월 모두 연준이 금리를 동결했어야 했다고 주장한 대표적인 매파(통화긴축 선호) 인사다. 사진 제공=댈러스연은 미국 중앙은행인 연방준비제도(Fed·연준) 위원들이 올해에도 금리 경로에 대해 분열된 견해를 내비친 것으로 나타났다. 올 들어 연방공개시장위원회(FOMC) 회의 투표권자 12명 가운데 4명이 바뀌었음에도 지난달 27∼28일 기준금리 결정 때부터 통화정책 경로에 대한 이견은 쉽게 좁혀지지 않았다. 심지어 도널드 트럼프 미국 대통령이 연일 금리 인하를 압박하는 와중에 인상 가능성까지 염두에 둬야 한다는 의견도 나왔다. 월가에서는 1월 FOMC 회의 이후 케빈 워시 연준 의장 후보자 지명으로 금리 불확실성이 한층 더 커진 만큼 연준 내 의견 충돌이 앞으로 더 커질 수 있다고 전망하고 있다. 연준, 1월 FOMC 회의록 공개...“노동시장은 안정 조짐, 소비자물가는 다소 높아” 18일(현지 시간) 미국 연준이 공개한 지난달 27∼28일 FOMC 회의 의사록. 자료 제공=미 연준 18일(현지 시간) 연준은 홈페이지에 1월 27∼28일 FOMC 회의 의사록을 공개하고 참가자들이 3.50∼3.75%로 금리를 동결할 때 참고한 경제 지표들을 소개했다. 연준에 따르면 회의 기간 위원들은 시장이 올해 0.25%포인트 정책 금리 인하가 1~2회 이뤄질 것으로 기대한다는 조사 결과를 참고했다. 연준이 참고한 설문조사에 따르면 시장 참여자들은 올해 평균적으로 0.25%포인트 인하가 두 차례 있을 가능성을 높게 봤다. 민간에서는 올해에도 미국 기준금리가 다른 선진국보다 더 크게 내리면서 달러화의 평가절하 현상도 계속될 것으로 내다봤다. 단기 인플레이션 보상(채권 투자자들이 미래 물가 상승을 고려해 추가로 요구하는 금리 수준)은 예상보다 낮은 소비자물가지수(CPI) 수치와 전망을 밑돈 관세 비용의 소비자 전가 효과, 에너지 가격 하락 등으로 내려갔다. FOMC 위원들은 환매조건부채권(레포)으로 자금을 조달하는 국채 비중이 커지고 있는 점을 감안할 때 해당 시장의 안정성이 중요하다는 사실도 공유했다. 지난해 말 레포 금리가 눈에 띄게 상승했지만, 투자자들이 예상했던 것보다는 그 압력은 약했다. FOMC 위원들은 주식시장의 경우 거대 기술기업(빅테크)들이 최근 저조한 성과를 낸 점도 확인했다. 또 투자자들이 과대 평가된 주가와 대규모 자본지출(CAPEX)에 주목하는 점, 경기 민감 업종과 소형주가 좋은 성과를 거두는 점도 파악했다. 연준은 미국 경제 상황과 관련해서는 지난해 실질 국내총생산(GDP) 성장 속도가 2024년보다 약간 떨어졌다고 진단했다. 실질 GDP는 3분기에 견고한 상승세를 보였다가 4분기 연방정부 셧다운(일시적 업무정지) 사태로 1%포인트 정도 감소한 것으로 추산됐다. 실질 민간 국내 최종 구매(PDFP)도 4분기에 둔화됐으나, 실질 GDP보다는 그 폭이 현저하지 않았다. 노동시장은 점진적인 냉각 이후 안정될 조짐을 보였고, 소비자물가 상승률은 다소 높은 수준을 유지했다고 봤다. 12월 실업률은 4.4%로 9월 수치에서 변동이 없었다. 개인소비지출(PCE) 가격 지수의 12개월 변화로 측정한 11월 총 소비자물가 인플레이션은 2.8%로 2024년 11월의 2.6%보다 약간 높았다. 에너지와 식료품을 제외한 11월 근원 PCE 가격지수 상승률은 2.8%로 1년 전 3.0%보다 하락했다. 12월 기준 CPI의 12개월 변동률은 2.7%, 근원 CPI 상승률은 2.6%였다. 이는 모두 2024년 같은 기간보다 낮은 수치였다. CPI를 바탕으로 연준 직원들은 12월 총 PCE 물가 상승률을 2.9%로, 근원 PCE 물가 상승률은 3.0%로 추정했다. 특히 미국의 관세는 자동차, 알루미늄, 철강 관련 산업 분야에서 외국의 제조업에 계속 부담을 줬다고 봤다. 일부 신흥 아시아 경제국에서는 인공지능(AI) 열풍에 힘입은 첨단 기술 제품 수출이 급증했고, 중국에서는 미국 외 시장으로 수출이 활기를 띠었다. “소비와 성장 견조하지만 불확실성 커...AI 빚 늘어도 빅테크 감당 가능” 제롬 파월 미국 연준 의장이 지난 28일(현지 시간) 워싱턴DC 연준 청사에서 열린 올해 첫 연방공개시장위원회(FOMC) 정례회의에서 기자회견을 갖고 있다. AP연합뉴스 연준은 연초 베네수엘라, 이란, 그린란드 등 잇따른 지정학적 위기로 경색됐던 금융시장이 위험 선호도를 빠르게 회복했다고 봤다. 특히 단기 자금 조달 시장의 상황은 안정적이었는데, 지난해 12월 연준의 지급준비금 관리 구매(RMP) 도입과 재무부의 국채 상환이 시중 금리 상승 압력 완화에 기여했다고 짚었다. 12월 연준의 0.25%포인트 금리 인하 조치가 화폐 시장 금리에 빠르게 반영됐고, 재무부 일반 계정(TGA) 잔액 감소에 따라 유동성이 추가로 유입됐다. 국내 신용 시장에서는 기업, 가계, 지방자치단체의 차입 비용이 2023년 최고치보다 훨씬 낮았다. 회사채, 차입 대출, 상업용 부동산 담보 증권(CMBS)의 수익률도 회의 기간 동안 다소 하락했다. 30년 만기 고정 금리 우량 주택담보대출과 신규 자동차 대출 금리도 마찬가지로 내렸다. 회사채와 차입 대출의 12개월 평균 부도율은 11월과 12월 연달아 감소했다. 연준은 미국 금융의 취약성을 ‘주목할 만한(notable)’ 수준이라고 평가했다. 주가수익비율(PER)이 역사적으로 가장 높은 데다 기술기업에 대한 이익 성장 기대, 투자자들의 위험 선호도도 여전히 강하다는 이유에서다. 연준은 AI 투자 자금 조달로 앞으로 부채가 늘어날 가능성은 높지만, 기술기업 대다수가 이를 감당할 역량을 갖췄다고 봤다. 연준은 미국의 실질 GDP 성장률이 2028년까지 잠재 성장률을 앞지를 것으로 예상했다. 이에 따라 실업률은 올해부터 점진적으로 하락해 2028년에는 자연 실업률 아래로 내려갈 것으로 관측했다. 인플레이션 전망치는 수입 가격 상승으로 12월보다 올 1월에 약간 더 높아졌다. 그러면서 인플레이션에 대한 관세 인상의 영향은 올해 중반부터 약화될 것으로 예상했다. 연준은 지정학적 위험, 트럼프 행정부의 정책 변화, AI가 경제에 미치는 영향 등에 따른 불확실성은 계속 높아지고 있다고 평가했다. FOMC 위원들은 이 같은 경제 진단을 토대로 미국의 전체 인플레이션은 2022년 최고치에서 크게 완화됐으나, 장기 목표인 2%보다는 다소 높은 수준을 유지하고 있다고 지적했다. 참가자들은 주로 이 같은 높은 수치가 관세 인상의 영향에 따른 핵심 재화 가격의 상승에서 비롯됐다고 꼬집었다. 위원들은 주택 서비스 가격 완화로 디스인플레이션(물가 상승률 둔화) 압력이 커지고 있다면서도 인플레이션의 하락 속도와 시기는 여전히 불확실하다고 분석했다. 또 노동시장과 관련해서는 최근 몇 달간 실업률은 안정적이었으나 일자리는 여전히 많이 늘지 않았다고 진단했다. 거의 모든 회의 참가자가 해고도 적지만 채용도 적다는 사실에 주목했다. 그러면서 적절한 통화정책이 올해 노동시장을 개선할 가능성을 높게 평가하면서도 하방 위험이 여전히 존재한다고 우려했다. 경기에 덜 민감한 몇몇 분야에서만 일자리가 집중적으로 늘면서 전체 노동시장이 취약해졌을 수 있다는 판단에서다. FOMC 위원들은 소비 지출의 경우 가계자산의 증가로 견고한 상태를 유지하고 있다고 봤다. 무엇보다 고소득층의 소비는 강해지고 저소득층의 소비는 약화된 양극화 현상이 나타나고 있다고 짚었다. 연준은 올해 미국의 경제 성장은 전반적으로 견조할 것으로 예상했다. 몇몇 참가자들이 금융 안정성을 염두에 두고 AI 인프라 구축에 대한 자금 조달을 감시할 필요가 있다고 언급하기도 했다. FOMC 여러 위원, 금리 인상 가능성까지 열어둬...뉴욕 증시, 상승분 곧장 반납 연방기금금리 선물시장이 예상하는 3월 미국 기준금리 확률. 자료 제공=시카고상품거래소(CME) 미국의 물가와 고용, 성장, 소비에 대한 불확실성 인식이 갈리면서 FOMC 위원들의 금리 경로 의견도 사뭇 다른 방향을 가리켰다. 연준에 따르면 1월 FOMC 회의에서는 ‘거의 모든 참가자’가 금리 동결을 지지한 반면, ‘몇몇 참가자’는 인하를 선호했다. 몇몇 참가자는 트럼프 대통령의 측근인 스티븐 마이런 연준 이사와 당시만 해도 차기 의장 후보였던 크리스토퍼 월러 이사였다. 두 사람은 “지속적인 인플레이션 상승 위험보다 노동시장의 하방 위험이 더 중요한 정책 문제로 보인다”고 주장했다. ‘여러 참가자들’은 인플레이션이 기대 수준에 맞춰 하락할 경우 기준금리를 추가로 조정하는 게 적절하다고 말했다. ‘일부 참가자들’은 FOMC가 데이터를 신중히 평가할 때까지 금리를 일정 기간 유지하는 것이 낫다고 밝혔고, 이들 가운데 다수는 디스인플레이션이 정상 궤도에 올랐다는 명확한 신호가 있을 때까지 추가 금리 인하는 필요하지 않을 수 있다고 판단했다. 심지어 ‘여러 참석자들’은 인플레이션이 목표 수준인 2%를 웃돌 경우 ‘금리 목표 범위 상향 조정’이 적절할 가능성을 반영해 앞으로의 금리 결정에 대한 “양방향적인 설명을 지지할 것”이라고도 밝혔다. 사실상 상황에 따라 금리 인하뿐 아니라 인상 가능성까지 열어두겠다는 의지를 시사한 셈이다. 연준에 따르면 ‘대다수 참가자들’은 최근 몇 달간 고용 하방 위험은 완화됐고, 지속적인 인플레이션 위험은 여전히 남아 있다고 인식했다. 아울러 ‘여러 참가자’는 통화정책 완화가 2% 인플레이션 목표에 대한 연준의 의지가 약해진 것으로 곡해돼 물가 상승을 더 고착시킬 수 있다고 경고했다. 노동시장 상황이 크게 악화될 위험을 더 강조하면서 인플레이션이 계속 하락할 것이라고 자신한 참가자들은 ‘일부’였다. 이는 지난달 28일 FOMC 회의 직후 기자회견에서 제롬 파월 의장이 내놓은 발언과는 다소 결이 다른 내용이었다. 당시 파월 의장은 “다음번에도 금리 인상을 기본 전망으로 보는 사람은 아무도 없다”고 강조했다. FOMC는 파월 의장, 필립 제퍼슨 부의장, 미셸 보먼 부의장(금융감독 담당), 마이클 바 이사, 크리스토퍼 월러 이사, 리사 쿡 이사, 마이런 이사 등 연준 당연직 이사 7명에 지역 연방준비은행(연은) 총재 12명을 합쳐 총 19명으로 구성된다. 투표권은 연준 이사 7명과 연은 총재 5명이 행사한다. 올해부터는 로리 로건 댈러스연은 총재, 베스 해맥 클리블랜드연은 총재, 닐 카시카리 미니애폴리스연은 총재, 애나 폴슨 필라델피아연은 총재 등 4명이 새 투표권자로 합류했다. 올해 8번의 FOMC 회의 가운데 다음 일정은 3월 17∼18일로 예정돼 있다. 연준 내에서 트럼프 대통령이 혐오하는 금리 인상 언급까지 나오자 주식시장도 영향을 받았다. 이날 저가매수 유입으로 강세로 출발했던 다우존스30산업평균지수, 스탠더드앤드푸어스(S&P)500지수, 나스닥종합지수는 연준의 의사록 공개 이후 상승분을 상당 폭 내줬다. 시카고상품거래소(CME) 페드워치에 따르면 18일 연방기금금리 선물시장은 연준이 3월 FOMC 회의에서 금리를 동결할 확률을 94.0%로 반영했다. 이는 전날 92.6%보다 1.4%포인트 더 올라간 수치다. 0.25%포인트 인하 확률은 7.4%에서 6.0%로 하락했다. 멤버 바뀌었지만 케빈 워시 지명 전부터 또 분열...금리 불안 더 증폭 케빈 워시 연준 의장 후보자. 로이터연합뉴스 금융시장이 이번 FOMC 의사록에 예민하게 반응한 것은 회의 당시는 워시 후보자 지명 전임에도 연준 내 통화정책 이견 폭이 예상보다 컸기 때문이다. 일반적으로 월가는 FOMC 회의의 금리 결정 결과를 이미 아는 상태에서 3주 뒤에 의사록을 확인하기에 이를 주가 변동의 요인으로 받아들이지는 않는다. 문제는 지난달 30일 워시 후보자 지명을 계기로 금리 정책에 대한 월가의 현 불안감이 그 어느 때보다 크다는 점이다. 월가는 ‘매파(통화긴축 선호)’로 분류되던 워시 후보자가 트럼프 대통령의 금리 인하 임무를 받아들인 상황 자체를 금리 경로 불확실성으로 해석하고 있다. 월가는 워시 후보자가 트럼프 대통령에게 보답한다는 차원에서 6월 첫 FOMC 회의 때부터 금리를 내리려 할 것으로 예상하면서도 올해 인하폭이 백악관이 원하는 1%포인트 이상까지 확대되기는 어려울 것으로 전망하고 있다. 워시 후보자의 성향상 금리를 내리면서도 연준이 지난해 12월 종료한 양적긴축(QT·대차대조표 축소)을 재개해 단기 인플레이션을 관리하려 할 수도 있다는 관측도 있다. 워시 후보자의 복안을 두고 추측만 무성한 가운데 금리 인상 카드까지 고려하는 연준 인사가 적지 않다는 소식은 투자 불확실성을 더 키우는 정보일 수밖에 없다. 워시 후보자와 막판까지 차기 연준 의장 자리를 두고 경합했던 케빈 해싯 백악관 국가경제위원회(NEC) 위원장은 18일 CNBC에서 관세 인상분의 약 90%가 미국 수입업체와 소비자에게 전가됐다는 뉴욕연은의 보고서를 노골적으로 공격하기도 했다. 해싯 위원장은 “경제학 1학기 수업에서도 받아들여지지 않을 분석에 기반한 매우 당파적인, 연준 역사상 최악의 논문”이라며 “이 논문과 관련된 사람들은 아마 징계를 받아야 할 것”이라고 주장했다. 해싯 위원장은 “관세 부담을 누가 지는지 궁금하다면 공급·수요 곡선을 떠올려야 한다”며 “그들은 기본적으로 가격 변화만 보고, 수량은 전혀 움직이지 않는다고 가정했다”고 지적했다. 앞서 뉴욕연은은 지난 12일 연구 보고서를 공개하고 지난해 1~8월 관세 부담의 94%가 미국 수입업자의 몫이었다고 결론 내렸다. 이 비중은 9~10월 92%로 낮아진 뒤 11월 86%로 더 떨어졌다. 메리 아미티 뉴욕연은 리서치·통계그룹 노동·생산성 국장은 “지난해 첫 8개월 동안 관세 부담의 94%를 미국 수입업자가 부담했다는 결과는 10% 관세가 외국 기업의 수출 가격을 단지 0.6%포인트 하락시켰다는 점을 의미한다”며 “미국 기업들과 소비자들이 높은 관세로 인한 경제적 부담 대부분을 계속해서 지고 있다”고 강조했다. FOMC가 올해 새 투표권자들을 수혈하고도 첫 회의 때부터 의견 분열을 보인 점을 확인한 이상 당분간 시장의 통화정책 완화 기대는 쉽게 커지지 못할 것으로 보인다. 더욱이 워시 후보자의 방향성이 아직 불분명하다는 점, 연준 내에서 금리 인상 가능성까지 거론된 점 등은 위험자산 시장에 계속 부담이 될 수밖에 없다. 파월 의장이 오는 5월 의장직에서 물러난 뒤에도 연준과 트럼프 대통령 간 갈등이 계속될 수 있음을 배제할 수 없다는 뜻이다. ※ ‘트럼프 스톡커(Stocker)’는 도널드 트럼프 대통령 시대에 투자에 도움이 될 만한 미국의 시장·기업·정책·정치·외교 관련 현장 이야기와 현안 분석을 전달하는 코너입니다. 구독하시면 유익한 미국 소식을 받아보실 수 있습니다.",n.news.naver.com,https://n.news.naver.com/mnews/article/011/0004591418?sid=104,"Thu, 19 Feb 2026 17:09:00 +0900"
자연 실업률,국내,"""월급보다 조회수""...너도 나도 '인플루언서 지망생'된 이유","청년 고용 환경 역시 녹록지 않다. 한국경제연구원이 경제협력개발기구(OECD) 자료를 바탕으로 분석한 결과, 한국의 청년실업률은 전체 실업률의 2.82배로 OECD 평균(2.08배)을 크게 웃돌며 5위를 기록했다. 이처럼 안정적인...","수정 2026-04-09 17:12 입력 2026-04-09 16:55 카카오톡 페이스북 엑스 URL공유 가장작게 작게 기본 크게 가장크게 (게티이미지뱅크) 소셜미디어가 단순한 취미를 넘어 '수익 창출 플랫폼'으로 인식되면서 MZ세대를 중심으로 인플루언서를 지향하는 흐름이 빠르게 확산되고 있다. 9일 기준 인스타그램에서 '인플루언서' 관련 해시태그 게시물은 수십만 건을 웃돌며 플랫폼 내 주요 키워드로 자리 잡았다. 과거 특정 연예인이나 유명인의 전유물이었던 ‘인플루언서’라는 호칭이 이제는 일반인에게도 하나의 ‘현실적인 직업 선택지’로 인식되고 있음을 보여주는 대목이다. 이 같은 변화의 배경에는 불안정한 노동시장이 자리하고 있다. 국가데이터처 국가통계포털(KOSIS)에 따르면 지난해 8월 기준 20·30대 임금근로자 811만 명 가운데 비정규직은 257만 명으로, 비중은 31.7%에 달했다. 이는 2004년 이후 21년 만에 가장 높은 수준이다. 청년 고용 환경 역시 녹록지 않다. 한국경제연구원이 경제협력개발기구(OECD) 자료를 바탕으로 분석한 결과, 한국의 청년실업률은 전체 실업률의 2.82배로 OECD 평균(2.08배)을 크게 웃돌며 5위를 기록했다. 이처럼 안정적인 일자리를 기대하기 어려운 환경 속에서 고정적인 월급만으로는 미래를 설계하기 어렵다는 인식이 확산되면서 추가 소득을 확보하려는 움직임이 자연스럽게 SNS로 향하고 있다. 특히 초기 진입 장벽이 낮고 개인의 콘텐츠 역량만으로도 수익 창출이 가능하다는 점에서 인플루언서와 크리에이터는 '현실적인 생존 전략'으로 인식되고 있다. 직업에 대한 인식도 변화하고 있다. 최근 초등학생 대상 장래희망 조사에서 '유튜버'가 3위를 차지하며 크리에이터는 더 이상 특별한 직업이 아닌 '현실적인 진로'로 자리 잡았다. SNS 환경 변화 역시 인플루언서 지망생 증가를 부추기는 요인이다. 과거에는 구독자 수가 많아야 수익 창출이 가능했지만, 최근에는 조회수 기반 수익 모델이 확산되면서 진입 장벽이 낮아졌다. 특히 엑스(X)는 일정 조회수를 충족하면 2주 단위로 수익을 지급하는 구조를 도입하며, 팔로워 수가 많지 않아도 수익 창출이 가능한 환경을 마련했다. 이 과정에서 '블루레이디'로 불리는 여성 사용자 집단도 등장했다. 이들은 엑스 프리미엄 계정을 기반으로 경제, 취업, 투자 정보를 공유하며 수익을 창출한다. 약 2000~3000명 규모로 추정되는 이들은 정보성 콘텐츠뿐 아니라 일상 경험과 고민을 나누는 과정에서도 높은 조회수를 기록하며 수익화에 성공하고 있다. 다만 이러한 흐름 뒤에는 인플루언서 수익에 대한 과도한 기대도 자리한다. 최근 '얼짱시대' 출신 쇼핑몰 대표 홍영기가 '10분 만에 1억 원 매출'과 같은 성과를 공개하면서, SNS에서는 단기간에 큰 수익을 올릴 수 있다는 인식이 확산되고 있다. 이 같은 성공 사례가 반복적으로 노출되며 실제보다 수익성이 과장되는 경향도 나타난다. 관련 뉴스 정지윤 기자의 주요 뉴스 자세히보기 주요 뉴스 많이 본 뉴스 최신 영상 사회 최신 뉴스 뉴스발전소 한 컷 마켓 뉴스 오늘의 상승종목 실시간 암호화폐 시세 (주)이투데이 (제호 : 이투데이) ㅣ 서울시 강남구 강남대로 556 이투데이빌딩 ㅣ ☎ 02) 799-2600 등록번호 : 서울아00197 ㅣ 등록일자 : 2006.04.27 ㅣ 발행일자 : 2006.04.27 ㅣ 발행인 : 김상우 ㅣ 편집인 : 이종재 ㅣ 청소년보호책임자 : 이초희 이투데이의 모든 콘텐츠(기사)는 저작권법의 보호를 받으며, 무단전재 및 수집, 복사, 재배포, AI학습 이용 등을 금지합니다. Copyright 2006. 이투데이. All rights reserved. ㅣ 보도자료 및 기사제보 press@etoday.co.kr 이투데이 임직원은 모두의 의견을 모아 언론 윤리강령, 기자윤리강령, 임직원 윤리강령 및 실천규정을 제정, 준수하고 있습니다. 한국기자협회와 한국신문방송편집인협회, 한국신문윤리위원회 윤리강령 및 실천요강도 준수합니다. 이투데이 독자편집위원회는 독자의 권익보호를 위해 정정?반론 보도를 신속하고 효율적으로 처리하고 있음을 알려드립니다.",etoday.co.kr,https://www.etoday.co.kr/news/view/2574423,"Thu, 09 Apr 2026 16:56:00 +0900"
구매력 평가설,국내,“고환율 주요 원인은 한미 관세 협상…올해 1500원 넘을 수도”,"“환율의 장기 변화를 설명하는 대표 이론이 ‘상대적 구매력 평가설(PPP·Purchasing Power Parity)’인데, 이 이론에 따르면 두 나라의 통화가치 변동은 ‘통화량 증가율’과 ‘경제성장률’에 의해 결정된다. 먼저 통화량...","[기획 | 어쩌다…뉴노멀이 된 고환율 시대] 석병훈 이화여대 경제학과 교수 ● 관세 협상으로 미국은 경기부양, 한국은 성장 감소 효과 ● 근본 원인 ‘높은 통화량 증가율’과 ‘낮은 경제성장률’ ● 국제 정세 불확실성 높아져… 환율 1500원 돌파 가능성↑ ● 미국에 투자해야하는 기업이 달러 풀까… ● 환율 낮추는 법? ①생산성 제고 ②자본 투입 확대 ③규제 개혁 ● 주 52시간제 탄력 적용, 법인세 인하, AI 규제 철폐… ● 개인은 포트폴리오 다각화, 내수기업은 원자재 조기 확보 ● 국가 역할 어느 때보다 중요, 개혁 흔들림 없이 추진해야 석병훈 이화여대 경제학과 교수가 ‘신동아’와 인터뷰하고 있다. 박해윤 기자 원·달러 환율을 향한 시장의 우려가 깊어지고 있다. 최근 1년 사이 원·달러 환율은 1997년 외환위기 당시(1990원대)에는 못 미치지만 2008년 글로벌 금융위기 당시(1590원대)를 떠올리게 했다. 추이를 살펴보면, 2025년 1월 1470원대로 고점을 찍은 원·달러 환율은 6월 최저 1350원까지 하락한 후 12월엔 다시 1480원대로 치솟았다. 당시 1500원선을 넘길 것이란 위기감이 팽배하자 외환 당국이 지난해 12월 24일 전격 시장에 개입했고, 결국 환율은 올해 1월 1일 1444원까지 떨어졌다. 그러나 1월 중순 환율은 다시 상승세로 돌아서며 1470원대까지 올라 긴장감이 고조되고 있다. 불과 5년 전까지 1100원대였던 원·달러 환율이 어쩌다 1500원을 바라보는 처지에 놓였을까. 학계와 금융권의 의견이 분분한 가운데 최근 젊은 거시경제학자로서 다수 언론의 주목을 받는 석병훈(49) 이화여대 경제학과 교수에게 원인을 물었다. 그는 서울대 경제학부 졸업 후 2006년 미국 로체스터대에서 경제학 석·박사 학위를 취득하고, 오하이오 주립대에서 강의하다가 현재 이화여대 경제학과에서 후학을 양성하며 거시경제학·부동산경제학·국제경제학 분야를 연구하고 있다. △외환위기 이후 세수 변동성 요인 △한국 주택정책의 장기 효과 △최저임금 인상의 거시경제 영향 등의 연구가 주목받았다. 이외 그는 IBK기업은행 사외이사, 아시아개발은행 컨설턴트, 한국은행 경제연구원 자문교수 등으로 기업 및 공공기관에서 활동하고 있다. 다음은 그와의 일문일답. 근본 원인 ‘높은 통화량 증가율’과 ‘낮은 경제성장률’ 1400원대 고환율 현상이 이어지는 구조적 원인은 무엇이라고 보는가. “환율의 장기 변화를 설명하는 대표 이론이 ‘상대적 구매력 평가설(PPP·Purchasing Power Parity)’인데, 이 이론에 따르면 두 나라의 통화가치 변동은 ‘통화량 증가율’과 ‘경제성장률’에 의해 결정된다. 먼저 통화량 측면에서 보면, 지난해 9월 기준 한국의 M2(광의통화) 증가율은 5.4%, 미국은 4.5%였다. 한국의 통화량이 더 빨리 늘어나 원화가 달러보다 많아졌다는 뜻이고, 그만큼 원화 가치가 떨어져 환율이 올랐다. 경제성장률도 한국(1.8% 내외)이 미국(2.0% 내외)보다 낮은 상황이다. 한국은행 전망에 따르면 2027년까지도 이런 격차가 이어질 걸로 예상된다. 성장률이 낮다는 건 국력, 즉 경제의 ‘기초 체력’이 상대적으로 떨어진다는 뜻이고, 이 역시 장기적으로 원·달러 환율 상승 요인이 된다.” 엔화나 유로화 같은 다른 주요 통화와 비교했을 때도 원화 약세가 두드러진 편인데. “최근 달러화 전체 지수(주요 6개국 통화 대비 달러 가치를 나타내는 달러인텍스)는 98~99 수준으로 거의 변동이 없는데, 원화만 유독 약세를 보였다. 이는 단순한 달러 강세가 아니라 원화 고유의 약세 요인이 작용한 탓이다. 구체적으로 한국 경제의 펀더멘털을 바꿔놓은 ‘특정 사건’ 때문인데, 바로 지난해 한미 관세 협상으로 결정된 국내 기업들의 대미 투자다. 민간이 트럼프 정부 임기 내 3년간 1500억 달러를, 정부도 10년간 매년 최대 200억 달러를 투자하기로 했다. 이는 한국의 주력산업 기반이 점차 한국에서 미국으로 옮겨가는 구조적 변화를 의미한다. 결국 미국은 경기부양 효과가, 반면 한국은 성장 감소 효과가 나타나게 된다. 이런 변화가 지난해 하반기 이후 원·달러 환율의 급등을 촉발한 핵심 요인이 된 셈이다.” 지난해 말, 정부는 고환율 원인으로 서학개미를 지목했다. 반면 정부의 ‘확대재정정책’ 탓에 통화량이 증가해 원화 가치가 떨어졌다고 보는 시각도 있다. 어느 쪽의 말이 맞는가. “원·달러 환율이 오른 이유를 개인 투자자, 이른바 ‘서학개미’의 대미 투자 증가 탓으로 보는 건 사실과 다르다. 개미투자자들이 미국 주식에 자금을 옮기는 건 ‘원인’이 아니라 자연스러운 ‘결과’다. 고환율의 근본적 이유는 미국의 경제기초 체력이 한국보다 강하기 때문이다. 한국은행 전망에서도 2027년까지 미국의 경제성장률이 한국보다 높을 것으로 본다. 성장률이 높으면 기업 실적이 좋아지고, 주가도 빠르게 오른다. 그러니 합리적 투자자라면 당연히 한국보다 미국 주식에 투자하는 게 유리하다고 판단할 수밖에 없다.” 석 교수는 또 다른 요인으로 지목되고 있는 정부의 ‘확대재정정책’이 오히려 원·달러 환율 상승에 기여한 측면이 있다며 말을 이었다. “실제로 이런 확장 정책이 한국의 통화량 증가율을 높이는 역할을 한다. 정부가 민생지원금 등의 정책으로 재정을 풀면 가계의 저축이나 예금이 늘어 M2에 반영된다. ‘상대적 구매력 평가설’에 따르면, 통화량이 미국보다 더 빨리 늘어나면 원화 가치가 떨어지고 원·달러 환율은 장기적으로 상승하는 것이다.” 현재 기준금리는 미국이 3.75%로 우리나라(2.5%)보다 높다. 올해 미국이 금리를 내리면 유동성이 확대되면서 우리나라에 외국인 투자가 늘어 환율이 내려갈 가능성도 있지 않은가. “환율을 결정하는 경제학 이론은 여러 가지가 있지만, 금리차로 환율을 설명하는 이론은 주로 단기적 환율 변동에 영향을 준다. 예를 들어 미국 연방준비위원회(연준)가 기준금리를 내리기 시작해 한미 금리차가 좁혀지면, 달러 약세와 함께 원·달러 환율이 일시적으로 하락할 수 있다. 하지만 장기적 환율 흐름을 결정하는 건 금리보다 경제의 기초체력, 즉 펀더멘털이다. 그 핵심 지표가 ‘통화량 증가율’과 ‘실질 경제성장률’이다. 한국의 통화량이 미국보다 더 빠르게 늘고 성장률은 낮은 상황이라면, 장기적으로 원·달러 환율은 상승할 수밖에 없다.” 국제 정세 불확실성 높아져, 환율 1500원 돌파 가능성도↑ 올해 우리나라 경제성장률은 1.8% 내외로 보이는데, 고환율 현상도 지속될까. “그렇다. 시장 참여자 역시 장기적으로 환율이 상승할 것으로 보고 있어 달러 보유 비중을 늘리는 움직임이 이어지고 있다. 이런 수요 자체가 환율 상승 압력을 꾸준히 만들어낸다. 게다가 연초 베네수엘라 사태 이후 국제 정세의 불확실성이 커졌다. 미·중 갈등, 중·일 관계 악화, 대만 문제 등 여러 지정학적 리스크가 얽히면서 안전자산인 달러 수요가 더 커지는 상황이다. 이런 흐름이 계속되면 상황에 따라 1500원 돌파 가능성도 배제하기 어렵다. 현재 외환 당국이 적극적으로 개입해 1500원대를 막고 있는 상황이다. 환율이 1400원대 중후반에서 안정되는 흐름이지만, 정부 개입이 약화한다면 추가 상승은 불가피하다.” 정부가 2025년 12월 24일 개입했는데 2주 만에 한 50원 정도 떨어졌다. 정부가 개입해도 이 정도밖에 떨어지지 않는다는 걸 시장 참여자들이 학습하게 된 셈 아닌가. “너무나 당연한 결과다. 정부의 외환시장 개입은 어디까지나 일시적 효과에 그친다. 경제이론상 현재 원·달러 환율은 장기적 상승 추세에 놓여 있다. 환율이 안정되려면 수출 기업이 벌어들인 달러를 원화로 환전해 시장에 공급해야 하지만, 지금은 그럴 유인이 거의 없다. 이유는 명확하다. 지난해 한미 관세 협상에 따라 주요 수출 기업인 반도체·자동차·조선 업종이 모두 향후 3년 안에 1500억 달러 규모의 대미 투자를 해야 하기 때문이다. 이 기업들이 수출로 벌어들인 달러를 굳이 환전했다가 다시 달러로 바꾸는 건 비효율적이기 때문에 시장 내 달러 공급 자체가 크게 줄었다. 정부가 기업들을 불러 ‘장기적 관점에서 투자와 환전 전략을 조정하라’고 당부하더라도, 기업 처지에서는 이윤 극대화 원칙을 포기하기 어렵다. 게다가 대미 투자 역시 ‘국익 차원’에서 결정한 일 아닌가. 여기에 달러 환전 부담까지 떠넘기면 기업에 대한 과도한 요구가 될 수밖에 없다.” 그러면 최소 트럼프 집권 3년간 환율은 이대로 간다고 봐야 하나. “그런 셈이다. 지금으로 봐서 미국은 인공지능(AI) 산업이 빠르게 성장하면서 성장률이 높을 가능성이 크다. 더군다나 한국과 일본 등 각국에서 투자를 유치했다. 그렇기 때문에 미국의 경제성장률은 당분간 우리보다 높을 가능성이 크다.” 외환 당국의 개입에도 불구하고 원·달러 환율이 다시 상승세를 보였다. 1월 13일 환율은 1472.9원으로 장중 1470원을 돌파했다. 사진은 이날 서울 중구 명동 환전소 전광판에 나오는 원·달러 환율 시세. 뉴스1 앞으로 고환율이 고착화한다면 물가, 주식, 경제성장률 등 한국의 경제 상황은 어떻게 갈 거라고 보는가. “지금 가장 걱정되는 부분은 ‘물가상승’이다. 한국은 에너지를 거의 전량 수입에 의존하고, 식량도 쌀을 제외하면 대부분을 해외에서 들여온다. 이런 구조에서 원·달러 환율이 고환율 상태로 고착되면, 수입 원자재나 식품 가격이 원화 기준으로 오를 수밖에 없다. 예를 들어 수입 소고기나 밀·옥수수 같은 곡물은 가격 상승이 바로 체감된다. 특히 곡물은 가축 사료로도 쓰이기 때문에, 사룟값이 오르면 국내 축산물 가격이 오르고, 이어 가공식품과 외식비까지 단계적으로 상승하게 된다. 물가가 오르면 한국은행이 금리를 낮추기가 어려워진다. 현재 한국 경제는 잠재성장률(약 2%)보다 낮은 1% 성장 전망이 나올 정도로 경기둔화 상태다. 원래라면 금리인하로 경기를 부양해야 하지만, 물가 부담 때문에 금리를 인하할 여지가 사라지는 상황이다. 이는 경기 회복을 지연시키는 요인으로 작용한다. 또 다른 문제는 외국인 투자자금의 이탈 위험이다. 환율이 더 오를 것으로 예상되면 외국인은 국내 주식에서 수익이 나더라도 원화 환전 시 환차 손실을 볼 수 있기 때문에 자금을 회수하려는 움직임이 생긴다. 실제로 이런 흐름이 강해지면 주가가 하락하고, 국내 투자자의 자산 가치가 감소하면서 소비심리가 위축된다. 결국 고환율은 물가 상승 → 금리 제약 → 외국인 자금 유출 → 소비 감소의 악순환으로 이어져, 경기침체를 장기화할 가능성이 크다.” 그러면 정부가 할 수 있는 일은 무엇이 있는가. “우리나라 외환보유액이 약 4000억 달러로 세계 10위권이지만, 그것을 모두 시장에 투입해도 환율을 인위적으로 끌어내릴 수는 없다. 외환시장 규모와 참여 자금력이 워낙 크기 때문이다. 따라서 단기적으로는 원·달러 환율의 급등·급락을 막아 변동 폭을 안정적으로 관리하는 것이 중요하다. 파생금융상품 거래가 많기 때문에 환율이 널뛰면 쏠림이 심해져 오히려 급등락을 부추길 수 있다. 이런 이유로 추세 자체를 바꾸는 건 불가능하다. 결국 중장기적으로는 한국 경제의 기초체력을 강화하는 것밖에 해법이 없다.” 환율 낮추는 법? ①생산성 제고 ②자본 투입 확대 ③규제 개혁 석 교수는 우리나라의 잠재성장률을 높이기 위한 해법으로 세 가지 영역에서 접근이 필요하다고 강조했다. “첫째로 노동 투입량과 생산성 제고다. 단순히 인력을 늘리는 게 아니라 생산성이 높은 인력이 더 많이 일하도록 하는 노동시장 유연화가 필요하다. 예를 들어 호봉제 대신 성과급제 확대, 주 52시간 근무제의 탄력적 적용 같은 제도개편이 요구된다. 반도체 R&D 인력이 ‘더 일하고 싶다’고 해도 주 52시간 제한 때문에 막히면 생산성이 떨어진다. 교육 투자도 중요하다. 특히 대학·고등 교육 강화, 그리고 인구절벽 시대에는 고학력 숙련 이민자 유입 정책이 불가피하다. 숙련 인력에게 비자 편의, 가족 동반, 주거·교육비 지원 등을 패키지로 제공해 장기 체류를 유도할 필요가 있다. 둘째, 자본 투입 확대다. 국내 투자를 늘리려면 기업이 투자할 유인을 만들어야 하는데, 작년 세제 개편으로 법인세 최고세율이 1%포인트 인상되면서 한국이 미국보다 법인세 부담이 더 커졌다. 이런 상황에서 대기업이 국내에 투자를 늘릴 수 있겠는가. 따라서 최소한 법인세율을 미국 연방세 수준으로 낮추고, 산업 간 규제를 완화해야 한다. 셋째, 총요소생산성 향상이다. 이는 같은 자원으로 얼마나 효율적으로 더 많은 가치를 생산하느냐의 문제다. 노동시장 경직성을 낮추고, 산업 간 칸막이를 없애는 규제 개혁이 핵심이다. 예를 들어 AI 기술을 의료·금융·제조업 등 다양한 산업에 걸쳐 적용할 수 있게 규제를 풀면, 이는 투자 확대와 생산성 향상을 동시에 가져올 수 있다.” 여한구 통상교섭본부장(왼쪽)과 김정관 산업통상부 장관이 지난해 11월 14일 서울 종로구 정부서울청사에서 한미 관세 협상 팩트시트 및 MOU 관련 브리핑을 하고 있다. 뉴스1 좋은 해법인데 이번 정부에서는 어렵지 않을까. “우려되는 부분이다. 여러 가지로 역주행하는 정책이 있다. 노란봉투법이라든지, 주 52시간제 해지 반대, 일괄적인 정년 연장, 고강도 상법개정안 등이 추진되는 한 노동시장 경직성을 낮추기 어렵다.” 최근 정부가 국민연금을 활용해 환율 관리에 적극 나선 것에 대해 어떻게 평가하나. “국민연금과 한국은행 간 통화스와프 연장, 국민연금의 전략적 환헤지(환율 변동으로 생기는 손해를 방지하기 위해 환율을 현재 수준으로 미리 고정하는 것) 비율 확대 등을 시행했다. 여기에 올해 새로 마련된 뉴 프레임워크(New Framework) 체계를 통해 한국은행·기획재정부·보건복지부·국민연금공단 등이 모두 참여해, 외환시장 안정과 연금 수익률을 동시에 고려하겠다고 한다. 하지만 이런 구조는 국민연금의 본래 목적(국민의 생활 안정과 복지증진)을 훼손할 위험이 크다. 원·달러 환율이 장기적으로 상승할 것으로 예상되는 상황에서 국민연금이 환헤지를 강화하거나 한국은행과 통화 스와프(거래 당사자 간 서로 다른 통화를 교환하고, 일정 기간 후 원금을 재교환하기로 약정하는 거래)으로 달러 보유를 제한받으면, 나중에 환차익을 얻을 기회가 사라져 장기 수익률이 떨어질 수 있다. 이는 결국 미래세대의 노후 자금을 희생시켜 단기 환율 안정을 꾀하는 셈이다.” 이어 그는 지난해 관세 협상에 따른 우리 정부의 대미 투자에도 미래 세대에 부담을 지우는, 비슷한 성격의 문제를 내포하고 있다고 지적했다. “문제는 대미 투자와 관련한 정부의 외화 조달 구조에서도 나타난다. 정부는 앞으로 10년간 매년 최대 200억 달러를 미국에 투자하겠다고 밝혔는데, 이 중 150억 달러는 외화 자산 운용 수익, 나머지 50억 달러는 외국환평형기금채권(달러 표시 채권) 발행으로 충당할 계획이다. 그러나 외화 자산 수익은 미국채 수익률 변동에 따라 달라지고, 향후 연준이 금리를 인하하면 국채 수익률이 떨어져 150억 달러 수익이 유지되기 어렵다. 이 경우 추가로 달러 조달을 위해 외평채 발행이 늘어날 수밖에 없는데 이는 결국 정부 부채, 즉 미래세대의 부담으로 귀결된다. 장기적으로 경제·재정 건전성과 세대 간 형평성에 부정적 영향을 줄 위험이 크다.” 개인은 포트폴리오 다각화, 내수기업은 원자재 조기 확보 미래가 암울한데, 그렇다면 개인은 어떻게 자산을 관리해야 하는가. “현재 국제 정세는 마두로 베네수엘라 대통령의 체포·송환 사건부터 미·중 갈등, 중·일 및 양안(兩岸) 긴장, 러시아-우크라이나 종전 협상 변수까지 지정학 리스크가 얽혀 있다. 이런 상황에서는 자산 포트폴리오를 다변화해 리스크를 줄이는 전략이 필수다. 달러 강세에 대비해 달러 표시 자산의 보유가 불가피하다. 미국 국채나 주식 ETF, 미국 주식 직접 투자가 있다. 또한 최근 연구한 결과에 따르면, 포트폴리오에 암호화폐 자산(비트코인, 이더리움 등)을 포함하면 동일한 위험도에서 평균 수익률이 높아진다. 단 암호화폐자산은 변동성이 크기 때문에 주식 같은 다른 위험자산의 비중을 줄이고, 안전자산 비중을 늘리는 식으로 위험을 통제해야 한다. 흥미로운 점은 암호화폐 자산이 주식·채권·부동산·금 등 전통 자산과 상관관계가 매우 낮다는 것이다. 따라서 리스크 분산 수단으로 일정 비중을 편입하는 것도 유효하다.” 이와 더불어 석 교수는 국제정세가 불안한 만큼 금과 은 등 전통적 안전자산의 중요성도 커지고 있는 것을 유념할 필요가 있다고 지적했다. “또 하나 중요한 축은 안전자산이다. 불확실성이 커질수록 금과 달러 같은 안전자산 수요가 높아진다. 금값 상승 시 은값도 연동해 오르는데, 은은 산업 수요까지 겸비한 자산이라 변동성이 낮다. 최근 AI 산업 확산으로 구리 수요도 늘고 있어, 금·은·구리 같은 금속류는 서로 상관관계를 가지며 유망한 실물자산군으로 꼽힌다. 비유하자면 금이 ‘강남 3구’라면, ‘은은 마·용·성’, ‘구리는 서울 외곽’처럼 가격 흐름이 차례로 이어지는 구조다. 결국 지금 같은 중상주의적 경쟁과 ‘실력 행사’의 시대에서는 달러·금·암호화폐자산 등 안전 및 대체 자산의 비중을 높이는 포트폴리오 구성이 필요하다.” 우리 기업들은 어떤 전략을 세워야 하나. 특히 내수기업의 어려움이 클 듯한데. “앞으로 내수기업은 가장 큰 어려움을 겪을 가능성이 높다. 이유는 첫째로, 국내 경기침체가 장기화하며 수입 원자재의 원화 표시 가격이 상승하기 때문이다. 고환율과 물가상승 압력이 겹치면서 생산비는 오르는데, 소비 위축으로 제품 수요는 줄어드는 전형적인 ‘샌드위치 압박’에 직면한 셈이다. 둘째, 지금은 미국을 중심으로 한 ‘중상주의와 실력 행사’ 시대가 도래하면서 세계 공급망이 양분화하고 있다. 미국·유럽이 주도하는 동맹국 중심의 공급망과 중국·러시아 중심의 대립 축이 나뉘는 구조다. 이에 따라 내수기업은 수입 원자재 확보가 불안정해질 가능성이 크다. 내수기업은 △환율 변동에 대비한 환헤지 상품을 적극 활용하고, △비축 가능한 원자재는 조기 확보하며, △수입 공급망 다변화를 병행해야 한다. 특히 국제 정세 불확실성 속에서는 언제든 공급이 차단될 수 있으므로, 선제적 조달 전략이 필수다.” 수출 기업은 다른 전략이 필요할 듯하다. “수출 기업은 단기적으로는 원·달러 환율 상승이 가격경쟁력을 강화해 호재로 작용할 수 있다. 또 중국의 자원 무기화 조치로 인해 일본 기업의 생산 차질이 생기면 한국 기업이 반사이익을 얻을 수도 있다. 하지만 이 역시 일시적 효과에 불과하다. 자원 무기화의 영향이 한국으로 확산될 가능성도 충분히 있다. 따라서 수출 기업도 원자재·광물자원의 수입 공급망 다변화, 생산 거점 분산 전략이 필요하다. 일부 생산시설을 미국이나 멕시코, 캐나다 등 북미 지역으로 옮겨두는 방식이다. 미국이 수시로 자유무역협정(FTA)을 재조정하거나 관세를 무기화하는 만큼, 현지 생산·투자 확대가 불확실성에 대응할 실질적 방법이 된다.” “국가의 역할 어느 때보다 중요한 시기” 인터뷰를 진행하는 내내 우리나라가 처한 상황과 경제 전망이 과거 경험했던 굵직한 경제위기 때와 크게 다르지 않다는 생각을 떨치기 어려웠다. 석 교수는 어느 때보다 정부의 역할이 중요한 시기라고 지적하며 국가 개혁의 중요성을 재차 강조했다. “무엇보다 한국 경제의 기초체력을 끌어올리는 개혁을 흔들림 없이 추진해야 한다. 동시에 미·중 갈등 속에서 중국을 탈출하는 글로벌 자본, 이른바 ‘차이나 플러스 원(China+1)’ 수요를 한국으로 끌어오는 적극적 투자 유치 전략이 필요하다. 이를 위해서는 고학력·고숙련 이민자를 수용하는 이민 정책과, 중국에서 빠져나오는 다국적기업의 국내 투자 유인책을 함께 설계해야 한다. 단순한 법인세 인하만으로는 부족하고, 미국 IRA가 도입한 것처럼 초기 투자 비용을 직접 줄여주는 방식이 핵심이다. 법인세는 공장을 짓고 이익이 발생한 뒤에야 의미가 있으니, 미래에 깎아줄 세금을 현금처럼 먼저 지원하는 ‘다이렉트 페이(직접 환급)’ 방식으로 설비 투자 부담을 낮춰줄 필요가 있다. 또한 노동시장 경직성 완화와 각종 규제 개혁도 병행돼야 한다. 경직적인 임금, 근로시간, 인력 운용 구조를 개선하지 않는 이상 해외 기업은 한국을 매력적인 생산기지로 보지 않을 것이다. △성과 중심 임금체계, △유연한 근로시간제, △산업 간 규제 완화 등을 통해 국내 기업뿐 아니라 해외 기업의 국내 투자를 동시에 끌어들일 수 있는 환경을 만드는 것이 중장기 해법이다.”",n.news.naver.com,https://n.news.naver.com/mnews/article/262/0000019098?sid=101,"Wed, 21 Jan 2026 09:02:00 +0900"
구매력 평가설,국내,통화량이 늘어 환율 상승?…이 단순 논리가 모순인 이유,(경제학적으로는 ‘상대적 구매력 평가설’이라고 한다.) 현실은 어떨까. 아래 그래프를 보면 환율이 올라가기 시작한 2024년 말 이후 미국의 물가 상승률은 한국보다 지속적으로 높게 유지되고 있어 ‘물가’라는...,"이창용 한은 총재, M2 논란 정면반박 “제가 최근에 가장 가슴 아프고 참 이상하게 생각하는 것이 M2 증가율에 관한 이야기입니다.” 지난 15일 올해 첫 한국은행 금융통화위원회 직후 기자간담회에서 이창용 한국은행 총재가 “최근 정부와 한은이 시중에 유동성을 많이 풀어서 환율과 부동산을 끌어올렸다는 비판이 제기되는데 어떻게 생각하십니까”라는 질문을 듣고 한 답변이다. 이창용 한국은행 총재가 지난 15일 오전 서울 중구 한국은행에서 열린 금융통화위원회 금리 결정에 대한 기자간담회를 갖고 있다. 이 총재는 이날 ""M2가 늘어 환율이 올라갔다는 최근의 논란에 대해 가슴 아프게 생각한다""고 말했다. /박성원 기자 금통위는 이날 5연속 기준금리 동결을 결정했고 이창용 총재는 그 배경으로 “높은 환율이 중요한 요인이었던 것은 확실하다”고 했다. 그러나 ‘한은이 유동성을 많이 푼 탓’이라는 일부의 지적에 대해선 “사실이 아니다”라고 단언했다. 이례적으로 총재의 기자간담회가 끝난 후 박종우 한은 부총재보의 별도 설명회를 통해 이런 주장을 반박하기도 했다. 일반인에겐 친숙하지 않은 개념인 M2가 왜 최근 고환율 문제의 핵심 논점이 됐을까. 한국의 M2 수준은 실제로 어느 정도이고 더 고려할 변수는 없을까. 최근 ‘M2 논란’과 관련한 궁금증을 문답으로 풀었다. M2가 뭔가 시중 통화량을 가늠하는 중요한 지표 중 하나다. ‘통화량’이란 소비·투자·금융거래 등 경제활동에 활용되는 화폐, 즉 경제에서 돌아다니고 있는 돈의 총량을 뜻한다. ‘돈’이란 교환의 매개, 가치 저장, 회계 단위의 기능을 수행하는 금융 자산으로 정의되며 특정 금융 자산이 화폐로 빠르고 쉽게 변환될 수 있을수록 ‘유동성이 높다’고 표현된다. 흔히 쓰이는 ‘유동성이 늘었다’라는 문구는 적절치 않은 표현이다. M2는 화폐로 간주될 수 있는 금융 자산 군(群)을 유동성 정도에 따라 층위를 나눈 통화 지표 중 하나다. 통상 유동성이 높은 순서로 M1(협의 통화), M2(광의 통화), Lf(금융기관 유동성), L(광의 유동성) 등 넷으로 분류한다. M1에서 L로 갈수록 포괄하는 자산의 범위가 넓어진다. 구체적으로 어떻게 넓어지나 M1은 흔히 말하는 ‘현금’이라 생각하면 쉽다. 지갑 속에 들어 있는 지폐·동전, 바로 빼서 쓸 수 있기 때문에 사실상 현금과 다름없는 수시 입출식 예금 등이 포함된다. 이보다 약간 범위가 넓은 M2는 M1에 더해 만기 2년 미만의 정기예적금, 시장형 금융 상품(양도성예금증서), 실적 배당형 금융 상품(MMF, CMA, 만기 2년 미만 금전신탁) 등이 들어간다. 간단히 말해 수시 입출식 예금까지는 아니지만 만기가 짧거나 쉽게 해약이 가능한 자금이 M2에 포함된다. M2는 가계와 기업이 쓸 수 있는 돈을 가장 정확히 반영하는 데다 국가 간 비교도 쉬운 편이어서 통화량을 가늠하는 기준으로 가장 흔히 쓰인다. Lf는 M2에 만기 2년 넘는 장기 금융 상품, 생명보험 계약 준비금 등을 더한 것이고, L은 여기에 국채·지방채·회사채 등 바로 현금화하기가 쉽지 않은 증권까지 포함한 지표다. 한국의 M2는 최근 얼마나 늘었나 한은은 매월 통화량 통계를 발표한다. 이에 따르면 환율이 많이 오른 지난해 하반기에 M2 증가율이 함께 올라가긴 했다. 2024년 초엔 전년 동월 대비 증가율이 3% 정도였고 2024년 연중으로 봐도 7%가 넘지 않았는데, 2025년 8월 M2 증가율이 코로나 당시 유동성이 많이 풀린 2022년 이후 처음으로 8%를 넘어선 후 (마지막 통계가 나온) 11월까지 계속 8% 선 위에 머물렀다. 마침 환율이 같은 시기에 고공 행진을 하면서 ‘M2의 과도한 증가가 고환율의 원인’이라는 분석이 유튜브 등에서 나오기 시작했다. 환율과 M2가 무슨 상관인가 환율은 ‘교환 비율’의 준말이다. 한 통화를 다른 통화로 바꿀 때 어떤 비율로 바꾸는지를 나타내며, ‘달러 대비 원화 환율’이란 달러를 원화로 바꿀 때의 교환 비율을 의미한다. 20일 환율은 달러당 1478.1원으로 주간 거래를 마쳤는데 이는 시장에서 1달러를 가져가면 1478.1원으로 교환할 수 있는 ‘교환 비율’이 형성돼 있다는 뜻이다. 달리 말하면 1달러의 가격이 1478.1원이라는 소리이기도 하다. 물물교환이나 돈을 내고 물건을 살 때 형성되는 ‘가격’과 마찬가지로 통화의 가격을 뜻하는 환율도 특정 통화의 수요 및 공급에 따라 오르내린다. 원화의 공급이 늘어나면 원화의 가격이 하락(달러 대비 원화 환율은 상승)하고, 반대로 공급이 줄면 가격이 상승(환율 하락)하는 유인이 된다. 시중의 통화량을 뜻하는 대표 지표인 M2가 늘어났다는 사실은 ‘원화 공급 확대’를 뜻하기 때문에 환율을 끌어올리는 동력 중 하나로 작용할 수는 있다. 그렇다면 M2 증가가 환율을 끌어올렸다는 말이 맞지 않나 그렇게 단순하게 말하기는 어렵다. 통화량 증가 자체만으로 환율이 올라가지는 않는다. 통화량은 경제가 성장할 때 늘어나는 것이 당연하기 때문이다. 통화량이 늘면 환율이 상승한다는 단순 논리는 한 나라 경제가 잘 성장하면 그 나라 화폐 가치가 하락(환율 상승)한다는 논리처럼 앞뒤가 맞지 않는다. 다만 통화량 증가가 환율 상승을 유발하는 경우가 있기는 하다. 이런 경우엔 중요한 전제 조건, 빼놓을 수 없는 연결 고리가 있다. 바로 ‘물가’다. 통화량이 늘어 환율이 올라갔다는 인과관계가 성립하려면 반드시 통화량 증가로 물가가 올라야 한다는 전제 조건이 성립돼야 한다. 다시 말해 ‘통화량 증가로 환율이 올랐다’라는 논리가 말이 되려면 한국 물가가 다른 나라보다 높아지면서 소비자들이 해외에서 물건을 더 사려고 하고, 이로 인해 달러 수요가 늘면서 달러 대비 원화 환율이 상승한다는 명확한 ‘3단계’ 인과관계가 보여야 한다. (경제학적으로는 ‘상대적 구매력 평가설’이라고 한다.) 현실은 어떨까. 아래 그래프를 보면 환율이 올라가기 시작한 2024년 말 이후 미국의 물가 상승률은 한국보다 지속적으로 높게 유지되고 있어 ‘물가’라는 연결 고리가 지금으로선 없는 상태다. 한은이 ‘통화량 증가로 인한 환율 상승’이 틀린 주장이라고 반복해서 자료를 내고 설명회를 하는 이유다. 한국과 미국의 소비자물가 상승률(전년 동월 대비 %). 미국의 물가 상승률이 한국보다 줄곧 높은 수준에 머물고 있다. /한국은행 아울러 환율은 원화의 수요·공급 외에도 달러의 주요 통화 대비 가치, 두 국가 간 금리의 차이, 경기 전망 및 성장률 격차 등 다양한 변수에 따라 오르내리기 때문에 원화 통화량만으로 환율을 예측할 수는 없다. 그렇더라도 M2가 8% 넘게 늘었으면 과한 것 아닌가 또 하나 고려해야 할 사안이 있다. 한국의 ‘M2 증가율’ 지표엔 착시를 일으킬 수 있는 중대한 변수가 있었다. 지금까지 한은이 M2에 포함했던 ‘수익증권’, 그중에서도 한국 투자자가 최근 들어 많이 산 ETF(상장지수펀드)가 실제의 유동성 흐름을 왜곡할 수 있다는 점이다. 명확한 지침이 없던 과거와는 달리, 개편된 국제 표준(IMF 매뉴얼)은 ETF를 M2에서 제외하도록 하고 있다. 주요국 중 ETF를 M2에 넣는 나라는 없다고 알려졌다. 한은은 최근 발표한 블로그 글 ‘유동성 상황에 대한 이해’에서 “M2 범위 밖에 있던 자금들이 M2 상품인 ETF 등 수익증권으로 대폭 유입되면서 M2 증가의 주요 요인이 되고 있다. 지난해 5월 이후 주가가 상승하는 상황에서 개인들이 어떠한 통화지표에도 포함되지 않는 한국 주식을 큰 폭으로 순매도했는데, 그중 일부가 ETF로 유입되면서 M2 증가세를 가속화하는 요인이 된 것으로 추정된다”고 설명했다. 투자자 입장에선 주식 개별 종목을 사거나 ETF를 매수하거나 큰 차이가 없는데, 통계 편제상 M2에 주식은 안 들어가고 ETF는 들어가 있어 주식을 팔고 ETF를 사면 시중 자금이 크게 늘어난 것 같은 착시가 일어날 수 있다는 의미다. 실제로 ETF 등 수익증권이 지난해 9월 M2 증가율(8.5%)에서 차지하는 비율은 32.1%에 달했다. 이런 문제를 수년 전부터 IMF(국제통화기금)가 제기해 왔고, 한은은 이 권고에 따라 개편 작업을 거쳐 이달부터 ETF를 뺀 M2 지표를 발표하고 있다. ETF를 포함한 예전 기준 M2와 ETF를 뺀 새 M2 증가율. 새 기준으로 하면 최근 들어 M2 증가율이 오히려 다소 낮아졌다. 새로운 지표에 따르면 지난해 1~11월 M2 증가율은 평균 4.4% 정도로 2024년 3.3%보다 1.1%포인트 높은 수준이다. 증가율이 약간 올라가긴 했지만 ETF를 포함할 경우 증가율 차이인 1.7%포인트(2024년 5.6%, 2025년 11월까지 7.3%)보다는 격차가 줄어든다. 아울러 8%대를 넘어갔던 8월 이후 증가율은 5%대로 하락한다. 새로운 M2를 기준으로 좀 더 긴 기간을 볼 경우 환율이 추세적으로 상승한 2023년 이후의 M2 증가율은 오히려 그전보다 하락했다. ETF를 제외한 M2 증가율과 달러 대비 원화 환율. 환율이 추세적으로 올라간 2023년 이후 M2 증가율은 오히려 낮은 수준을 기록한 것을 볼 수 있다. /한국은행 다른 나라와 비교하면 어떤가 최근엔 한국의 국내총생산(GDP) 대비 M2가 주요 선진국보다 많다는 점이 거론되며 ‘2차 M2 논란’이 일었다. 국회의원실발로 지난해 3분기 기준 한국의 GDP 대비 M2 비율이 153.8%이며 이는 미국 71.4%의 두 배가 넘고 유로 지역(108.5%)과 비교해도 높다는 보도가 나온 뒤였다. 이는 ETF를 제외한 수치를 기준으로 했다. 이창용 한은 총재는 지난 15일 이에 대해 “국가별 차이를 고려하지 않고 GDP 대비 M2 비율이 높기 때문에 유동성이 크다고 하는 이론을 알지 못한다. 어떻게 그런 설명을 할 수 있는지 모르겠다”고 강하게 반박했다. 그리고 이렇게 덧붙였다. “저는 M2 나누기 GDP의 비율을 결정하는 것은 그 나라의 금융 구조, 즉 은행 중심이냐 자본시장 중심이냐 같은 여러 가지 구조에 의해서 결정되기 때문에 그것 자체를 놓고 유동성이 많다고 얘기하는 것은 들어보지도 못한 이론이라 어떻게 답을 해야 할지 모르겠습니다. 제가 이걸 계속 얘기하면 감정이 너무 올라와서 대답을 잘 못 할 것 같습니다.” 간담회가 끝난 후 박종우 한은 부총재보는 별도의 ‘특별’ 설명회를 통해 GDP 대비 M2가 높아 환율이 상승했다는 지적을 반박했다. 박 부총재보는 한국의 GDP 대비 M2가 2022년부터 빠르게 하락해 왔고 그 후 소폭 올라가긴 했지만 사실상 비슷한 수준을 유지해 왔다고 설명했다. 아울러 미국처럼 자본시장이 발달하면 금융 상품 중 주식이나 헤지펀드 등 M2로 잡히지 않는 항목이 많아 M2 비율이 비교적 낮게 집계되고, 한국처럼 은행 산업의 비중이 크면 예금 등의 규모가 크기 때문에 M2가 비교적 높게 잡힌다. 실제로 한국은 전체 금융 산업에서 은행이 차지하는 비중이 약 45%로 미국 23%보다 훨씬 크다. 은행 위주인 한국 금융 산업의 특징이 M2 비율에도 그대로 반영됐다는 의미다. 한국과 비슷하게 은행 산업의 규모가 큰 대만과 일본의 GDP 대비 M2 비율은 한국보다 높은 243%, 193% 수준이다.",n.news.naver.com,https://n.news.naver.com/mnews/article/023/0003954267?sid=101,"Wed, 21 Jan 2026 09:01:00 +0900"
생산 가능 곡선,국내,"수자원공사, AI 정수장 운영기술 첫 수출…베트남 호찌민에 깃발",수돗물 생산의 안정성과 비용 절감을 동시에 겨냥한다. 수자원공사는 국내 광역정수장 43개소에 AI 정수장... 한편 수자원공사는 2024년 화성 AI 정수장으로 세계경제포럼(WEF) 글로벌 등대상을 수상했고 같은 해...,"기업과 경제 옥한빈 기자 입력 2026-04-12 10:08 수정 2026-04-12 10:08 경기도 화성 수자원공사서 AI 기술 수출 계약 [아시아타임즈=옥한빈 기자] K-물기술이 정수장 설비에 더해 '운영기술'까지 해외에서 경쟁력을 확보하고 있다. 한국수자원공사(K-water)가 베트남 호찌민의 핵심 정수장에 인공지능(AI) 운영기술을 수출하기로 하면서 국내에서 실증한 디지털 물관리 모델이 첫 해외 상용화 단계에 들어갔다. 12일 에너지업계에 따르면 수자원공사는 지난 8일 경기 화성권지사에서 베트남 호찌민시 수도공사와 켄동 정수장에 AI 정수장 운영기술 수출 계약을 체결했다. 켄동 정수장은 호찌민시 수도공사(SAWACO) 자회사인 켄동(Kenh Dong) JSC가 운영하는 핵심 급수시설로 하루 20만㎥ 규모 정수 능력을 갖췄다. 이는 약 38만가구에 먹는 물을 공급할 수 있는 수준이다. 사업 규모는 약 11억원이며 약품주입 공정 자율운영화와 에너지관리시스템(EMS), 설비관리시스템(PMS), 지능형 영상 기반 운영체계 구축이 단계적으로 추진된다. 이번 계약은 수자원공사가 세계 최초로 화성정수장에 적용해 운영해 온 AI 정수장 기술이 해외 현장에 상용화되는 첫 사례다. 이 기술은 정수장 운영 데이터를 실시간으로 분석해 약품 주입량과 에너지 사용, 설비 상태를 최적화하는 방식으로 수돗물 생산의 안정성과 비용 절감을 동시에 겨냥한다. 수자원공사는 국내 광역정수장 43개소에 AI 정수장 기술을 확산하는 과정에서 연간 110억원 규모의 운영비 절감 효과를 거뒀다고 설명했다. 베트남 측이 이 기술에 관심을 보인 배경에는 현지 물 수요와 운영 부담이 있다. 베트남은 연평균 강우량과 하천 유량이 많아 수자원이 풍부한 국가로 인식되지만 실제 사용가능한 물의 양은 부족한 상황이다. 베트남 천연자원환경부에 따르면 베트남의 총 잠재 지하수 자원은 연간 약 910억㎥ 중 이용가능한 담수 매장량은 연간 약 220억㎥에 불과하다. 이에 더해 베트남은 최근 기후변화로 인한 가뭄과 염수침투 등의 문제도 안고 있어 재작년 베트남 정부는 가뭄과 염류화로 인한 담수 부족으로 인한 비상사태를 선포하기까지 했다. 베트남 천연자원환경부는 오는 2030년까지 베트남의 물 수요량이 가정·공업용 소비를 합쳐 연간 약 1224억7000만㎥에 달할 것으로 전망하고 있다. advertisement advertisement 수자원공사는 지난해 9월부터 베트남 측과 기술 도입을 협의해 왔고 이번 계약으로 정수처리 공정 최적화 사업을 본격화하게 됐다. 또 이번 사업을 계기로 AI 물관리 기술과 함께 국내 민간 물기업의 해외 진출도 확대한다는 방침이다. 한편 수자원공사는 2024년 화성 AI 정수장으로 세계경제포럼(WEF) 글로벌 등대상을 수상했고 같은 해 11월에는 AI 정수장 국제표준 개발 제안이 ISO/TC224 회의에서 승인됐다고 밝힌 바 있다. advertisement - 띄어 쓰기를 포함하여 250자 이내로 써주세요. - 건전한 토론문화를 위해, 타인에게 불쾌감을 주는 욕설/비방/허위/명예훼손/도배 등의 댓글은 표시가 제한됩니다. 중요기사 고용시장 주역 '30대 여성·고령층'…'청년층' 고용률 하락세 ""공기압 체크하고 트렁크 비우고""…고유가 시대 '주유테크' 뜬다 [재계 포커스]⑤ 국내 지분 '0%', 싱가포르 '100%'…이규호, 수상한 해외 금고 재·보궐 최소 10곳 이상 관측…'미니 총선급' 부상 국민의힘 ""재건축·재개발 규제, 집값 올린다"" [재계 포커스]③ ‘인보사’ 올라탄 이규호…구원투수인가, 성과 가로채기 논란 advertisement 고용시장 주역 '30대 여성·고령층'…'청년층' 고용률 하락세 ""공기압 체크하고 트렁크 비우고""…고유가 시대 '주유테크' 뜬다 [재계 포커스]⑤ 국내 지분 '0%', 싱가포르 '100%'…이규호, 수상한 해외 금고 전문가의 목소리 기고 기고 김용훈 칼럼 김남균 칼럼 고충처리인 : 주영민 / TEL : 02-801-1800 / email : asiatimes@asiatime.co.kr Copyright ⓒ 2022 아시아타임즈 All rights reserved.",asiatime.co.kr,https://www.asiatime.co.kr/article/20260412500038,"Sun, 12 Apr 2026 10:10:00 +0900"
생산 가능 곡선,국내,"부안군 '천년의 솜씨', 대한민국 명품 브랜드 대상 2년 연속 수상",한국경제신문이 주최하고 산업통상자원부와 농림축산식품부 등이 후원한다. '천년의 솜씨'는 부안 지역의 비옥한 토양과 해풍을 바탕으로 생산된 고품질 농산물과 체계적인 품질 관리 시스템을 통해 높은 소비자...,"전북 부안군 농특산물 공동브랜드 ‘천년의 솜씨’가 대한민국 명품 브랜드 대상에서 2년 연속 수상의 영예를 안았다. 지역 농산물의 품질 경쟁력과 브랜드 가치가 다시 한번 인정받았다는 평가다. 부안군은 지난 8일 서울 동대문 노보텔 그랜드 볼룸에서 열린 ‘2026 대한민국 명품 브랜드 대상’ 시상식에서 ‘천년의 솜씨’가 농특산물 공동브랜드 부문 대상을 수상했다고 12일 밝혔다. 올해로 22회를 맞은 대한민국 명품 브랜드 대상은 소비 가치와 국가 경쟁력 제고에 기여한 브랜드를 선정해 수여하는 상으로, 한국경제신문이 주최하고 산업통상자원부와 농림축산식품부 등이 후원한다. ‘천년의 솜씨’는 부안 지역의 비옥한 토양과 해풍을 바탕으로 생산된 고품질 농산물과 체계적인 품질 관리 시스템을 통해 높은 소비자 만족도를 이끌어낸 점이 높은 평가를 받았다. 이를 통해 지역 경제 활성화에 기여한 점도 주요 수상 배경으로 꼽힌다. 특히 쌀을 중심으로 한 부안 농특산물은 청정 자연 환경에서 생산되는 점이 강점으로, 계화 간척지에서 재배된 쌀은 풍부한 미네랄과 우수한 풍미로 소비자들의 호평을 받고 있다. 정화영 부안군수 권한대행은 “대한민국 명품 브랜드 농특산물 공동브랜드 부문 2년 연속 수상은 부안 농특산물의 우수성을 전국에 다시 한번 각인시킨 소중한 성과”라며 “앞으로도 부안을 대표하는 천년의 솜씨 브랜드가 대한민국을 넘어 전 세계인의 식탁에 오르는 글로벌 명품 브랜드로 성장할 수 있도록 지원과 마케팅을 지속적으로 추진하겠다”고 말했다. [신아일보] 부안/김선용 기자 ksy2691@hanmail.net",shinailbo.co.kr,https://www.shinailbo.co.kr/news/articleView.html?idxno=5010216,"Sun, 12 Apr 2026 09:50:00 +0900"
기축 통화,국제,공짜' 바다시대 끝났다…이란발 '해상 톨게이트'에 발칵,"특히 이란이 통행료 결제 수단으로 위안화와 암호화폐를 채택하면서, 해상 무역의 기축 통화였던 달러 패권마저 도전받는 형국이다. 이는 해상 무역 결제 시스템에서 달러 중심 체제에 균열을 가져올 수 있는 변화로...","미국 주도 해상 패권 균열 호르무즈 해협 ‘통행료 체계’ 도입 파장 700여 척 억류·물류 마비 위안화 결제 등 ‘탈달러’ 가속화 우려 미국이 제2차 세계대전 이후 압도적인 해군력을 바탕으로 수호해온 해상 질서가 이란 전쟁을 계기로 근간부터 흔들리고 있다. 이란이 세계 최대의 에너지 길목인 호르무즈 해협에서 통행료 체계를 공식화하면서, 글로벌 무역의 핵심 전제였던 공해(公海)의 공공재적 성격이 무너지고 있다는 분석이 나온다. 자유항행의 몰락 그동안 글로벌 해상 물류의 핵심 기반은 자유항행(Freedom of Navigation)이었다. 국제법상 모든 국가의 선박이 타국의 영해를 제외한 공해나 주요 국제 해협을 별도의 간섭이나 비용 지불 없이 자유롭게 항해할 수 있는 권리를 뜻한다. 미국은 이 원칙을 지키기 위해 ‘항행의 자유’ 작전(FONOP, Freedom of Navigation Operations)을 전개해 왔다. 이는 특정 국가가 국제법을 어기고 바닷길을 독점하거나 영유권을 주장할 때, 미 군함을 해당 해역에 진입시켜 ‘이 바다는 누구나 이용할 수 있는 공해’임을 물리적으로 증명하는 군사 활동이다. 해상 경찰로서의 美 권위 도전 그러나 최근 이란은 이러한 미국의 항행의 자유 작전을 정면으로 거부하고 나섰다. 이란 해군은 허가 없이 해협을 통과하려는 선박에 대한 공격 가능성을 언급하며 물리적 통제를 강화했다. 현재 약 700여 척의 선박이 인근 해상에 억류됐다. 이는 미 해군이 더 이상 단독으로 전 세계 해상로의 치안을 완벽히 보장하기 어려운 패권의 균열을 상징적으로 보여준다는 평가다. 이른바 테헤란 톨게이트의 등장은 전 세계 경제에 보이지 않는 세금을 부과하고 있다. 우선 통행료 징수와 선박 검문으로 인해 공급망 마비와 배송 지연이 상시화되고 있다. 또한 유조선에 부과되는 통행료와 급증한 전쟁 보험료는 고스란히 글로벌 소비자의 에너지 가격 상승으로 전가되는 상황이다. 특히 이란이 통행료 결제 수단으로 위안화와 암호화폐를 채택하면서, 해상 무역의 기축 통화였던 달러 패권마저 도전받는 형국이다. 이는 해상 무역 결제 시스템에서 달러 중심 체제에 균열을 가져올 수 있는 변화로 평가된다. 국제 정치 전문가들은 이번 사태가 호르무즈 해협에 국한되지 않을 것이라는 점에 주목하고 있다. 이란의 시도가 안착할 경우, 남중국해 등 주요 분쟁 지역에서 특정 국가가 해상 주권의 무기화를 시도하며 통행료를 징수하는 유료 해상 시대가 도미노처럼 확산할 수 있다는 우려다. 해운업계 관계자들은 “우리는 더 이상 과거의 안전하고 저렴했던 자유항행 시대로 돌아갈 수 없을지도 모른다”고 입을 모은다. 뉴욕=박신영 특파원 nyusos@hankyung.com",n.news.naver.com,https://n.news.naver.com/mnews/article/015/0005273733?sid=104,"Sun, 12 Apr 2026 07:33:00 +0900"
기축 통화,국제,"유명 투자 분석가 ""XRP, 5년 안에 1,000달러 돌파""",글로벌 금융 패러다임이 디지털 자산 중심으로 재편되는 흐름 속에서 XRP가 기축 통화의 역할을 수행하게 될 가능성이 커지고 있다. 투자자들은 5년이라는 짧은 기간 안에 펼쳐질 수 있는 거대한 부의 이동에...,"시작페이지로 l 즐겨찾기 l RSS l 편집 2026.04.12 [13:30] 전체기사 l 로그인 l 회원가입 l KOR 전체기사 Breaking news Headline News Today Crypto & Blockchain Money & Stock English Special ▲ 엑스알피(XRP)/AI 생성 이미지 엑스알피(XRP)가 전 세계 금융 결제 시스템의 표준으로 자리 잡았다. 이에, 5년 안에 1,000달러에 도달할 것이라는 파격적인 분석이 나왔다. 4월 10일(현지시간) 암호화폐 전문 매체 더크립토베이직에 따르면, 투자 분석가 곽 브라더스(Kwok Brothers)는 최근 발표한 보고서에서 XRP의 미래를 매우 낙관적으로 전망했다. 투자 분석가 윌리엄 곽(William Kwok)과 재키 곽(Jackey Kwok)은 XRP가 보유한 실질적인 유틸리티를 강조했다. 유틸리티가 가격 폭등을 견인할 가장 강력한 엔진이라는 설명이다. 이들은 현재 시장에서 형성된 낮은 가격이 투자자들에게는 일생일대의 기회가 될 수 있다고 덧붙였다. 곽은 XRP가 향후 5년 이내에 1,000달러 고지에 올라설 수 있다고 구체적인 시나리오를 제시했다. XRP가 국제은행간통신협정(SWIFT, 스위프트)이 점유한 국경 간 결제 시장을 본격적으로 대체하기 시작할 때 이러한 가치 상승이 가능하다는 분석이다. 전 세계에서 매일 발생하는 수조 달러 규모의 자금 이동을 처리하기 위해서는 XRP의 가격이 현재보다 훨씬 높아야 한다는 논리다. 곽은 비트코인(Bitcoin, BTC)과 아마존(Amazon)의 초기 성장 과정을 예로 들어 설명했다. 초기에는 많은 비판을 받았으나 결국 시장의 판도를 바꾼 자산들처럼 XRP도 같은 궤적을 그리고 있다는 시각이다. XRP 레저(XRP Ledger)가 제공하는 압도적인 정산 속도와 저렴한 수수료는 기존 금융 시스템의 한계를 극복할 대안으로 평가받는다. 곽은 기관들이 기술의 가치를 깨닫는 순간 자금 유입은 걷잡을 수 없이 커질 것이라고 보았다. 시장 일각에서 제기되는 회의론에 대해서도 곽은 명확한 입장을 내놓았다. 역사적으로 모든 혁신적인 자산은 주류 사회의 저항과 의구심 속에서 탄생했다는 점을 상기시켰다. XRP의 공급량이 1,000억XRP로 고정되어 있다는 점도 희소성을 높여 가격 상승을 유도하는 핵심 요인이다. 공급은 한정적인데 수요가 전 세계 금융권으로 확대되면 가격은 수직 상승할 수밖에 없다는 분석이다. XRP 레저 생태계는 현재 다양한 금융 기관들과의 협력을 통해 실질적인 사용 사례를 꾸준히 축적하고 있다. 곽의 전망은 이러한 생태계의 질적 성장을 바탕으로 도출된 결과물이다. 글로벌 금융 패러다임이 디지털 자산 중심으로 재편되는 흐름 속에서 XRP가 기축 통화의 역할을 수행하게 될 가능성이 커지고 있다. 투자자들은 5년이라는 짧은 기간 안에 펼쳐질 수 있는 거대한 부의 이동에 대비하며 시장의 변화를 예의주시하고 있다. *면책 조항: 이 기사는 투자 참고용으로 이를 근거로 한 투자 손실에 대해 책임을 지지 않습니다. 해당 내용은 정보 제공의 목적으로만 해석되어야 합니다.*",coinreaders.com,http://coinreaders.com/230154,"Sat, 11 Apr 2026 15:02:00 +0900"
엔젤 투자,국제,"디파이 옵션 시장 회복 속 인핸스드 랩스, 100만 달러 전략적 투자 유치","이번 라운드는 맥시멈 프리퀀시 벤처스가 주도했으며 GSR, 셀리니, 플로우데스크, 다수 엔젤 투자자가 참여했다. 회사는 단순 자금 조달이 아닌 ‘전략적 투자’에 초점을 맞췄다고 강조했다. 참여 투자자들이 트레이딩...","링크가 복사되었습니다. 공유 페이스북 엑스 링크드인 텔레그램 글자크기 가 작게 가 보통 가 크게 가 매우크게 블록체인 암호화폐 디파이 옵션 시장 회복 속 인핸스드 랩스, 100만 달러 전략적 투자 유치 서도윤 기자 2026.04.10 (금) 20:29 4 5 디파이 옵션 시장이 다시 살아나는 가운데 인핸스드 랩스가 맥시멈 프리퀀시 벤처스 주도로 100만 달러 프리시드 투자를 유치했다. 회사는 옵션 기반 수익과 구조화 상품을 결합해 멀티체인 플랫폼으로 확장하겠다는 계획이다. 디파이 옵션 시장 회복 속 인핸스드 랩스, 100만 달러 전략적 투자 유치 / TokenPost.ai 디파이(DeFi) 옵션 시장이 다시 살아나는 가운데, 구조화 상품에 집중하는 인핸스드 랩스가 전략적 투자 유치에 성공했다. 온체인 ‘옵션 기반 수익’ 시장 확대 흐름과 맞물린 움직임이다. 말레이시아 쿠알라룸푸르에서 4월 9일(현지시간) 발표된 자료에 따르면, 인핸스드 랩스(Enhanced Labs Inc)는 100만 달러(약 14억8410만 원) 규모의 프리시드 투자를 유치했다. 이번 라운드는 맥시멈 프리퀀시 벤처스가 주도했으며 GSR, 셀리니, 플로우데스크, 다수 엔젤 투자자가 참여했다. 회사는 단순 자금 조달이 아닌 ‘전략적 투자’에 초점을 맞췄다고 강조했다. 참여 투자자들이 트레이딩 인프라, 마켓메이킹, 기관 유통 등 분야별 전문성을 갖춘 점이 특징이다. 옵션·디파이 결합…3대 전략 축 제시 인핸스드는 향후 플랫폼 설계를 세 가지 핵심 축으로 추진한다. 첫 번째는 ‘가격 경쟁력’이다. 경매 메커니즘 개선과 자본 효율성 강화를 통해 더 높은 수익률을 제공하는 구조를 구축한다는 계획이다. 두 번째는 ‘자산 확장’이다. 기존 비트코인(BTC), 이더리움(ETH) 중심 옵션 전략에서 벗어나, 다양한 온체인 자산과 토큰화 실물자산(RWA)까지 옵션 기반 수익 모델을 확대한다. 세 번째는 ‘사용자 경험’이다. 복잡한 파생상품 구조를 단순화해 이용자가 직접 상품 구조를 이해하지 않아도 ‘수익’, ‘헤지’, ‘구조화 노출’ 같은 목표만 설정하면 전략이 자동 구성되도록 설계한다. 디파이 옵션 시장, 2024년 이후 최대 흐름 이번 투자 유치는 디파이 옵션 시장이 다시 주목받는 시점과 맞물린다. 2024년 이후 주춤했던 옵션 기반 수익 전략이 최근 변동성 확대와 함께 다시 성장세를 보이고 있다. 특히 옵션을 활용한 ‘변동성 수익(Volatility Yield)’에 대한 관심이 기관과 개인 투자자 모두에서 증가하는 흐름이 포착된다. 온체인 수익과 파생상품 전략이 결합된 구조가 새로운 투자 내러티브로 떠오르는 상황이다. 인핸스드는 이러한 흐름 속에서 ‘온체인 수익’과 ‘옵션 전략’이 만나는 지점에 포지셔닝하고 있다. 멀티체인 구조화 상품 플랫폼 구축 회사는 이번에 확보한 자금을 제품 개발과 운영 인프라 구축에 투입할 계획이다. 장기적으로는 다양한 자산을 지원하는 멀티체인 기반 구조화 수익 플랫폼으로 확장한다는 구상이다. 인핸스드는 “복잡한 옵션 전략을 직관적인 상품으로 재구성하는 것이 핵심 경쟁력”이라며 “디파이 사용자의 진입 장벽을 낮추는 데 집중할 것”이라고 밝혔다. 옵션 시장의 회복과 함께 구조화 디파이 상품이 새로운 성장 축으로 자리 잡을 수 있을지 주목된다. 기사요약 by TokenPost.ai ?? 시장 해석 디파이 옵션 시장이 변동성 확대와 함께 다시 성장 국면에 진입하며 ‘온체인 수익+파생상품’ 결합 모델이 새로운 투자 트렌드로 부상하고 있다. 기관과 개인 모두 ‘변동성 수익(Volatility Yield)’에 주목하면서 옵션 기반 디파이 인프라에 대한 관심이 확대되는 흐름이다. ?? 전략 포인트 인핸스드 랩스는 가격 경쟁력(수익률 개선), 자산 확장(RWA 포함), 사용자 경험 단순화라는 3대 전략으로 시장 공략에 나선다. 특히 복잡한 옵션 전략을 자동화해 ‘목표 기반 투자’로 전환하는 접근이 핵심 차별화 요소다. 전략적 투자자(마켓메이커·트레이딩 인프라 보유)의 참여는 실제 유동성과 실행력 확보 측면에서 의미가 크다. ?? 용어정리 옵션: 특정 자산을 미래 일정 시점에 정해진 가격으로 사고팔 수 있는 권리 변동성 수익: 가격 방향이 아닌 변동성 자체에서 수익을 얻는 전략 구조화 상품: 여러 금융 전략을 결합해 특정 수익 구조를 설계한 상품 RWA(실물자산 토큰화): 부동산·채권 등 현실 자산을 블록체인에서 거래 가능하도록 만든 자산 ?? 자주 묻는 질문 (FAQ) Q. Enhanced Labs는 무엇을 만드는 회사인가요? Enhanced Labs는 옵션과 같은 복잡한 파생상품 전략을 누구나 쉽게 사용할 수 있도록 구조화된 디파이 상품으로 바꾸는 플랫폼을 개발하는 회사입니다. 사용자는 복잡한 설정 없이 ‘수익’이나 ‘헤지’ 같은 목표만 선택하면 자동으로 전략이 구성되는 방식입니다. Q. 왜 지금 디파이 옵션 시장이 다시 주목받고 있나요? 최근 시장 변동성이 커지면서 단순 보유보다 ‘변동성을 활용한 수익 전략’에 대한 관심이 증가했기 때문입니다. 옵션은 이런 환경에서 수익을 낼 수 있는 대표적인 도구로, 기관과 개인 투자자 모두 참여가 늘고 있습니다. Q. 일반 투자자에게 어떤 변화가 생기나요? 기존에는 전문가 영역이었던 옵션 전략을 보다 쉽게 접근할 수 있게 됩니다. 다만 구조가 단순해져도 본질적인 위험은 그대로 존재하므로, 수익 가능성과 함께 손실 가능성도 반드시 고려해야 합니다. TP AI 유의사항 TokenPost.ai 기반 언어 모델을 사용하여 기사를 요약했습니다. 본문의 주요 내용이 제외되거나 사실과 다를 수 있습니다. [토큰분석] 비트코인 1% 편입, 수익보다 리스크 먼저 따져라 ? 찰스 슈왑 경고 알파리포트 전문 보기 → 본 기사는 시장 데이터 및 차트 분석을 바탕으로 작성되었으며, 특정 종목에 대한 투자 권유가 아닙니다. 광고문의 기사제보 보도자료 #디파이 #옵션시장 #인핸스드랩스 #프리시드투자 #구조화상품 #온체인수익 #RWA #멀티체인 텔레그램에서 토큰포스트 속보 보기 구글뉴스에서 토큰포스트 팔로우하기",tokenpost.kr,https://www.tokenpost.kr/news/blockchain/348095,"Fri, 10 Apr 2026 20:30:00 +0900"
엔젤 투자,국내,"""매출 아닌 지식재산 독점력으로 기업가치 판단을""",대한변리사회와 한국엔젤투자협회가 지식재산(IP)을 중심으로 한 투자 평가 체계 도입을 공식 제안했다. 기술 기반 기업의 가치 판단 기준을 재무지표에서 기술 독점력으로 전환할 필요가 있다는 주장도 제기됐다....,"새로운 프리미엄 라이프 파크로쉬 서울원 대한변리사회와 한국엔젤투자협회가 지식재산(IP)을 중심으로 한 투자 평가 체계 도입을 공식 제안했다. 기술 기반 기업의 가치 판단 기준을 재무지표에서 기술 독점력으로 전환할 필요가 있다는 주장도 제기됐다. 대한변리사회(회장 전종학)와 한국엔젤투자협회(회장 이종훈)는 4월 8일 서울 여의도동 한국교직원공제회관에서 정갑윤 한국교직원공제회 이사장, 고재택 공제회 기금운용이사와 간담회를 열고 ‘지식재산 기반 투자 체계 구축’을 위한 협력 방안을 논의했다고 10일 밝혔다. 이번 만남은 양 기관이 앞서 체결한 업무협약 이후 후속 실행 차원에서 마련됐다. 각 기관 관계자들은 특히 초기 기업 투자 과정에서 재무제표 중심 평가 방식이 지닌 한계를 지적하며, 이를 보완할 수단으로 변리사 주도의 ‘지식재산 실사 표준 모델’ 도입 필요성을 강조했다. 해당 모델은 기업이 보유한 특허와 기술이 시장에서 어느 정도의 독점력을 가지는지, 해외 경쟁 환경에서도 방어 가능한지 등을 정밀하게 분석하는 데 초점을 맞춘다. 독점력은 시장에서 특정 기업이 제품 가격이나 생산량을 경쟁자 없이 단독으로 조절할 수 있는 능력을 말한다. 이날 교직원공제회 출자사업 운용사 선정 과정에서도 IP 실사 역량을 평가 요소로 반영해 투자 판단의 신뢰도와 정밀도를 높이는 방안도 제안됐다. 고재택 이사는 “투자 과정 전반에 걸쳐 변리사가 기술과 지식재산 가치를 직접 평가하는 구조가 마련된다면 투자 신뢰도를 높이는 데 도움될 것”이라고 말했다. 전종학 대한변리사회장은 “엔젤 투자 단계부터 기관투자까지 핵심은 IP에 대한 객관적이고 신뢰 가능한 검증”이라며 “변리사가 검증한 강력한 지식재산 포트폴리오는 초기 기업의 가장 확실한 자산이자 국가 기술주권을 지키는 핵심 기반”이라고 밝혔다. 이종훈 회장도 “이제는 단순한 매출 규모보다 기술의 본질적 가치와 성장 가능성을 중심으로 투자하는 문화가 정착돼야 한다”고 강조했다. 대한변리사회는 “앞으로 민간 투자기관과 공공 출자기관을 연결하는 협력 체계를 확대해 기술 혁신과 지식재산, 투자, 성장이 유기적으로 이어지는 생태계를 구축하겠다”고 밝혔다. 1950년 창간 법조 유일의 정론지",lawtimes.co.kr,https://www.lawtimes.co.kr/news/articleView.html?idxno=219216,"Fri, 10 Apr 2026 16:12:00 +0900"
